game_date,game_pk,player_name,batter,plate_appearances,hits,starting_pitcher_id,starting_pitcher_hand,starting_pitcher_rest_days,batter_rest_days,hits_vs_L,hits_vs_R,pas_vs_L,pas_vs_R,opp_hit_rate_last_5,opp_k_rate_last_5,hits_last_7,pa_last_7,hit_rate_last_7,hits_vs_L_last_15,hits_vs_R_last_15,pas_vs_L_last_15,pas_vs_R_last_15,hit_rate_vs_L_last_15,hit_rate_vs_R_last_15
2026-03-26,823649,"Lowe, Brandon",664040,4,2,642547,R,,,0,2,0,4,,,,,,,,,,,
2026-03-28,823651,"Lowe, Brandon",664040,5,1,656849,L,2.0,2.0,0,1,4,1,,,,,,,,,,,
2026-03-29,823647,"Lowe, Brandon",664040,5,2,690997,R,1.0,1.0,0,2,1,4,,,,,,,,,,,
2026-03-30,824539,"Lowe, Brandon",664040,4,1,695505,R,2.0,1.0,0,1,0,4,,,,,,,,,,,
2026-03-31,824537,"Lowe, Brandon",664040,4,0,682227,L,3.0,1.0,0,0,4,0,,,,,,,,,,,
2026-04-03,823406,"Lowe, Brandon",664040,4,1,680694,R,6.0,3.0,0,1,1,3,,,,,,,,,,,
2026-04-04,823404,"Lowe, Brandon",664040,5,0,669358,R,6.0,1.0,0,0,1,4,,,,,,,,,,,
2026-04-05,823405,"Lowe, Brandon",664040,5,1,700249,L,6.0,1.0,1,0,3,2,,,7.0,31.0,0.22580645161290322,,,,,0.22580645161290322,0.22580645161290322
2026-04-06,823401,"Lowe, Brandon",664040,4,1,608566,R,6.0,1.0,0,1,0,4,,,6.0,32.0,0.1875,,,,,0.1875,0.1875
2026-04-07,823402,"Lowe, Brandon",664040,4,0,601713,R,6.0,1.0,0,0,1,3,,,6.0,31.0,0.1935483870967742,,,,,0.1935483870967742,0.1935483870967742
2026-04-08,823403,"Lowe, Brandon",664040,4,0,650633,R,5.0,1.0,0,0,1,3,,,4.0,30.0,0.13333333333333333,,,,,0.13333333333333333,0.13333333333333333
2026-04-11,824697,"Lowe, Brandon",664040,6,0,665795,R,6.0,3.0,0,0,2,4,,,3.0,30.0,0.1,,,,,0.1,0.1
2026-04-12,824696,"Lowe, Brandon",664040,5,2,592791,R,6.0,1.0,0,2,1,4,,,3.0,32.0,0.09375,,,,,0.09375,0.09375
2026-04-13,823400,"Lowe, Brandon",664040,6,3,676917,R,6.0,1.0,0,3,0,6,,,4.0,33.0,0.12121212121212122,,,,,0.12121212121212122,0.12121212121212122
2026-04-14,823398,"Lowe, Brandon",664040,3,1,571945,R,6.0,1.0,1,0,2,1,,,7.0,34.0,0.20588235294117646,,,,,0.20588235294117646,0.20588235294117646
2026-04-15,823399,"Lowe, Brandon",664040,4,0,663623,R,5.0,1.0,0,0,0,4,,,7.0,32.0,0.21875,2.0,13.0,21.0,47.0,0.09523809523809523,0.2765957446808511
2026-04-16,823396,"Lowe, Brandon",664040,5,2,656492,L,5.0,1.0,1,1,4,1,,,6.0,32.0,0.1875,2.0,11.0,21.0,47.0,0.09523809523809523,0.23404255319148937
2026-04-17,823397,"Lowe, Brandon",664040,5,3,607259,R,6.0,1.0,0,3,0,5,,,8.0,33.0,0.24242424242424243,3.0,11.0,21.0,47.0,0.14285714285714285,0.23404255319148937
2026-04-18,823394,"Lowe, Brandon",664040,6,0,656876,R,6.0,1.0,0,0,1,5,,,11.0,34.0,0.3235294117647059,3.0,12.0,20.0,48.0,0.15,0.25
2026-04-22,822913,"Lowe, Brandon",664040,5,1,683004,R,6.0,4.0,0,1,2,3,,,11.0,34.0,0.3235294117647059,3.0,11.0,21.0,49.0,0.14285714285714285,0.22448979591836735
2026-04-23,822912,"Lowe, Brandon",664040,4,0,594798,R,6.0,1.0,0,0,1,3,,,10.0,34.0,0.29411764705882354,3.0,12.0,19.0,52.0,0.15789473684210525,0.23076923076923078
2026-04-24,823800,"Lowe, Brandon",664040,5,1,605540,R,6.0,1.0,0,1,2,3,,,7.0,32.0,0.21875,3.0,11.0,19.0,52.0,0.15789473684210525,0.21153846153846154
2026-04-25,823799,"Lowe, Brandon",664040,4,1,694819,R,6.0,1.0,1,0,1,3,0.1531531531531531,0.3783783783783784,7.0,34.0,0.20588235294117646,3.0,12.0,20.0,51.0,0.15,0.23529411764705882
2026-04-27,823395,"Lowe, Brandon",664040,4,0,669160,R,6.0,2.0,0,0,0,4,0.3055555555555556,0.1851851851851851,8.0,34.0,0.23529411764705882,3.0,12.0,18.0,52.0,0.16666666666666666,0.23076923076923078
2026-04-28,823390,"Lowe, Brandon",664040,3,1,681517,R,6.0,1.0,0,1,0,3,0.2612612612612612,0.1351351351351351,6.0,33.0,0.18181818181818182,3.0,11.0,18.0,52.0,0.16666666666666666,0.21153846153846154
2026-04-29,823392,"Lowe, Brandon",664040,3,1,669467,R,5.0,1.0,0,1,0,3,0.1929824561403508,0.175438596491228,4.0,31.0,0.12903225806451613,3.0,12.0,17.0,52.0,0.17647058823529413,0.23076923076923078
2026-04-30,823391,"Lowe, Brandon",664040,5,2,690928,R,1.0,1.0,1,1,2,3,,,5.0,28.0,0.17857142857142858,3.0,13.0,16.0,52.0,0.1875,0.25
2026-05-01,823389,"Lowe, Brandon",664040,5,0,663903,R,6.0,1.0,0,0,1,4,0.3043478260869565,0.1217391304347826,6.0,28.0,0.21428571428571427,4.0,14.0,16.0,51.0,0.25,0.27450980392156865
2026-05-02,823388,"Lowe, Brandon",664040,5,1,695076,R,6.0,1.0,0,1,2,3,0.225,0.1666666666666666,6.0,29.0,0.20689655172413793,4.0,12.0,16.0,51.0,0.25,0.23529411764705882
2026-05-03,823387,"Lowe, Brandon",664040,4,0,695505,R,5.0,1.0,0,0,0,4,0.211864406779661,0.2711864406779661,6.0,29.0,0.20689655172413793,4.0,10.0,18.0,48.0,0.2222222222222222,0.20833333333333334
2026-05-06,825091,"Lowe, Brandon",664040,4,2,647336,R,6.0,3.0,0,2,0,4,0.2649572649572649,0.2222222222222222,5.0,29.0,0.1724137931034483,3.0,10.0,16.0,51.0,0.1875,0.19607843137254902
2026-05-07,825090,"Lowe, Brandon",664040,5,3,668678,R,6.0,1.0,1,2,1,4,0.297029702970297,0.1584158415841584,7.0,29.0,0.2413793103448276,3.0,12.0,16.0,51.0,0.1875,0.23529411764705882
2026-05-08,823225,"Lowe, Brandon",664040,2,0,668873,R,4.0,1.0,0,0,0,2,0.2307692307692307,0.1538461538461538,9.0,31.0,0.2903225806451613,3.0,13.0,13.0,54.0,0.23076923076923078,0.24074074074074073
2026-05-09,823224,"Lowe, Brandon",664040,6,2,694738,R,7.0,1.0,0,2,2,4,0.146551724137931,0.25,8.0,30.0,0.26666666666666666,3.0,10.0,13.0,51.0,0.23076923076923078,0.19607843137254902
2026-05-10,823221,"Lowe, Brandon",664040,6,0,641816,R,7.0,1.0,0,0,2,4,0.2033898305084746,0.211864406779661,8.0,31.0,0.25806451612903225,3.0,12.0,14.0,50.0,0.21428571428571427,0.24
2026-05-12,823385,"Lowe, Brandon",664040,4,1,547179,R,6.0,2.0,0,1,0,4,0.3130434782608696,0.1391304347826087,8.0,32.0,0.25,3.0,11.0,14.0,51.0,0.21428571428571427,0.21568627450980393
2026-05-13,823386,"Lowe, Brandon",664040,4,0,500779,L,6.0,1.0,0,0,3,1,0.2129629629629629,0.1111111111111111,8.0,31.0,0.25806451612903225,3.0,12.0,13.0,52.0,0.23076923076923078,0.23076923076923078
2026-05-14,823383,"Lowe, Brandon",664040,5,0,685299,R,5.0,1.0,0,0,1,4,0.2702702702702703,0.2702702702702703,8.0,31.0,0.25806451612903225,3.0,11.0,14.0,50.0,0.21428571428571427,0.22
2026-05-15,823384,"Lowe, Brandon",664040,5,2,605400,R,6.0,1.0,1,1,2,3,0.2807017543859649,0.219298245614035,6.0,32.0,0.1875,2.0,11.0,14.0,51.0,0.14285714285714285,0.21568627450980393
2026-05-16,823382,"Lowe, Brandon",664040,3,0,650911,L,6.0,1.0,0,0,3,0,0.2340425531914893,0.2553191489361702,5.0,32.0,0.15625,3.0,12.0,16.0,50.0,0.1875,0.24
2026-05-17,823381,"Lowe, Brandon",664040,4,1,554430,R,5.0,1.0,0,1,0,4,,,5.0,33.0,0.15151515151515152,3.0,11.0,19.0,47.0,0.15789473684210525,0.23404255319148937
2026-05-19,823059,"Lowe, Brandon",664040,5,2,669461,L,6.0,2.0,2,0,3,2,0.2545454545454545,0.2,4.0,31.0,0.12903225806451613,3.0,11.0,19.0,48.0,0.15789473684210525,0.22916666666666666
2026-05-20,823057,"Lowe, Brandon",664040,5,1,700241,R,6.0,1.0,0,1,1,4,0.1743119266055046,0.2201834862385321,6.0,30.0,0.2,4.0,10.0,20.0,47.0,0.2,0.2127659574468085
2026-05-21,823056,"Lowe, Brandon",664040,5,2,669160,R,6.0,1.0,1,1,1,4,0.221311475409836,0.1639344262295081,6.0,31.0,0.1935483870967742,4.0,11.0,20.0,47.0,0.2,0.23404255319148937
2026-05-22,822816,"Lowe, Brandon",664040,4,2,592332,R,5.0,1.0,0,2,1,3,0.2542372881355932,0.1525423728813559,8.0,32.0,0.25,5.0,11.0,19.0,48.0,0.2631578947368421,0.22916666666666666
2026-05-23,822814,"Lowe, Brandon",664040,2,0,680755,R,2.0,1.0,0,0,0,2,0.1304347826086956,0.3478260869565217,10.0,31.0,0.3225806451612903,5.0,13.0,20.0,47.0,0.25,0.2765957446808511
2026-05-24,822813,"Lowe, Brandon",664040,4,1,656302,R,5.0,1.0,1,0,1,3,0.2015503875968992,0.3100775193798449,8.0,28.0,0.2857142857142857,5.0,11.0,20.0,45.0,0.25,0.24444444444444444
2026-05-25,823380,"Lowe, Brandon",664040,4,2,676962,R,6.0,1.0,0,2,0,4,0.140625,0.28125,9.0,29.0,0.3103448275862069,5.0,9.0,20.0,44.0,0.25,0.20454545454545456
2026-05-26,823379,"Lowe, Brandon",664040,4,2,696136,L,3.0,1.0,2,0,4,0,,,10.0,29.0,0.3448275862068966,5.0,11.0,20.0,46.0,0.25,0.2391304347826087
2026-05-27,823376,"Lowe, Brandon",664040,4,1,592791,R,5.0,1.0,0,1,1,3,0.2393162393162393,0.188034188034188,10.0,28.0,0.35714285714285715,7.0,9.0,22.0,42.0,0.3181818181818182,0.21428571428571427
2026-05-28,823378,"Lowe, Brandon",664040,4,0,607067,R,5.0,1.0,0,0,1,3,0.2649572649572649,0.1709401709401709,10.0,27.0,0.37037037037037035,7.0,10.0,21.0,41.0,0.3333333333333333,0.24390243902439024
2026-05-29,823377,"Lowe, Brandon",664040,5,0,671737,R,6.0,1.0,0,0,2,3,0.1854838709677419,0.2419354838709677,8.0,26.0,0.3076923076923077,7.0,9.0,22.0,40.0,0.3181818181818182,0.225
2026-05-30,823375,"Lowe, Brandon",664040,3,1,641927,R,6.0,1.0,0,1,0,3,0.2066115702479339,0.1322314049586777,6.0,27.0,0.2222222222222222,7.0,9.0,21.0,42.0,0.3333333333333333,0.21428571428571427
2026-05-31,823373,"Lowe, Brandon",664040,5,1,805673,R,6.0,1.0,0,1,0,5,,,7.0,28.0,0.25,7.0,10.0,20.0,41.0,0.35,0.24390243902439024
2026-06-02,824189,"Lowe, Brandon",664040,5,1,681347,R,6.0,2.0,0,1,1,4,0.2272727272727272,0.1590909090909091,7.0,29.0,0.2413793103448276,6.0,10.0,18.0,43.0,0.3333333333333333,0.23255813953488372
2026-06-03,824188,"Lowe, Brandon",664040,5,0,681293,R,6.0,1.0,0,0,1,4,0.1322314049586777,0.1818181818181818,6.0,30.0,0.2,6.0,11.0,16.0,47.0,0.375,0.23404255319148937
2026-06-04,824185,"Lowe, Brandon",664040,5,2,678906,R,6.0,1.0,0,2,1,4,0.1494252873563218,0.264367816091954,4.0,31.0,0.12903225806451613,6.0,10.0,17.0,47.0,0.35294117647058826,0.2127659574468085
2026-06-05,824914,"Lowe, Brandon",664040,4,0,527048,L,6.0,1.0,0,0,3,1,0.1971830985915492,0.2535211267605634,5.0,32.0,0.15625,4.0,12.0,15.0,49.0,0.26666666666666666,0.24489795918367346
2026-06-06,824915,"Lowe, Brandon",664040,4,0,675911,R,6.0,1.0,0,0,1,3,0.1666666666666666,0.3148148148148148,5.0,32.0,0.15625,4.0,11.0,17.0,46.0,0.23529411764705882,0.2391304347826087
2026-06-07,824916,"Lowe, Brandon",664040,1,1,800311,R,2.0,1.0,0,1,0,1,0.1904761904761904,0.1904761904761904,5.0,31.0,0.16129032258064516,3.0,10.0,17.0,45.0,0.17647058823529413,0.2222222222222222
2026-06-09,823374,"Lowe, Brandon",664040,3,0,641778,L,7.0,2.0,0,0,3,0,0.2376237623762376,0.1188118811881188,5.0,29.0,0.1724137931034483,3.0,9.0,16.0,43.0,0.1875,0.20930232558139536
2026-06-10,823372,"Lowe, Brandon",664040,5,1,660271,R,7.0,1.0,0,1,1,4,0.1140350877192982,0.2894736842105263,4.0,27.0,0.14814814814814814,3.0,9.0,19.0,41.0,0.15789473684210525,0.21951219512195122
2026-06-11,823371,"Lowe, Brandon",664040,5,1,680736,L,7.0,1.0,1,0,5,0,0.2213740458015267,0.2213740458015267,4.0,27.0,0.14814814814814814,2.0,10.0,19.0,42.0,0.10526315789473684,0.23809523809523808
2026-06-12,823370,"Lowe, Brandon",664040,4,1,645261,R,5.0,1.0,0,1,0,4,0.2857142857142857,0.1729323308270676,5.0,27.0,0.18518518518518517,3.0,8.0,24.0,38.0,0.125,0.21052631578947367
2026-06-13,823369,"Lowe, Brandon",664040,5,0,669622,R,2.0,1.0,0,0,2,3,0.1111111111111111,0.5,4.0,26.0,0.15384615384615385,1.0,9.0,20.0,42.0,0.05,0.21428571428571427
2026-06-14,823368,"Lowe, Brandon",664040,5,0,676974,R,5.0,1.0,0,0,0,5,0.1544715447154471,0.2601626016260163,4.0,27.0,0.14814814814814814,1.0,8.0,21.0,42.0,0.047619047619047616,0.19047619047619047
2026-06-15,824993,"Lowe, Brandon",664040,5,1,669372,R,6.0,1.0,0,1,0,5,0.1391304347826087,0.2695652173913043,4.0,28.0,0.14285714285714285,1.0,8.0,20.0,44.0,0.05,0.18181818181818182
2026-06-16,824991,"Lowe, Brandon",664040,5,1,678022,R,6.0,1.0,0,1,1,4,0.2028985507246377,0.2753623188405797,4.0,32.0,0.125,1.0,9.0,18.0,46.0,0.05555555555555555,0.1956521739130435
2026-06-17,824992,"Lowe, Brandon",664040,5,1,650644,R,23.0,1.0,0,1,1,4,0.2894736842105263,0.131578947368421,5.0,34.0,0.14705882352941177,1.0,9.0,19.0,47.0,0.05263157894736842,0.19148936170212766
2026-06-19,824345,"Lowe, Brandon",664040,4,1,607536,L,6.0,2.0,1,0,3,1,0.3305785123966942,0.1487603305785124,5.0,34.0,0.14705882352941177,1.0,9.0,20.0,46.0,0.05,0.1956521739130435
2026-06-20,824342,"Lowe, Brandon",664040,4,2,608372,R,6.0,1.0,1,1,1,3,0.2627118644067797,0.135593220338983,5.0,33.0,0.15151515151515152,2.0,8.0,22.0,43.0,0.09090909090909091,0.18604651162790697
2026-06-21,824343,"Lowe, Brandon",664040,5,1,547179,R,6.0,1.0,0,1,0,5,0.2857142857142857,0.2285714285714285,6.0,33.0,0.18181818181818182,3.0,9.0,22.0,42.0,0.13636363636363635,0.21428571428571427
2026-06-23,823365,"Lowe, Brandon",664040,5,2,669923,R,6.0,2.0,0,2,1,4,0.314516129032258,0.2096774193548387,7.0,33.0,0.21212121212121213,3.0,8.0,21.0,43.0,0.14285714285714285,0.18604651162790697
2026-06-24,823367,"Lowe, Brandon",664040,5,1,693433,R,6.0,1.0,0,1,0,5,0.2231404958677686,0.2727272727272727,9.0,33.0,0.2727272727272727,3.0,10.0,19.0,46.0,0.15789473684210525,0.21739130434782608
2026-06-25,823366,"Lowe, Brandon",664040,4,2,682243,R,6.0,1.0,0,2,0,4,0.1443298969072164,0.3402061855670103,9.0,33.0,0.2727272727272727,3.0,11.0,18.0,48.0,0.16666666666666666,0.22916666666666666
2026-06-26,823363,"Lowe, Brandon",664040,5,0,671096,L,6.0,1.0,0,0,5,0,0.2016806722689075,0.2184873949579832,10.0,32.0,0.3125,3.0,12.0,18.0,51.0,0.16666666666666666,0.23529411764705882
2026-06-27,823364,"Lowe, Brandon",664040,5,1,695505,R,6.0,1.0,0,1,1,4,0.2035398230088495,0.336283185840708,9.0,32.0,0.28125,3.0,12.0,20.0,51.0,0.15,0.23529411764705882
2026-06-28,823362,"Lowe, Brandon",664040,5,0,663903,R,6.0,1.0,0,0,1,4,0.168141592920354,0.2212389380530973,9.0,33.0,0.2727272727272727,3.0,12.0,20.0,51.0,0.15,0.23529411764705882
2026-06-29,823444,"Lowe, Brandon",664040,5,0,605400,R,5.0,1.0,0,0,0,5,0.2385321100917431,0.2385321100917431,7.0,34.0,0.20588235294117646,2.0,12.0,16.0,55.0,0.125,0.21818181818181817
2026-07-01,823446,"Lowe, Brandon",664040,5,1,554430,R,5.0,2.0,1,0,1,4,0.15,0.2833333333333333,6.0,34.0,0.17647058823529413,2.0,11.0,16.0,56.0,0.125,0.19642857142857142
2026-07-02,823442,"Lowe, Brandon",664040,5,2,660604,R,5.0,1.0,2,0,2,3,,,5.0,34.0,0.14705882352941177,3.0,11.0,15.0,57.0,0.2,0.19298245614035087
2026-07-03,822714,"Lowe, Brandon",664040,5,1,656492,L,6.0,1.0,0,1,3,2,0.175,0.275,6.0,34.0,0.17647058823529413,5.0,11.0,17.0,55.0,0.29411764705882354,0.2
2026-07-04,822716,"Lowe, Brandon",664040,5,1,641793,R,6.0,1.0,0,1,1,4,0.2359550561797752,0.1573033707865168,5.0,35.0,0.14285714285714285,5.0,11.0,20.0,52.0,0.25,0.21153846153846154
2026-07-05,822715,"Lowe, Brandon",664040,5,1,695418,R,4.0,1.0,0,1,0,5,0.2407407407407407,0.2777777777777778,6.0,35.0,0.17142857142857143,5.0,11.0,20.0,52.0,0.25,0.21153846153846154
2026-07-07,823361,"Lowe, Brandon",664040,5,3,694462,R,5.0,2.0,2,1,2,3,,,6.0,35.0,0.17142857142857143,5.0,11.0,19.0,53.0,0.2631578947368421,0.20754716981132076
2026-07-08,823360,"Lowe, Brandon",664040,4,1,656550,R,5.0,1.0,0,1,1,3,0.1954022988505747,0.160919540229885,9.0,35.0,0.2571428571428571,6.0,12.0,18.0,55.0,0.3333333333333333,0.21818181818181817
2026-07-09,823359,"Lowe, Brandon",664040,5,0,693821,R,12.0,1.0,0,0,0,5,0.2868852459016393,0.180327868852459,10.0,34.0,0.29411764705882354,5.0,12.0,18.0,55.0,0.2777777777777778,0.21818181818181817
2026-07-11,823356,"Lowe, Brandon",664040,4,2,675660,L,5.0,0.0,1,1,3,1,0.247787610619469,0.2123893805309734,9.0,34.0,0.2647058823529412,5.0,11.0,18.0,55.0,0.2777777777777778,0.2
2026-07-11,823357,"Lowe, Brandon",664040,5,1,687075,R,6.0,2.0,1,0,1,4,0.1649484536082474,0.3092783505154639,9.0,33.0,0.2727272727272727,6.0,10.0,20.0,52.0,0.3,0.19230769230769232
2026-07-12,823358,"Lowe, Brandon",664040,4,1,688107,L,5.0,1.0,1,0,3,1,0.2066115702479339,0.2314049586776859,9.0,33.0,0.2727272727272727,7.0,9.0,21.0,51.0,0.3333333333333333,0.17647058823529413
2026-07-18,824412,"Lowe, Brandon",664040,4,0,671106,L,54.0,0.0,0,0,3,1,,,9.0,32.0,0.28125,8.0,7.0,24.0,48.0,0.3333333333333333,0.14583333333333334
2026-07-18,824414,"Lowe, Brandon",664040,4,2,668909,R,9.0,6.0,0,2,0,4,0.2260869565217391,0.3043478260869565,8.0,31.0,0.25806451612903225,8.0,7.0,22.0,49.0,0.36363636363636365,0.14285714285714285
2026-07-20,823522,"Lowe, Brandon",664040,5,0,677960,L,10.0,2.0,0,0,4,1,0.2692307692307692,0.2596153846153846,7.0,30.0,0.23333333333333334,8.0,8.0,21.0,49.0,0.38095238095238093,0.16326530612244897
2026-07-22,823518,"Lowe, Brandon",664040,5,1,543037,R,5.0,2.0,0,1,0,5,0.2711864406779661,0.2627118644067797,6.0,31.0,0.1935483870967742,8.0,8.0,24.0,46.0,0.3333333333333333,0.17391304347826086
2026-07-22,823519,"Lowe, Brandon",664040,3,0,608331,L,70.0,0.0,0,0,2,1,0.2123893805309734,0.2389380530973451,7.0,31.0,0.22580645161290322,8.0,9.0,24.0,46.0,0.3333333333333333,0.1956521739130435
2026-07-24,823352,"Lowe, Brandon",664040,4,0,571510,L,6.0,2.0,0,0,4,0,0.2051282051282051,0.1709401709401709,5.0,30.0,0.16666666666666666,7.0,9.0,25.0,43.0,0.28,0.20930232558139536
2026-07-26,823354,"Lowe, Brandon",664040,4,3,592791,R,6.0,2.0,1,2,1,3,0.268041237113402,0.2371134020618556,4.0,29.0,0.13793103448275862,5.0,9.0,27.0,40.0,0.18518518518518517,0.225
2026-07-27,823353,"Lowe, Brandon",664040,5,3,518876,R,5.0,1.0,0,3,0,5,0.2393162393162393,0.1794871794871795,6.0,29.0,0.20689655172413793,6.0,10.0,25.0,41.0,0.24,0.24390243902439024
2026-07-28,823350,"Lowe, Brandon",664040,6,2,694297,R,5.0,1.0,0,2,0,6,0.2385321100917431,0.128440366972477,9.0,30.0,0.3,6.0,12.0,24.0,42.0,0.25,0.2857142857142857
2026-07-29,823351,"Lowe, Brandon",664040,4,1,593958,L,5.0,1.0,1,0,4,0,0.2627118644067797,0.135593220338983,9.0,32.0,0.28125,6.0,13.0,24.0,43.0,0.25,0.3023255813953488
2026-07-30,824488,"Lowe, Brandon",664040,4,1,695076,R,6.0,1.0,0,1,1,3,0.25,0.1323529411764706,10.0,31.0,0.3225806451612903,5.0,12.0,26.0,40.0,0.19230769230769232,0.3
2026-07-31,824486,"Lowe, Brandon",664040,5,3,668881,R,6.0,1.0,0,3,1,4,,,10.0,30.0,0.3333333333333333,5.0,12.0,26.0,40.0,0.19230769230769232,0.3
2026-08-01,824485,"Lowe, Brandon",664040,5,1,671096,L,6.0,1.0,1,0,5,0,0.1826086956521739,0.208695652173913,13.0,32.0,0.40625,5.0,15.0,27.0,39.0,0.18518518518518517,0.38461538461538464
2026-08-02,824483,"Lowe, Brandon",664040,3,0,695505,R,5.0,1.0,0,0,0,3,0.208695652173913,0.2260869565217391,14.0,33.0,0.42424242424242425,5.0,14.0,29.0,38.0,0.1724137931034483,0.3684210526315789
2026-08-03,823757,"Lowe, Brandon",664040,5,1,687075,R,7.0,1.0,0,1,1,4,0.2,0.219047619047619,11.0,32.0,0.34375,4.0,14.0,28.0,37.0,0.14285714285714285,0.3783783783783784
2026-08-04,823756,"Lowe, Brandon",664040,4,2,701656,R,7.0,1.0,0,2,0,4,0.1515151515151515,0.3131313131313131,9.0,32.0,0.28125,3.0,15.0,26.0,40.0,0.11538461538461539,0.375
2026-08-05,823753,"Lowe, Brandon",664040,4,0,690986,L,28.0,1.0,0,0,2,2,0.2,0.2526315789473684,9.0,30.0,0.3,3.0,17.0,23.0,43.0,0.13043478260869565,0.3953488372093023
2026-08-06,823754,"Lowe, Brandon",664040,4,1,669160,R,8.0,1.0,0,1,1,3,0.2037037037037037,0.2592592592592592,8.0,30.0,0.26666666666666666,3.0,15.0,25.0,41.0,0.12,0.36585365853658536
2026-08-07,823349,"Lowe, Brandon",664040,5,1,804267,L,6.0,1.0,0,1,3,2,0.1913043478260869,0.1826086956521739,8.0,30.0,0.26666666666666666,3.0,16.0,22.0,43.0,0.13636363636363635,0.37209302325581395
2026-08-08,823348,"Lowe, Brandon",664040,5,1,476594,R,6.0,1.0,0,1,0,5,,,6.0,30.0,0.2,3.0,16.0,25.0,40.0,0.12,0.4
2026-08-09,823345,"Lowe, Brandon",664040,2,0,640455,L,5.0,1.0,0,0,2,0,0.2440944881889764,0.2125984251968504,6.0,30.0,0.2,3.0,17.0,23.0,44.0,0.13043478260869565,0.38636363636363635
2026-08-11,823832,"Lowe, Brandon",664040,4,0,691587,R,6.0,2.0,0,0,0,4,0.2096774193548387,0.2580645161290322,6.0,29.0,0.20689655172413793,3.0,17.0,21.0,44.0,0.14285714285714285,0.38636363636363635
2026-08-12,823833,"Lowe, Brandon",664040,4,1,676083,R,6.0,1.0,0,1,0,4,0.2421052631578947,0.2,5.0,28.0,0.17857142857142858,2.0,15.0,20.0,45.0,0.1,0.3333333333333333
2026-08-13,823829,"Lowe, Brandon",664040,6,1,663969,R,6.0,1.0,0,1,1,5,0.25,0.1785714285714285,4.0,28.0,0.14285714285714285,2.0,13.0,20.0,44.0,0.1,0.29545454545454547
2026-08-14,823346,"Lowe, Brandon",664040,4,1,687562,L,6.0,1.0,1,0,4,0,0.2195121951219512,0.1626016260162601,5.0,30.0,0.16666666666666666,2.0,12.0,21.0,43.0,0.09523809523809523,0.27906976744186046
2026-08-15,823347,"Lowe, Brandon",664040,4,1,543243,R,5.0,1.0,0,1,1,3,0.2421875,0.1953125,5.0,30.0,0.16666666666666666,2.0,12.0,21.0,43.0,0.09523809523809523,0.27906976744186046
2026-08-16,823344,"Lowe, Brandon",664040,4,2,663776,L,5.0,1.0,2,0,4,0,0.282051282051282,0.2051282051282051,5.0,29.0,0.1724137931034483,2.0,12.0,21.0,43.0,0.09523809523809523,0.27906976744186046
2026-08-17,823343,"Lowe, Brandon",664040,4,2,664285,L,5.0,1.0,2,0,4,0,0.2457627118644068,0.1610169491525423,6.0,28.0,0.21428571428571427,4.0,9.0,24.0,39.0,0.16666666666666666,0.23076923076923078
2026-08-18,823341,"Lowe, Brandon",664040,4,0,672456,R,5.0,1.0,0,0,1,3,0.1896551724137931,0.1379310344827586,8.0,30.0,0.26666666666666666,5.0,9.0,23.0,39.0,0.21739130434782608,0.23076923076923078
2026-08-19,823342,"Lowe, Brandon",664040,5,1,695549,R,5.0,1.0,0,1,1,4,,,8.0,30.0,0.26666666666666666,5.0,9.0,24.0,39.0,0.20833333333333334,0.23076923076923078
2026-08-21,823911,"Lowe, Brandon",664040,5,2,808967,R,7.0,2.0,0,2,0,5,0.1526717557251908,0.2290076335877862,8.0,31.0,0.25806451612903225,5.0,9.0,24.0,39.0,0.20833333333333334,0.23076923076923078
2026-08-23,823909,"Lowe, Brandon",664040,4,1,605483,L,6.0,2.0,1,0,4,0,,,9.0,30.0,0.3,5.0,9.0,24.0,40.0,0.20833333333333334,0.225
2026-08-24,823260,"Lowe, Brandon",664040,5,0,592662,L,6.0,1.0,0,0,4,1,0.1946902654867256,0.1858407079646017,9.0,30.0,0.3,6.0,9.0,26.0,38.0,0.23076923076923078,0.23684210526315788
2026-08-25,823259,"Lowe, Brandon",664040,4,0,650633,R,6.0,1.0,0,0,1,3,0.2184873949579832,0.2100840336134453,8.0,31.0,0.25806451612903225,6.0,8.0,29.0,36.0,0.20689655172413793,0.2222222222222222
2026-08-26,823255,"Lowe, Brandon",664040,4,0,681190,R,5.0,1.0,0,0,2,2,0.1568627450980392,0.1078431372549019,6.0,31.0,0.1935483870967742,6.0,7.0,27.0,37.0,0.2222222222222222,0.1891891891891892
2026-08-28,823013,"Lowe, Brandon",664040,1,0,681676,R,3.0,2.0,0,0,0,1,0.2758620689655172,0.1724137931034483,4.0,31.0,0.12903225806451613,6.0,6.0,29.0,34.0,0.20689655172413793,0.17647058823529413
2026-08-29,823011,"Lowe, Brandon",664040,5,1,802408,L,96.0,1.0,0,1,2,3,,,4.0,28.0,0.14285714285714285,6.0,6.0,27.0,35.0,0.2222222222222222,0.17142857142857143
2026-08-30,823010,"Lowe, Brandon",664040,4,2,669461,L,5.0,1.0,1,1,3,1,0.2336448598130841,0.2990654205607476,4.0,28.0,0.14285714285714285,6.0,7.0,29.0,34.0,0.20689655172413793,0.20588235294117646
2026-09-01,823340,"Lowe, Brandon",664040,6,4,702885,L,6.0,2.0,1,3,2,4,,,4.0,27.0,0.14814814814814814,7.0,7.0,32.0,31.0,0.21875,0.22580645161290322
2026-09-02,823339,"Lowe, Brandon",664040,5,1,694738,R,6.0,1.0,1,0,1,4,0.1818181818181818,0.1570247933884297,7.0,29.0,0.2413793103448276,8.0,9.0,33.0,30.0,0.24242424242424243,0.3
2026-09-03,823337,"Lowe, Brandon",664040,4,0,694918,R,6.0,1.0,0,0,0,4,0.2149532710280373,0.1962616822429906,8.0,29.0,0.27586206896551724,8.0,9.0,30.0,34.0,0.26666666666666666,0.2647058823529412
2026-09-04,823338,"Lowe, Brandon",664040,4,1,696270,R,6.0,1.0,0,1,1,3,0.1333333333333333,0.1428571428571428,8.0,29.0,0.27586206896551724,8.0,8.0,29.0,35.0,0.27586206896551724,0.22857142857142856
2026-03-26,823649,"Cruz, Oneil",665833,5,1,642547,R,,,0,1,0,5,,,,,,,,,,,
2026-03-28,823651,"Cruz, Oneil",665833,1,0,642207,R,,2.0,0,0,0,1,,,,,,,,,,,
2026-03-29,823647,"Cruz, Oneil",665833,5,1,690997,R,1.0,1.0,1,0,1,4,,,,,,,,,,,
2026-03-30,824539,"Cruz, Oneil",665833,4,0,695505,R,2.0,1.0,0,0,0,4,,,,,,,,,,,
2026-03-31,824537,"Cruz, Oneil",665833,4,3,682227,L,2.0,1.0,2,1,3,1,,,,,,,,,,,
2026-04-01,824536,"Cruz, Oneil",665833,5,2,671096,L,6.0,1.0,2,0,3,2,,,,,,,,,,,
2026-04-03,823406,"Cruz, Oneil",665833,4,1,680694,R,6.0,2.0,0,1,0,4,,,,,,,,,,,
2026-04-04,823404,"Cruz, Oneil",665833,5,1,669358,R,6.0,1.0,1,0,1,4,,,8.0,28.0,0.2857142857142857,,,,,0.2857142857142857,0.2857142857142857
2026-04-05,823405,"Cruz, Oneil",665833,5,2,700249,L,6.0,1.0,1,1,3,2,,,8.0,28.0,0.2857142857142857,,,,,0.2857142857142857,0.2857142857142857
2026-04-06,823401,"Cruz, Oneil",665833,4,1,608566,R,6.0,1.0,0,1,0,4,,,10.0,32.0,0.3125,,,,,0.3125,0.3125
2026-04-07,823402,"Cruz, Oneil",665833,5,1,601713,R,6.0,1.0,0,1,1,4,,,10.0,31.0,0.3225806451612903,,,,,0.3225806451612903,0.3225806451612903
2026-04-08,823403,"Cruz, Oneil",665833,4,1,650633,R,5.0,1.0,0,1,1,3,,,11.0,32.0,0.34375,,,,,0.34375,0.34375
2026-04-10,824695,"Cruz, Oneil",665833,3,1,684007,L,5.0,2.0,1,0,3,0,,,9.0,32.0,0.28125,,,,,0.28125,0.28125
2026-04-11,824697,"Cruz, Oneil",665833,6,4,665795,R,6.0,1.0,0,4,2,4,,,8.0,30.0,0.26666666666666666,,,,,0.26666666666666666,0.26666666666666666
2026-04-12,824696,"Cruz, Oneil",665833,5,1,592791,R,6.0,1.0,0,1,1,4,,,11.0,32.0,0.34375,,,,,0.34375,0.34375
2026-04-13,823400,"Cruz, Oneil",665833,5,2,676917,R,6.0,1.0,0,2,0,5,,,11.0,32.0,0.34375,8.0,12.0,19.0,46.0,0.42105263157894735,0.2608695652173913
2026-04-14,823398,"Cruz, Oneil",665833,5,0,680730,L,6.0,1.0,0,0,3,2,,,11.0,32.0,0.34375,8.0,13.0,19.0,46.0,0.42105263157894735,0.2826086956521739
2026-04-15,823399,"Cruz, Oneil",665833,4,0,663623,R,5.0,1.0,0,0,0,4,,,10.0,33.0,0.30303030303030304,8.0,13.0,22.0,47.0,0.36363636363636365,0.2765957446808511
2026-04-16,823396,"Cruz, Oneil",665833,5,2,656492,L,5.0,1.0,2,0,4,1,,,9.0,32.0,0.28125,7.0,13.0,21.0,47.0,0.3333333333333333,0.2765957446808511
2026-04-17,823397,"Cruz, Oneil",665833,5,1,607259,R,6.0,1.0,0,1,0,5,,,10.0,33.0,0.30303030303030304,9.0,13.0,25.0,44.0,0.36,0.29545454545454547
2026-04-18,823394,"Cruz, Oneil",665833,6,1,656876,R,6.0,1.0,1,0,1,5,,,10.0,35.0,0.2857142857142857,7.0,13.0,22.0,48.0,0.3181818181818182,0.2708333333333333
2026-04-19,823393,"Cruz, Oneil",665833,4,0,663556,L,5.0,1.0,0,0,3,1,,,7.0,35.0,0.2,6.0,13.0,20.0,51.0,0.3,0.2549019607843137
2026-04-21,822914,"Cruz, Oneil",665833,4,1,677958,R,6.0,2.0,0,1,1,3,,,6.0,34.0,0.17647058823529413,6.0,12.0,23.0,48.0,0.2608695652173913,0.25
2026-04-22,822913,"Cruz, Oneil",665833,5,1,683004,R,6.0,1.0,1,0,2,3,,,5.0,33.0,0.15151515151515152,5.0,13.0,23.0,47.0,0.21739130434782608,0.2765957446808511
2026-04-23,822912,"Cruz, Oneil",665833,4,1,594798,R,6.0,1.0,0,1,1,3,,,6.0,33.0,0.18181818181818182,5.0,12.0,22.0,48.0,0.22727272727272727,0.25
2026-04-24,823800,"Cruz, Oneil",665833,5,0,605540,R,6.0,1.0,0,0,2,3,,,7.0,33.0,0.21212121212121213,5.0,12.0,23.0,47.0,0.21739130434782608,0.2553191489361702
2026-04-25,823799,"Cruz, Oneil",665833,5,0,694819,R,6.0,1.0,0,0,2,3,0.1531531531531531,0.3783783783783784,5.0,33.0,0.15151515151515152,5.0,11.0,24.0,46.0,0.20833333333333334,0.2391304347826087
2026-04-28,823390,"Cruz, Oneil",665833,5,2,681517,R,6.0,3.0,1,1,1,4,0.2612612612612612,0.1351351351351351,4.0,33.0,0.12121212121212122,5.0,10.0,25.0,46.0,0.2,0.21739130434782608
2026-04-29,823392,"Cruz, Oneil",665833,5,0,669467,R,5.0,1.0,0,0,0,5,0.1929824561403508,0.175438596491228,5.0,32.0,0.15625,5.0,11.0,23.0,50.0,0.21739130434782608,0.22
2026-04-30,823391,"Cruz, Oneil",665833,5,1,690928,R,2.0,1.0,0,1,1,4,,,5.0,33.0,0.15151515151515152,5.0,7.0,21.0,51.0,0.23809523809523808,0.13725490196078433
2026-05-01,823389,"Cruz, Oneil",665833,5,1,663903,R,6.0,1.0,0,1,1,4,0.3043478260869565,0.1217391304347826,5.0,34.0,0.14705882352941177,5.0,7.0,21.0,51.0,0.23809523809523808,0.13725490196078433
2026-05-02,823388,"Cruz, Oneil",665833,6,2,695076,R,6.0,1.0,1,1,2,4,0.225,0.1666666666666666,5.0,34.0,0.14705882352941177,5.0,6.0,22.0,50.0,0.22727272727272727,0.12
2026-05-03,823387,"Cruz, Oneil",665833,4,2,695505,R,5.0,1.0,0,2,0,4,0.211864406779661,0.2711864406779661,6.0,36.0,0.16666666666666666,6.0,7.0,21.0,52.0,0.2857142857142857,0.1346153846153846
2026-05-05,825092,"Cruz, Oneil",665833,4,0,593958,L,6.0,2.0,0,0,3,1,0.2113821138211382,0.1382113821138211,8.0,35.0,0.22857142857142856,6.0,9.0,21.0,52.0,0.2857142857142857,0.17307692307692307
2026-05-06,825091,"Cruz, Oneil",665833,4,0,647336,R,6.0,1.0,0,0,0,4,0.2649572649572649,0.2222222222222222,8.0,34.0,0.23529411764705882,4.0,9.0,20.0,52.0,0.2,0.17307692307692307
2026-05-07,825090,"Cruz, Oneil",665833,5,0,668678,R,6.0,1.0,0,0,0,5,0.297029702970297,0.1584158415841584,6.0,33.0,0.18181818181818182,4.0,8.0,20.0,51.0,0.2,0.1568627450980392
2026-05-08,823225,"Cruz, Oneil",665833,4,1,592662,L,7.0,1.0,1,0,3,1,0.1739130434782608,0.2521739130434782,6.0,33.0,0.18181818181818182,3.0,8.0,19.0,51.0,0.15789473684210525,0.1568627450980392
2026-05-09,823224,"Cruz, Oneil",665833,6,3,694738,R,7.0,1.0,2,1,2,4,0.146551724137931,0.25,6.0,32.0,0.1875,4.0,8.0,19.0,51.0,0.21052631578947367,0.1568627450980392
2026-05-10,823221,"Cruz, Oneil",665833,6,1,641816,R,7.0,1.0,0,1,1,5,0.2033898305084746,0.211864406779661,8.0,33.0,0.24242424242424243,6.0,8.0,20.0,52.0,0.3,0.15384615384615385
2026-05-12,823385,"Cruz, Oneil",665833,4,3,547179,R,6.0,2.0,0,3,0,4,0.3130434782608696,0.1391304347826087,7.0,33.0,0.21212121212121213,5.0,9.0,19.0,54.0,0.2631578947368421,0.16666666666666666
2026-05-13,823386,"Cruz, Oneil",665833,4,0,500779,L,6.0,1.0,0,0,3,1,0.2129629629629629,0.1111111111111111,8.0,33.0,0.24242424242424243,5.0,11.0,18.0,55.0,0.2777777777777778,0.2
2026-05-14,823383,"Cruz, Oneil",665833,5,1,685299,R,5.0,1.0,0,1,1,4,0.2702702702702703,0.2702702702702703,8.0,33.0,0.24242424242424243,5.0,11.0,19.0,53.0,0.2631578947368421,0.20754716981132076
2026-05-15,823384,"Cruz, Oneil",665833,5,2,605400,R,6.0,1.0,0,2,2,3,0.2807017543859649,0.219298245614035,9.0,34.0,0.2647058823529412,5.0,12.0,18.0,54.0,0.2777777777777778,0.2222222222222222
2026-05-16,823382,"Cruz, Oneil",665833,4,0,650911,L,6.0,1.0,0,0,4,0,0.2340425531914893,0.2553191489361702,11.0,34.0,0.3235294117647059,4.0,13.0,19.0,53.0,0.21052631578947367,0.24528301886792453
2026-05-17,823381,"Cruz, Oneil",665833,4,1,554430,R,5.0,1.0,0,1,0,4,,,10.0,34.0,0.29411764705882354,4.0,13.0,23.0,48.0,0.17391304347826086,0.2708333333333333
2026-05-19,823059,"Cruz, Oneil",665833,5,2,669461,L,6.0,2.0,2,0,4,1,0.2545454545454545,0.2,8.0,32.0,0.25,4.0,13.0,22.0,48.0,0.18181818181818182,0.2708333333333333
2026-05-20,823057,"Cruz, Oneil",665833,5,0,700241,R,6.0,1.0,0,0,1,4,0.1743119266055046,0.2201834862385321,9.0,31.0,0.2903225806451613,6.0,12.0,25.0,45.0,0.24,0.26666666666666666
2026-05-21,823056,"Cruz, Oneil",665833,5,1,669160,R,6.0,1.0,1,0,1,4,0.221311475409836,0.1639344262295081,6.0,32.0,0.1875,5.0,11.0,24.0,45.0,0.20833333333333334,0.24444444444444444
2026-05-22,822816,"Cruz, Oneil",665833,4,0,592332,R,5.0,1.0,0,0,1,3,0.2542372881355932,0.1525423728813559,7.0,33.0,0.21212121212121213,6.0,9.0,25.0,45.0,0.24,0.2
2026-05-23,822814,"Cruz, Oneil",665833,2,0,680755,R,2.0,1.0,0,0,0,2,0.1304347826086956,0.3478260869565217,6.0,32.0,0.1875,6.0,9.0,23.0,47.0,0.2608695652173913,0.19148936170212766
2026-05-24,822813,"Cruz, Oneil",665833,4,1,656302,R,5.0,1.0,0,1,1,3,0.2015503875968992,0.3100775193798449,4.0,29.0,0.13793103448275862,6.0,9.0,23.0,45.0,0.2608695652173913,0.2
2026-05-25,823380,"Cruz, Oneil",665833,4,2,676962,R,6.0,1.0,0,2,0,4,0.140625,0.28125,5.0,29.0,0.1724137931034483,6.0,10.0,24.0,43.0,0.25,0.23255813953488372
2026-05-26,823379,"Cruz, Oneil",665833,4,3,696136,L,3.0,1.0,3,0,4,0,,,6.0,29.0,0.20689655172413793,5.0,12.0,21.0,46.0,0.23809523809523808,0.2608695652173913
2026-05-27,823376,"Cruz, Oneil",665833,4,0,592791,R,5.0,1.0,0,0,1,3,0.2393162393162393,0.188034188034188,7.0,28.0,0.25,6.0,11.0,23.0,42.0,0.2608695652173913,0.2619047619047619
2026-05-28,823378,"Cruz, Oneil",665833,4,0,607067,R,5.0,1.0,0,0,1,3,0.2649572649572649,0.1709401709401709,7.0,27.0,0.25925925925925924,6.0,10.0,23.0,40.0,0.2608695652173913,0.25
2026-05-29,823377,"Cruz, Oneil",665833,4,1,671737,R,6.0,1.0,0,1,1,3,0.1854838709677419,0.2419354838709677,6.0,26.0,0.23076923076923078,6.0,7.0,24.0,39.0,0.25,0.1794871794871795
2026-05-30,823375,"Cruz, Oneil",665833,5,1,641927,R,6.0,1.0,0,1,1,4,0.2066115702479339,0.1322314049586777,7.0,26.0,0.2692307692307692,6.0,8.0,22.0,41.0,0.2727272727272727,0.1951219512195122
2026-05-31,823373,"Cruz, Oneil",665833,4,0,805673,R,6.0,1.0,0,0,0,4,,,8.0,29.0,0.27586206896551724,6.0,8.0,22.0,41.0,0.2727272727272727,0.1951219512195122
2026-06-02,824189,"Cruz, Oneil",665833,5,2,681347,R,6.0,2.0,0,2,1,4,0.2272727272727272,0.1590909090909091,7.0,29.0,0.2413793103448276,6.0,6.0,20.0,42.0,0.3,0.14285714285714285
2026-06-03,824188,"Cruz, Oneil",665833,5,2,681293,R,6.0,1.0,0,2,0,5,0.1322314049586777,0.1818181818181818,7.0,30.0,0.23333333333333334,6.0,8.0,17.0,46.0,0.35294117647058826,0.17391304347826086
2026-06-04,824185,"Cruz, Oneil",665833,4,2,678906,R,6.0,1.0,1,1,1,3,0.1494252873563218,0.264367816091954,6.0,31.0,0.1935483870967742,6.0,9.0,17.0,47.0,0.35294117647058826,0.19148936170212766
2026-06-05,824914,"Cruz, Oneil",665833,4,0,527048,L,6.0,1.0,0,0,2,2,0.1971830985915492,0.2535211267605634,8.0,31.0,0.25806451612903225,5.0,10.0,14.0,49.0,0.35714285714285715,0.20408163265306123
2026-06-06,824915,"Cruz, Oneil",665833,4,0,675911,R,6.0,1.0,0,0,1,3,0.1666666666666666,0.3148148148148148,8.0,31.0,0.25806451612903225,5.0,10.0,15.0,47.0,0.3333333333333333,0.2127659574468085
2026-08-18,823341,"Cruz, Oneil",665833,3,1,672456,R,5.0,73.0,0,1,0,3,0.1896551724137931,0.1379310344827586,7.0,31.0,0.22580645161290322,4.0,10.0,15.0,46.0,0.26666666666666666,0.21739130434782608
2026-08-19,823342,"Cruz, Oneil",665833,4,1,695549,R,5.0,1.0,0,1,1,3,,,7.0,29.0,0.2413793103448276,4.0,11.0,14.0,46.0,0.2857142857142857,0.2391304347826087
2026-08-21,823911,"Cruz, Oneil",665833,5,1,808967,R,7.0,2.0,0,1,0,5,0.1526717557251908,0.2290076335877862,8.0,29.0,0.27586206896551724,4.0,12.0,15.0,47.0,0.26666666666666666,0.2553191489361702
2026-08-22,823910,"Cruz, Oneil",665833,4,1,669373,L,6.0,1.0,1,0,4,0,0.184,0.296,7.0,29.0,0.2413793103448276,4.0,12.0,14.0,49.0,0.2857142857142857,0.24489795918367346
2026-08-23,823909,"Cruz, Oneil",665833,1,0,683618,R,2.0,1.0,0,0,0,1,0.0588235294117647,0.3529411764705882,6.0,28.0,0.21428571428571427,5.0,10.0,18.0,45.0,0.2777777777777778,0.2222222222222222
2026-08-24,823260,"Cruz, Oneil",665833,6,0,592662,L,6.0,1.0,0,0,5,1,0.1946902654867256,0.1858407079646017,4.0,25.0,0.16,2.0,10.0,14.0,46.0,0.14285714285714285,0.21739130434782608
2026-08-25,823259,"Cruz, Oneil",665833,4,1,650633,R,6.0,1.0,0,1,0,4,0.2184873949579832,0.2100840336134453,4.0,27.0,0.14814814814814814,2.0,10.0,18.0,44.0,0.1111111111111111,0.22727272727272727
2026-08-26,823255,"Cruz, Oneil",665833,4,0,681190,R,5.0,1.0,0,0,1,3,0.1568627450980392,0.1078431372549019,5.0,27.0,0.18518518518518517,2.0,11.0,17.0,45.0,0.11764705882352941,0.24444444444444444
2026-08-28,823013,"Cruz, Oneil",665833,4,2,687273,L,6.0,2.0,2,0,4,0,,,4.0,28.0,0.14285714285714285,2.0,10.0,17.0,45.0,0.11764705882352941,0.2222222222222222
2026-08-29,823011,"Cruz, Oneil",665833,5,2,681517,R,6.0,1.0,1,1,1,4,0.2525252525252525,0.2727272727272727,5.0,28.0,0.17857142857142858,4.0,9.0,20.0,41.0,0.2,0.21951219512195122
2026-08-30,823010,"Cruz, Oneil",665833,5,1,669461,L,5.0,1.0,1,0,3,2,0.2336448598130841,0.2990654205607476,6.0,28.0,0.21428571428571427,5.0,10.0,21.0,41.0,0.23809523809523808,0.24390243902439024
2026-09-01,823340,"Cruz, Oneil",665833,6,4,702885,L,6.0,2.0,1,3,2,4,,,6.0,29.0,0.20689655172413793,6.0,8.0,23.0,39.0,0.2608695652173913,0.20512820512820512
2026-09-02,823339,"Cruz, Oneil",665833,5,1,694738,R,6.0,1.0,0,1,1,4,0.1818181818181818,0.1570247933884297,10.0,34.0,0.29411764705882354,7.0,9.0,25.0,38.0,0.28,0.23684210526315788
2026-09-03,823337,"Cruz, Oneil",665833,4,0,694918,R,6.0,1.0,0,0,1,3,0.2149532710280373,0.1962616822429906,11.0,33.0,0.3333333333333333,6.0,9.0,25.0,39.0,0.24,0.23076923076923078
2026-09-04,823338,"Cruz, Oneil",665833,4,0,696270,R,6.0,1.0,0,0,1,3,0.1333333333333333,0.1428571428571428,10.0,33.0,0.30303030303030304,6.0,9.0,24.0,40.0,0.25,0.225
2026-03-26,823649,"Reynolds, Bryan",668804,4,1,642547,R,,,0,1,0,4,,,,,,,,,,,
2026-03-28,823651,"Reynolds, Bryan",668804,6,2,656849,L,,2.0,1,1,4,2,,,,,,,,,,,
2026-03-29,823647,"Reynolds, Bryan",668804,5,0,690997,R,1.0,1.0,0,0,1,4,,,,,,,,,,,
2026-03-30,824539,"Reynolds, Bryan",668804,4,0,695505,R,2.0,1.0,0,0,0,4,,,,,,,,,,,
2026-03-31,824537,"Reynolds, Bryan",668804,4,1,682227,L,3.0,1.0,1,0,4,0,,,,,,,,,,,
2026-04-01,824536,"Reynolds, Bryan",668804,5,2,671096,L,6.0,1.0,1,1,3,2,,,,,,,,,,,
2026-04-03,823406,"Reynolds, Bryan",668804,4,0,680694,R,6.0,2.0,0,0,1,3,,,,,,,,,,,
2026-04-04,823404,"Reynolds, Bryan",668804,5,3,669358,R,6.0,1.0,0,3,1,4,,,6.0,32.0,0.1875,,,,,0.1875,0.1875
2026-04-05,823405,"Reynolds, Bryan",668804,5,0,700249,L,6.0,1.0,0,0,3,2,,,8.0,33.0,0.24242424242424243,,,,,0.24242424242424243,0.24242424242424243
2026-04-06,823401,"Reynolds, Bryan",668804,4,1,608566,R,6.0,1.0,0,1,0,4,,,6.0,32.0,0.1875,,,,,0.1875,0.1875
2026-04-07,823402,"Reynolds, Bryan",668804,4,1,601713,R,6.0,1.0,1,0,1,3,,,7.0,31.0,0.22580645161290322,,,,,0.22580645161290322,0.22580645161290322
2026-04-08,823403,"Reynolds, Bryan",668804,4,0,650633,R,5.0,1.0,0,0,0,4,,,8.0,31.0,0.25806451612903225,,,,,0.25806451612903225,0.25806451612903225
2026-04-10,824695,"Reynolds, Bryan",668804,4,1,684007,L,5.0,2.0,1,0,4,0,,,7.0,31.0,0.22580645161290322,,,,,0.22580645161290322,0.22580645161290322
2026-04-11,824697,"Reynolds, Bryan",668804,5,2,665795,R,6.0,1.0,0,2,1,4,,,6.0,30.0,0.2,,,,,0.2,0.2
2026-04-12,824696,"Reynolds, Bryan",668804,4,1,592791,R,6.0,1.0,0,1,1,3,,,8.0,31.0,0.25806451612903225,,,,,0.25806451612903225,0.25806451612903225
2026-04-13,823400,"Reynolds, Bryan",668804,5,3,676917,R,6.0,1.0,0,3,0,5,,,6.0,30.0,0.2,5.0,10.0,24.0,43.0,0.20833333333333334,0.23255813953488372
2026-04-14,823398,"Reynolds, Bryan",668804,4,1,571945,R,6.0,1.0,1,0,3,1,,,9.0,30.0,0.3,5.0,12.0,24.0,44.0,0.20833333333333334,0.2727272727272727
2026-04-15,823399,"Reynolds, Bryan",668804,4,0,663623,R,5.0,1.0,0,0,0,4,,,9.0,30.0,0.3,5.0,11.0,23.0,43.0,0.21739130434782608,0.2558139534883721
2026-04-16,823396,"Reynolds, Bryan",668804,2,0,672335,L,2.0,1.0,0,0,1,1,0.1666666666666666,0.1111111111111111,8.0,30.0,0.26666666666666666,5.0,11.0,22.0,43.0,0.22727272727272727,0.2558139534883721
2026-04-17,823397,"Reynolds, Bryan",668804,5,0,607259,R,6.0,1.0,0,0,0,5,,,8.0,28.0,0.2857142857142857,5.0,11.0,23.0,40.0,0.21739130434782608,0.275
2026-04-18,823394,"Reynolds, Bryan",668804,6,0,656876,R,6.0,1.0,0,0,1,5,,,7.0,29.0,0.2413793103448276,4.0,11.0,19.0,45.0,0.21052631578947367,0.24444444444444444
2026-04-19,823393,"Reynolds, Bryan",668804,4,2,663556,L,5.0,1.0,1,1,3,1,,,5.0,30.0,0.16666666666666666,3.0,10.0,17.0,48.0,0.17647058823529413,0.20833333333333334
2026-04-21,822914,"Reynolds, Bryan",668804,4,0,677958,R,6.0,2.0,0,0,1,3,,,6.0,30.0,0.2,4.0,11.0,19.0,46.0,0.21052631578947367,0.2391304347826087
2026-04-22,822913,"Reynolds, Bryan",668804,5,2,683004,R,6.0,1.0,0,2,1,4,,,3.0,29.0,0.10344827586206896,4.0,8.0,19.0,45.0,0.21052631578947367,0.17777777777777778
2026-04-23,822912,"Reynolds, Bryan",668804,4,0,594798,R,6.0,1.0,0,0,0,4,,,4.0,30.0,0.13333333333333333,4.0,10.0,17.0,47.0,0.23529411764705882,0.2127659574468085
2026-04-24,823800,"Reynolds, Bryan",668804,5,0,605540,R,6.0,1.0,0,0,2,3,,,4.0,30.0,0.13333333333333333,4.0,9.0,17.0,47.0,0.23529411764705882,0.19148936170212766
2026-04-25,823799,"Reynolds, Bryan",668804,5,1,694819,R,6.0,1.0,1,0,2,3,0.1531531531531531,0.3783783783783784,4.0,33.0,0.12121212121212122,3.0,9.0,18.0,47.0,0.16666666666666666,0.19148936170212766
2026-04-26,823797,"Reynolds, Bryan",668804,4,0,690986,L,5.0,1.0,0,0,3,1,,,5.0,33.0,0.15151515151515152,4.0,9.0,20.0,46.0,0.2,0.1956521739130435
2026-04-27,823395,"Reynolds, Bryan",668804,4,0,669160,R,6.0,1.0,0,0,0,4,0.3055555555555556,0.1851851851851851,5.0,31.0,0.16129032258064516,3.0,9.0,19.0,47.0,0.15789473684210525,0.19148936170212766
2026-04-28,823390,"Reynolds, Bryan",668804,4,2,681517,R,6.0,1.0,0,2,1,3,0.2612612612612612,0.1351351351351351,3.0,31.0,0.0967741935483871,3.0,7.0,18.0,47.0,0.16666666666666666,0.14893617021276595
2026-04-29,823392,"Reynolds, Bryan",668804,5,0,669467,R,5.0,1.0,0,0,1,4,0.1929824561403508,0.175438596491228,5.0,31.0,0.16129032258064516,3.0,8.0,18.0,47.0,0.16666666666666666,0.1702127659574468
2026-04-30,823391,"Reynolds, Bryan",668804,5,2,690928,R,1.0,1.0,1,1,2,3,,,3.0,31.0,0.0967741935483871,3.0,5.0,19.0,46.0,0.15789473684210525,0.10869565217391304
2026-05-01,823389,"Reynolds, Bryan",668804,5,2,663903,R,6.0,1.0,0,2,0,5,0.3043478260869565,0.1217391304347826,5.0,32.0,0.15625,3.0,6.0,18.0,48.0,0.16666666666666666,0.125
2026-05-02,823388,"Reynolds, Bryan",668804,5,2,695076,R,6.0,1.0,2,0,2,3,0.225,0.1666666666666666,7.0,32.0,0.21875,3.0,8.0,18.0,49.0,0.16666666666666666,0.16326530612244897
2026-05-03,823387,"Reynolds, Bryan",668804,4,0,695505,R,5.0,1.0,0,0,0,4,0.211864406779661,0.2711864406779661,8.0,32.0,0.25,5.0,8.0,19.0,51.0,0.2631578947368421,0.1568627450980392
2026-05-05,825092,"Reynolds, Bryan",668804,4,0,593958,L,6.0,2.0,0,0,4,0,0.2113821138211382,0.1382113821138211,8.0,32.0,0.25,5.0,8.0,19.0,50.0,0.2631578947368421,0.16
2026-05-06,825091,"Reynolds, Bryan",668804,4,2,647336,R,6.0,1.0,0,2,0,4,0.2649572649572649,0.2222222222222222,8.0,32.0,0.25,5.0,8.0,22.0,45.0,0.22727272727272727,0.17777777777777778
2026-05-07,825090,"Reynolds, Bryan",668804,4,0,668678,R,6.0,1.0,0,0,1,3,0.297029702970297,0.1584158415841584,8.0,32.0,0.25,4.0,9.0,19.0,48.0,0.21052631578947367,0.1875
2026-05-08,823225,"Reynolds, Bryan",668804,4,0,592662,L,7.0,1.0,0,0,4,0,0.1739130434782608,0.2521739130434782,8.0,31.0,0.25806451612903225,4.0,9.0,19.0,48.0,0.21052631578947367,0.1875
2026-05-09,823224,"Reynolds, Bryan",668804,5,1,694738,R,7.0,1.0,1,0,2,3,0.146551724137931,0.25,6.0,30.0,0.2,4.0,7.0,22.0,44.0,0.18181818181818182,0.1590909090909091
2026-05-10,823221,"Reynolds, Bryan",668804,1,0,668873,R,2.0,1.0,0,0,0,1,0.2142857142857142,0.1428571428571428,5.0,30.0,0.16666666666666666,5.0,7.0,24.0,43.0,0.20833333333333334,0.16279069767441862
2026-05-12,823385,"Reynolds, Bryan",668804,4,1,547179,R,6.0,2.0,0,1,0,4,0.3130434782608696,0.1391304347826087,3.0,26.0,0.11538461538461539,5.0,7.0,22.0,41.0,0.22727272727272727,0.17073170731707318
2026-05-13,823386,"Reynolds, Bryan",668804,4,1,500779,L,6.0,1.0,1,0,2,2,0.2129629629629629,0.1111111111111111,4.0,26.0,0.15384615384615385,4.0,8.0,20.0,42.0,0.2,0.19047619047619047
2026-05-14,823383,"Reynolds, Bryan",668804,4,1,685299,R,5.0,1.0,0,1,1,3,0.2702702702702703,0.2702702702702703,5.0,26.0,0.19230769230769232,5.0,8.0,19.0,43.0,0.2631578947368421,0.18604651162790697
2026-05-15,823384,"Reynolds, Bryan",668804,5,2,605400,R,6.0,1.0,1,1,2,3,0.2807017543859649,0.219298245614035,4.0,26.0,0.15384615384615385,5.0,9.0,20.0,42.0,0.25,0.21428571428571427
2026-05-16,823382,"Reynolds, Bryan",668804,4,2,650911,L,6.0,1.0,2,0,4,0,0.2340425531914893,0.2553191489361702,6.0,27.0,0.2222222222222222,6.0,8.0,21.0,42.0,0.2857142857142857,0.19047619047619047
2026-05-17,823381,"Reynolds, Bryan",668804,4,0,554430,R,5.0,1.0,0,0,1,3,,,8.0,27.0,0.2962962962962963,8.0,8.0,24.0,38.0,0.3333333333333333,0.21052631578947367
2026-05-19,823059,"Reynolds, Bryan",668804,5,1,669461,L,6.0,2.0,1,0,3,2,0.2545454545454545,0.2,7.0,26.0,0.2692307692307692,7.0,7.0,23.0,38.0,0.30434782608695654,0.18421052631578946
2026-05-20,823057,"Reynolds, Bryan",668804,5,1,700241,R,6.0,1.0,0,1,1,4,0.1743119266055046,0.2201834862385321,8.0,30.0,0.26666666666666666,8.0,5.0,26.0,35.0,0.3076923076923077,0.14285714285714285
2026-05-21,823056,"Reynolds, Bryan",668804,5,0,669160,R,6.0,1.0,0,0,1,4,0.221311475409836,0.1639344262295081,8.0,31.0,0.25806451612903225,6.0,6.0,25.0,36.0,0.24,0.16666666666666666
2026-05-22,822816,"Reynolds, Bryan",668804,1,0,686973,R,2.0,1.0,0,0,0,1,0.2222222222222222,0.2962962962962963,7.0,32.0,0.21875,6.0,6.0,26.0,36.0,0.23076923076923078,0.16666666666666666
2026-05-23,822814,"Reynolds, Bryan",668804,4,2,571578,L,5.0,1.0,2,0,3,1,0.2935779816513761,0.1192660550458715,6.0,29.0,0.20689655172413793,6.0,6.0,22.0,37.0,0.2727272727272727,0.16216216216216217
2026-05-24,822813,"Reynolds, Bryan",668804,4,1,656302,R,5.0,1.0,0,1,1,3,0.2015503875968992,0.3100775193798449,6.0,28.0,0.21428571428571427,8.0,4.0,25.0,34.0,0.32,0.11764705882352941
2026-05-25,823380,"Reynolds, Bryan",668804,4,1,676962,R,6.0,1.0,0,1,0,4,0.140625,0.28125,5.0,28.0,0.17857142857142858,8.0,5.0,25.0,34.0,0.32,0.14705882352941177
2026-05-26,823379,"Reynolds, Bryan",668804,4,2,696136,L,3.0,1.0,2,0,4,0,,,6.0,28.0,0.21428571428571427,8.0,6.0,21.0,38.0,0.38095238095238093,0.15789473684210525
2026-05-27,823376,"Reynolds, Bryan",668804,4,3,592791,R,5.0,1.0,1,2,1,3,0.2393162393162393,0.188034188034188,7.0,27.0,0.25925925925925924,9.0,6.0,23.0,35.0,0.391304347826087,0.17142857142857143
2026-05-28,823378,"Reynolds, Bryan",668804,4,2,607067,R,5.0,1.0,0,2,1,3,0.2649572649572649,0.1709401709401709,9.0,26.0,0.34615384615384615,10.0,8.0,24.0,37.0,0.4166666666666667,0.21621621621621623
2026-05-29,823377,"Reynolds, Bryan",668804,5,1,671737,R,6.0,1.0,1,0,2,3,0.1854838709677419,0.2419354838709677,11.0,25.0,0.44,10.0,9.0,25.0,36.0,0.4,0.25
2026-05-30,823375,"Reynolds, Bryan",668804,5,2,641927,R,6.0,1.0,0,2,1,4,0.2066115702479339,0.1322314049586777,12.0,29.0,0.41379310344827586,10.0,9.0,25.0,37.0,0.4,0.24324324324324326
2026-05-31,823373,"Reynolds, Bryan",668804,5,0,805673,R,6.0,1.0,0,0,0,5,,,12.0,30.0,0.4,10.0,10.0,25.0,38.0,0.4,0.2631578947368421
2026-06-02,824189,"Reynolds, Bryan",668804,5,0,681347,R,6.0,2.0,0,0,1,4,0.2272727272727272,0.1590909090909091,11.0,31.0,0.3548387096774194,9.0,9.0,23.0,40.0,0.391304347826087,0.225
2026-06-03,824188,"Reynolds, Bryan",668804,5,1,681293,R,6.0,1.0,0,1,0,5,0.1322314049586777,0.1818181818181818,10.0,32.0,0.3125,7.0,9.0,20.0,44.0,0.35,0.20454545454545456
2026-06-04,824185,"Reynolds, Bryan",668804,4,1,678906,R,6.0,1.0,0,1,1,3,0.1494252873563218,0.264367816091954,9.0,33.0,0.2727272727272727,7.0,10.0,19.0,46.0,0.3684210526315789,0.21739130434782608
2026-06-05,824914,"Reynolds, Bryan",668804,4,0,527048,L,6.0,1.0,0,0,2,2,0.1971830985915492,0.2535211267605634,7.0,33.0,0.21212121212121213,6.0,11.0,17.0,47.0,0.35294117647058826,0.23404255319148937
2026-06-06,824915,"Reynolds, Bryan",668804,4,1,675911,R,6.0,1.0,0,1,0,4,0.1666666666666666,0.3148148148148148,5.0,33.0,0.15151515151515152,6.0,10.0,18.0,45.0,0.3333333333333333,0.2222222222222222
2026-06-07,824916,"Reynolds, Bryan",668804,4,0,693821,R,5.0,1.0,0,0,0,4,0.224,0.176,5.0,32.0,0.15625,6.0,11.0,17.0,45.0,0.35294117647058826,0.24444444444444444
2026-06-09,823374,"Reynolds, Bryan",668804,4,2,641778,L,7.0,2.0,2,0,3,1,0.2376237623762376,0.1188118811881188,3.0,31.0,0.0967741935483871,6.0,11.0,17.0,48.0,0.35294117647058826,0.22916666666666666
2026-06-10,823372,"Reynolds, Bryan",668804,5,1,660271,R,7.0,1.0,1,0,2,3,0.1140350877192982,0.2894736842105263,5.0,30.0,0.16666666666666666,6.0,11.0,17.0,48.0,0.35294117647058826,0.22916666666666666
2026-06-11,823371,"Reynolds, Bryan",668804,5,1,680736,L,7.0,1.0,1,0,5,0,0.2213740458015267,0.2213740458015267,6.0,30.0,0.2,7.0,10.0,18.0,48.0,0.3888888888888889,0.20833333333333334
2026-06-12,823370,"Reynolds, Bryan",668804,4,1,645261,R,5.0,1.0,0,1,0,4,0.2857142857142857,0.1729323308270676,6.0,30.0,0.2,8.0,9.0,23.0,44.0,0.34782608695652173,0.20454545454545456
2026-06-13,823369,"Reynolds, Bryan",668804,4,1,656848,R,2.0,1.0,1,0,2,2,0.1304347826086956,0.3478260869565217,6.0,30.0,0.2,6.0,10.0,19.0,48.0,0.3157894736842105,0.20833333333333334
2026-06-14,823368,"Reynolds, Bryan",668804,5,2,676974,R,5.0,1.0,0,2,0,5,0.1544715447154471,0.2601626016260163,7.0,30.0,0.23333333333333334,6.0,8.0,20.0,47.0,0.3,0.1702127659574468
2026-06-15,824993,"Reynolds, Bryan",668804,4,1,669372,R,6.0,1.0,0,1,0,4,0.1391304347826087,0.2695652173913043,8.0,31.0,0.25806451612903225,6.0,8.0,19.0,49.0,0.3157894736842105,0.16326530612244897
2026-06-16,824991,"Reynolds, Bryan",668804,5,4,678022,R,6.0,1.0,1,3,1,4,0.2028985507246377,0.2753623188405797,9.0,31.0,0.2903225806451613,5.0,9.0,17.0,50.0,0.29411764705882354,0.18
2026-06-17,824992,"Reynolds, Bryan",668804,5,2,650644,R,23.0,1.0,0,2,2,3,0.2894736842105263,0.131578947368421,11.0,32.0,0.34375,6.0,10.0,17.0,50.0,0.35294117647058826,0.2
2026-06-19,824345,"Reynolds, Bryan",668804,1,1,677955,R,3.0,2.0,0,1,0,1,0.2727272727272727,0.1363636363636363,12.0,32.0,0.375,6.0,12.0,19.0,48.0,0.3157894736842105,0.25
2026-06-20,824342,"Reynolds, Bryan",668804,4,1,608372,R,6.0,1.0,1,0,1,3,0.2627118644067797,0.135593220338983,12.0,28.0,0.42857142857142855,6.0,13.0,18.0,45.0,0.3333333333333333,0.28888888888888886
2026-06-21,824343,"Reynolds, Bryan",668804,5,2,547179,R,6.0,1.0,0,2,0,5,0.2857142857142857,0.2285714285714285,12.0,28.0,0.42857142857142855,7.0,12.0,19.0,43.0,0.3684210526315789,0.27906976744186046
2026-06-23,823365,"Reynolds, Bryan",668804,4,1,669923,R,6.0,2.0,0,1,1,3,0.314516129032258,0.2096774193548387,13.0,29.0,0.4482758620689655,7.0,13.0,18.0,45.0,0.3888888888888889,0.28888888888888886
2026-06-24,823367,"Reynolds, Bryan",668804,5,2,693433,R,6.0,1.0,0,2,0,5,0.2231404958677686,0.2727272727272727,12.0,28.0,0.42857142857142855,7.0,14.0,17.0,46.0,0.4117647058823529,0.30434782608695654
2026-06-25,823366,"Reynolds, Bryan",668804,4,1,682243,R,6.0,1.0,0,1,0,4,0.1443298969072164,0.3402061855670103,13.0,29.0,0.4482758620689655,7.0,15.0,17.0,47.0,0.4117647058823529,0.3191489361702128
2026-06-26,823363,"Reynolds, Bryan",668804,5,1,671096,L,6.0,1.0,1,0,5,0,0.2016806722689075,0.2184873949579832,10.0,28.0,0.35714285714285715,7.0,16.0,17.0,47.0,0.4117647058823529,0.3404255319148936
2026-06-27,823364,"Reynolds, Bryan",668804,5,1,695505,R,6.0,1.0,0,1,1,4,0.2035398230088495,0.336283185840708,9.0,28.0,0.32142857142857145,6.0,16.0,19.0,46.0,0.3157894736842105,0.34782608695652173
2026-06-28,823362,"Reynolds, Bryan",668804,5,0,663903,R,6.0,1.0,0,0,0,5,0.168141592920354,0.2212389380530973,9.0,32.0,0.28125,5.0,17.0,18.0,47.0,0.2777777777777778,0.3617021276595745
2026-06-29,823444,"Reynolds, Bryan",668804,5,1,605400,R,5.0,1.0,0,1,1,4,0.2385321100917431,0.2385321100917431,8.0,33.0,0.24242424242424243,4.0,17.0,13.0,52.0,0.3076923076923077,0.3269230769230769
2026-06-30,823445,"Reynolds, Bryan",668804,4,0,650911,L,5.0,1.0,0,0,3,1,0.2222222222222222,0.2539682539682539,7.0,33.0,0.21212121212121213,4.0,17.0,14.0,52.0,0.2857142857142857,0.3269230769230769
2026-07-01,823446,"Reynolds, Bryan",668804,5,1,554430,R,5.0,1.0,0,1,0,5,0.15,0.2833333333333333,6.0,33.0,0.18181818181818182,3.0,17.0,15.0,51.0,0.2,0.3333333333333333
2026-07-02,823442,"Reynolds, Bryan",668804,5,1,660604,R,5.0,1.0,0,1,2,3,,,5.0,33.0,0.15151515151515152,3.0,16.0,15.0,51.0,0.2,0.3137254901960784
2026-07-03,822714,"Reynolds, Bryan",668804,5,2,656492,L,6.0,1.0,1,1,2,3,0.175,0.275,5.0,34.0,0.14705882352941177,3.0,16.0,17.0,50.0,0.17647058823529413,0.32
2026-07-04,822716,"Reynolds, Bryan",668804,5,2,641793,R,6.0,1.0,1,1,1,4,0.2359550561797752,0.1573033707865168,6.0,34.0,0.17647058823529413,3.0,14.0,18.0,49.0,0.16666666666666666,0.2857142857142857
2026-07-05,822715,"Reynolds, Bryan",668804,5,1,676917,R,5.0,1.0,0,1,0,5,0.2169811320754717,0.2641509433962264,7.0,34.0,0.20588235294117646,4.0,13.0,17.0,50.0,0.23529411764705882,0.26
2026-07-07,823361,"Reynolds, Bryan",668804,4,0,694462,R,5.0,2.0,0,0,1,3,,,8.0,34.0,0.23529411764705882,4.0,13.0,17.0,54.0,0.23529411764705882,0.24074074074074073
2026-07-08,823360,"Reynolds, Bryan",668804,4,1,656550,R,5.0,1.0,0,1,1,3,0.1954022988505747,0.160919540229885,7.0,33.0,0.21212121212121213,3.0,13.0,17.0,54.0,0.17647058823529413,0.24074074074074073
2026-07-09,823359,"Reynolds, Bryan",668804,5,1,693821,R,12.0,1.0,0,1,1,4,0.2868852459016393,0.180327868852459,8.0,33.0,0.24242424242424243,3.0,12.0,18.0,52.0,0.16666666666666666,0.23076923076923078
2026-07-11,823356,"Reynolds, Bryan",668804,4,2,675660,L,5.0,0.0,2,0,3,1,0.247787610619469,0.2123893805309734,8.0,33.0,0.24242424242424243,3.0,12.0,18.0,53.0,0.16666666666666666,0.22641509433962265
2026-07-11,823357,"Reynolds, Bryan",668804,4,0,687075,R,6.0,2.0,0,0,1,3,0.1649484536082474,0.3092783505154639,9.0,32.0,0.28125,5.0,10.0,21.0,49.0,0.23809523809523808,0.20408163265306123
2026-07-12,823358,"Reynolds, Bryan",668804,4,1,688107,L,5.0,1.0,1,0,3,1,0.2066115702479339,0.2314049586776859,7.0,31.0,0.22580645161290322,5.0,9.0,22.0,48.0,0.22727272727272727,0.1875
2026-07-18,824412,"Reynolds, Bryan",668804,4,1,671106,L,54.0,0.0,1,0,2,2,,,6.0,30.0,0.2,5.0,9.0,20.0,49.0,0.25,0.1836734693877551
2026-07-18,824414,"Reynolds, Bryan",668804,4,2,668909,R,9.0,6.0,0,2,0,4,0.2260869565217391,0.3043478260869565,6.0,29.0,0.20689655172413793,6.0,8.0,21.0,47.0,0.2857142857142857,0.1702127659574468
2026-07-19,824411,"Reynolds, Bryan",668804,5,0,676282,L,7.0,1.0,0,0,4,1,0.1779661016949152,0.3220338983050847,8.0,29.0,0.27586206896551724,6.0,10.0,21.0,46.0,0.2857142857142857,0.21739130434782608
2026-07-20,823522,"Reynolds, Bryan",668804,4,1,677960,L,10.0,1.0,1,0,4,0,0.2692307692307692,0.2596153846153846,7.0,30.0,0.23333333333333334,6.0,9.0,24.0,43.0,0.25,0.20930232558139536
2026-07-22,823518,"Reynolds, Bryan",668804,5,0,543037,R,5.0,2.0,0,0,0,5,0.2711864406779661,0.2627118644067797,7.0,29.0,0.2413793103448276,7.0,9.0,25.0,42.0,0.28,0.21428571428571427
2026-07-22,823519,"Reynolds, Bryan",668804,4,0,608331,L,70.0,0.0,0,0,2,2,0.2123893805309734,0.2389380530973451,5.0,30.0,0.16666666666666666,7.0,8.0,25.0,42.0,0.28,0.19047619047619047
2026-07-24,823352,"Reynolds, Bryan",668804,5,0,571510,L,6.0,2.0,0,0,3,2,0.2051282051282051,0.1709401709401709,5.0,30.0,0.16666666666666666,7.0,7.0,25.0,41.0,0.28,0.17073170731707318
2026-07-25,823355,"Reynolds, Bryan",668804,3,0,684007,L,6.0,1.0,0,0,3,0,0.2608695652173913,0.217391304347826,4.0,31.0,0.12903225806451613,6.0,6.0,26.0,40.0,0.23076923076923078,0.15
2026-07-26,823354,"Reynolds, Bryan",668804,4,1,592791,R,6.0,1.0,0,1,1,3,0.268041237113402,0.2371134020618556,3.0,30.0,0.1,5.0,5.0,28.0,36.0,0.17857142857142858,0.1388888888888889
2026-07-27,823353,"Reynolds, Bryan",668804,4,1,518876,R,5.0,1.0,0,1,0,4,0.2393162393162393,0.1794871794871795,2.0,30.0,0.06666666666666667,5.0,5.0,29.0,34.0,0.1724137931034483,0.14705882352941177
2026-07-28,823350,"Reynolds, Bryan",668804,6,1,694297,R,5.0,1.0,0,1,0,6,0.2385321100917431,0.128440366972477,3.0,29.0,0.10344827586206896,5.0,6.0,28.0,35.0,0.17857142857142858,0.17142857142857143
2026-07-29,823351,"Reynolds, Bryan",668804,4,1,593958,L,5.0,1.0,1,0,4,0,0.2627118644067797,0.135593220338983,3.0,31.0,0.0967741935483871,5.0,6.0,27.0,38.0,0.18518518518518517,0.15789473684210525
2026-07-30,824488,"Reynolds, Bryan",668804,4,0,695076,R,6.0,1.0,0,0,0,4,0.25,0.1323529411764706,4.0,30.0,0.13333333333333333,6.0,5.0,30.0,34.0,0.2,0.14705882352941177
2026-07-31,824486,"Reynolds, Bryan",668804,5,2,668881,R,6.0,1.0,0,2,1,4,,,4.0,30.0,0.13333333333333333,4.0,5.0,27.0,37.0,0.14814814814814814,0.13513513513513514
2026-08-01,824485,"Reynolds, Bryan",668804,5,1,671096,L,6.0,1.0,1,0,5,0,0.1826086956521739,0.208695652173913,6.0,30.0,0.2,4.0,7.0,27.0,38.0,0.14814814814814814,0.18421052631578946
2026-08-02,824483,"Reynolds, Bryan",668804,4,1,695505,R,5.0,1.0,0,1,0,4,0.208695652173913,0.2260869565217391,7.0,32.0,0.21875,4.0,7.0,29.0,37.0,0.13793103448275862,0.1891891891891892
2026-08-03,823757,"Reynolds, Bryan",668804,5,2,687075,R,7.0,1.0,0,2,1,4,0.2,0.219047619047619,7.0,32.0,0.21875,3.0,8.0,27.0,39.0,0.1111111111111111,0.20512820512820512
2026-08-04,823756,"Reynolds, Bryan",668804,4,0,701656,R,7.0,1.0,0,0,0,4,0.1515151515151515,0.3131313131313131,8.0,33.0,0.24242424242424243,3.0,8.0,28.0,39.0,0.10714285714285714,0.20512820512820512
2026-08-05,823753,"Reynolds, Bryan",668804,4,1,690986,L,28.0,1.0,1,0,3,1,0.2,0.2526315789473684,7.0,31.0,0.22580645161290322,3.0,8.0,24.0,42.0,0.125,0.19047619047619047
2026-08-06,823754,"Reynolds, Bryan",668804,4,0,669160,R,8.0,1.0,0,0,1,3,0.2037037037037037,0.2592592592592592,7.0,31.0,0.22580645161290322,3.0,8.0,23.0,43.0,0.13043478260869565,0.18604651162790697
2026-08-07,823349,"Reynolds, Bryan",668804,6,2,804267,L,6.0,1.0,1,1,3,3,0.1913043478260869,0.1826086956521739,7.0,31.0,0.22580645161290322,3.0,8.0,24.0,41.0,0.125,0.1951219512195122
2026-08-08,823348,"Reynolds, Bryan",668804,5,1,476594,R,6.0,1.0,0,1,0,5,,,7.0,32.0,0.21875,4.0,9.0,25.0,42.0,0.16,0.21428571428571427
2026-08-09,823345,"Reynolds, Bryan",668804,3,1,640455,L,5.0,1.0,1,0,3,0,0.2440944881889764,0.2125984251968504,7.0,32.0,0.21875,4.0,10.0,22.0,45.0,0.18181818181818182,0.2222222222222222
2026-08-11,823832,"Reynolds, Bryan",668804,4,0,691587,R,6.0,2.0,0,0,0,4,0.2096774193548387,0.2580645161290322,7.0,31.0,0.22580645161290322,5.0,10.0,22.0,45.0,0.22727272727272727,0.2222222222222222
2026-08-12,823833,"Reynolds, Bryan",668804,4,0,676083,R,6.0,1.0,0,0,0,4,0.2421052631578947,0.2,5.0,30.0,0.16666666666666666,5.0,9.0,21.0,46.0,0.23809523809523808,0.1956521739130435
2026-08-13,823829,"Reynolds, Bryan",668804,5,0,663969,R,6.0,1.0,0,0,1,4,0.25,0.1785714285714285,5.0,30.0,0.16666666666666666,5.0,8.0,21.0,46.0,0.23809523809523808,0.17391304347826086
2026-08-14,823346,"Reynolds, Bryan",668804,4,2,687562,L,6.0,1.0,2,0,4,0,0.2195121951219512,0.1626016260162601,4.0,31.0,0.12903225806451613,5.0,7.0,22.0,44.0,0.22727272727272727,0.1590909090909091
2026-08-15,823347,"Reynolds, Bryan",668804,4,0,543243,R,5.0,1.0,0,0,1,3,0.2421875,0.1953125,6.0,31.0,0.1935483870967742,6.0,7.0,22.0,44.0,0.2727272727272727,0.1590909090909091
2026-08-16,823344,"Reynolds, Bryan",668804,4,2,663776,L,5.0,1.0,2,0,4,0,0.282051282051282,0.2051282051282051,4.0,29.0,0.13793103448275862,6.0,7.0,23.0,43.0,0.2608695652173913,0.16279069767441862
2026-08-17,823343,"Reynolds, Bryan",668804,5,0,664285,L,5.0,1.0,0,0,3,2,0.2457627118644068,0.1610169491525423,5.0,28.0,0.17857142857142858,8.0,5.0,26.0,39.0,0.3076923076923077,0.1282051282051282
2026-08-18,823341,"Reynolds, Bryan",668804,4,1,672456,R,5.0,1.0,1,0,1,3,0.1896551724137931,0.1379310344827586,4.0,30.0,0.13333333333333333,7.0,5.0,24.0,41.0,0.2916666666666667,0.12195121951219512
2026-08-19,823342,"Reynolds, Bryan",668804,4,1,695549,R,5.0,1.0,0,1,0,4,,,5.0,30.0,0.16666666666666666,8.0,4.0,25.0,40.0,0.32,0.1
2026-08-21,823911,"Reynolds, Bryan",668804,5,2,808967,R,7.0,2.0,0,2,0,5,0.1526717557251908,0.2290076335877862,6.0,30.0,0.2,8.0,3.0,24.0,40.0,0.3333333333333333,0.075
2026-08-22,823910,"Reynolds, Bryan",668804,4,1,669373,L,6.0,1.0,1,0,3,1,0.184,0.296,8.0,30.0,0.26666666666666666,8.0,5.0,24.0,41.0,0.3333333333333333,0.12195121951219512
2026-08-23,823909,"Reynolds, Bryan",668804,4,0,605483,L,6.0,1.0,0,0,3,1,,,7.0,30.0,0.23333333333333334,8.0,5.0,24.0,41.0,0.3333333333333333,0.12195121951219512
2026-08-24,823260,"Reynolds, Bryan",668804,6,1,592662,L,6.0,1.0,1,0,5,1,0.1946902654867256,0.1858407079646017,7.0,30.0,0.23333333333333334,8.0,5.0,26.0,39.0,0.3076923076923077,0.1282051282051282
2026-08-25,823259,"Reynolds, Bryan",668804,4,2,650633,R,6.0,1.0,0,2,0,4,0.2184873949579832,0.2100840336134453,6.0,32.0,0.1875,8.0,4.0,28.0,37.0,0.2857142857142857,0.10810810810810811
2026-08-26,823255,"Reynolds, Bryan",668804,4,1,681190,R,5.0,1.0,0,1,1,3,0.1568627450980392,0.1078431372549019,8.0,31.0,0.25806451612903225,8.0,5.0,28.0,36.0,0.2857142857142857,0.1388888888888889
2026-08-28,823013,"Reynolds, Bryan",668804,4,0,687273,L,6.0,2.0,0,0,3,1,,,8.0,31.0,0.25806451612903225,7.0,6.0,26.0,39.0,0.2692307692307692,0.15384615384615385
2026-08-29,823011,"Reynolds, Bryan",668804,5,1,681517,R,6.0,1.0,0,1,1,4,0.2525252525252525,0.2727272727272727,7.0,31.0,0.22580645161290322,7.0,6.0,29.0,36.0,0.2413793103448276,0.16666666666666666
2026-08-30,823010,"Reynolds, Bryan",668804,5,2,669461,L,5.0,1.0,1,1,3,2,0.2336448598130841,0.2990654205607476,6.0,31.0,0.1935483870967742,7.0,7.0,30.0,36.0,0.23333333333333334,0.19444444444444445
2026-09-01,823340,"Reynolds, Bryan",668804,6,1,702885,L,6.0,2.0,0,1,2,4,,,7.0,32.0,0.21875,8.0,8.0,32.0,34.0,0.25,0.23529411764705882
2026-09-02,823339,"Reynolds, Bryan",668804,5,2,694738,R,6.0,1.0,0,2,1,4,0.1818181818181818,0.1570247933884297,8.0,34.0,0.23529411764705882,6.0,9.0,30.0,38.0,0.2,0.23684210526315788
2026-09-03,823337,"Reynolds, Bryan",668804,4,0,694918,R,6.0,1.0,0,0,0,4,0.2149532710280373,0.1962616822429906,9.0,33.0,0.2727272727272727,6.0,11.0,30.0,39.0,0.2,0.28205128205128205
2026-09-04,823338,"Reynolds, Bryan",668804,4,2,696270,R,6.0,1.0,1,1,1,3,0.1333333333333333,0.1428571428571428,7.0,33.0,0.21212121212121213,4.0,11.0,26.0,43.0,0.15384615384615385,0.2558139534883721
2026-03-26,823649,"Triolo, Jared",669707,4,1,642547,R,,,0,1,0,4,,,,,,,,,,,
2026-03-28,823651,"Triolo, Jared",669707,6,1,656849,L,,2.0,1,0,4,2,,,,,,,,,,,
2026-03-29,823647,"Triolo, Jared",669707,5,0,690997,R,1.0,1.0,0,0,2,3,,,,,,,,,,,
2026-03-30,824539,"Triolo, Jared",669707,4,0,695505,R,2.0,1.0,0,0,0,4,,,,,,,,,,,
2026-04-01,824536,"Triolo, Jared",669707,4,1,671096,L,6.0,2.0,1,0,2,2,,,,,,,,,,,
2026-04-03,823406,"Triolo, Jared",669707,3,2,680694,R,6.0,2.0,0,2,0,3,,,,,,,,,,,
2026-05-02,823388,"Triolo, Jared",669707,1,0,624431,R,1.0,29.0,0,0,0,1,,,,,,,,,,,
2026-05-05,825092,"Triolo, Jared",669707,3,1,593958,L,6.0,3.0,1,0,2,1,0.2113821138211382,0.1382113821138211,5.0,27.0,0.18518518518518517,,,,,0.18518518518518517,0.18518518518518517
2026-05-07,825090,"Triolo, Jared",669707,4,0,668678,R,6.0,2.0,0,0,0,4,0.297029702970297,0.1584158415841584,5.0,26.0,0.19230769230769232,,,,,0.19230769230769232,0.19230769230769232
2026-05-08,823225,"Triolo, Jared",669707,4,0,592662,L,7.0,1.0,0,0,4,0,0.1739130434782608,0.2521739130434782,4.0,24.0,0.16666666666666666,,,,,0.16666666666666666,0.16666666666666666
2026-05-09,823224,"Triolo, Jared",669707,1,1,683766,R,35.0,1.0,0,1,0,1,,,4.0,23.0,0.17391304347826086,,,,,0.17391304347826086,0.17391304347826086
2026-05-13,823386,"Triolo, Jared",669707,2,1,500779,L,6.0,4.0,1,0,2,0,0.2129629629629629,0.1111111111111111,5.0,20.0,0.25,,,,,0.25,0.25
2026-05-14,823383,"Triolo, Jared",669707,4,2,685299,R,5.0,1.0,0,2,0,4,0.2702702702702703,0.2702702702702703,5.0,18.0,0.2777777777777778,,,,,0.2777777777777778,0.2777777777777778
2026-05-15,823384,"Triolo, Jared",669707,4,1,605400,R,6.0,1.0,0,1,0,4,0.2807017543859649,0.219298245614035,5.0,19.0,0.2631578947368421,,,,,0.2631578947368421,0.2631578947368421
2026-05-16,823382,"Triolo, Jared",669707,3,0,650911,L,6.0,1.0,0,0,3,0,0.2340425531914893,0.2553191489361702,6.0,22.0,0.2727272727272727,,,,,0.2727272727272727,0.2727272727272727
2026-05-17,823381,"Triolo, Jared",669707,3,0,554430,R,5.0,1.0,0,0,0,3,,,5.0,22.0,0.22727272727272727,4.0,7.0,19.0,33.0,0.21052631578947367,0.21212121212121213
2026-05-19,823059,"Triolo, Jared",669707,4,3,669461,L,6.0,2.0,2,1,3,1,0.2545454545454545,0.2,5.0,21.0,0.23809523809523808,4.0,6.0,19.0,32.0,0.21052631578947367,0.1875
2026-05-21,823056,"Triolo, Jared",669707,4,1,669160,R,6.0,2.0,0,1,0,4,0.221311475409836,0.1639344262295081,8.0,21.0,0.38095238095238093,5.0,7.0,18.0,31.0,0.2777777777777778,0.22580645161290322
2026-05-23,822814,"Triolo, Jared",669707,2,0,571578,L,5.0,2.0,0,0,2,0,0.2935779816513761,0.1192660550458715,8.0,24.0,0.3333333333333333,5.0,8.0,16.0,32.0,0.3125,0.25
2026-05-24,822813,"Triolo, Jared",669707,4,0,656302,R,5.0,1.0,0,0,0,4,0.2015503875968992,0.3100775193798449,7.0,24.0,0.2916666666666667,5.0,8.0,18.0,28.0,0.2777777777777778,0.2857142857142857
2026-05-26,823379,"Triolo, Jared",669707,1,1,571948,L,4.0,2.0,1,0,1,0,0.1904761904761904,0.1904761904761904,5.0,24.0,0.20833333333333334,4.0,8.0,16.0,30.0,0.25,0.26666666666666666
2026-05-28,823378,"Triolo, Jared",669707,4,1,607067,R,5.0,2.0,0,1,1,3,0.2649572649572649,0.1709401709401709,5.0,21.0,0.23809523809523808,5.0,6.0,17.0,27.0,0.29411764705882354,0.2222222222222222
2026-05-29,823377,"Triolo, Jared",669707,4,0,671737,R,6.0,1.0,0,0,0,4,0.1854838709677419,0.2419354838709677,6.0,22.0,0.2727272727272727,5.0,7.0,18.0,29.0,0.2777777777777778,0.2413793103448276
2026-05-30,823375,"Triolo, Jared",669707,5,1,641927,R,6.0,1.0,0,1,0,5,0.2066115702479339,0.1322314049586777,6.0,23.0,0.2608695652173913,4.0,7.0,16.0,32.0,0.25,0.21875
2026-05-31,823373,"Triolo, Jared",669707,4,1,805673,R,6.0,1.0,0,1,0,4,,,4.0,24.0,0.16666666666666666,4.0,8.0,16.0,33.0,0.25,0.24242424242424243
2026-06-02,824189,"Triolo, Jared",669707,4,0,681347,R,6.0,2.0,0,0,0,4,0.2272727272727272,0.1590909090909091,4.0,24.0,0.16666666666666666,4.0,9.0,12.0,37.0,0.3333333333333333,0.24324324324324326
2026-06-03,824188,"Triolo, Jared",669707,5,1,681293,R,6.0,1.0,1,0,2,3,0.1322314049586777,0.1818181818181818,4.0,26.0,0.15384615384615385,4.0,8.0,12.0,40.0,0.3333333333333333,0.2
2026-06-04,824185,"Triolo, Jared",669707,4,0,678906,R,6.0,1.0,0,0,1,3,0.1494252873563218,0.264367816091954,5.0,27.0,0.18518518518518517,4.0,8.0,12.0,43.0,0.3333333333333333,0.18604651162790697
2026-06-05,824914,"Triolo, Jared",669707,3,1,527048,L,6.0,1.0,1,0,3,0,0.1971830985915492,0.2535211267605634,4.0,30.0,0.13333333333333333,4.0,6.0,13.0,42.0,0.3076923076923077,0.14285714285714285
2026-06-06,824915,"Triolo, Jared",669707,3,1,675911,R,6.0,1.0,0,1,1,2,0.1666666666666666,0.3148148148148148,4.0,29.0,0.13793103448275862,5.0,5.0,16.0,38.0,0.3125,0.13157894736842105
2026-06-07,824916,"Triolo, Jared",669707,4,0,693821,R,5.0,1.0,0,0,0,4,0.224,0.176,5.0,28.0,0.17857142857142858,5.0,6.0,14.0,40.0,0.35714285714285715,0.15
2026-06-09,823374,"Triolo, Jared",669707,3,1,641778,L,7.0,2.0,1,0,2,1,0.2376237623762376,0.1188118811881188,4.0,27.0,0.14814814814814814,5.0,6.0,14.0,41.0,0.35714285714285715,0.14634146341463414
2026-06-10,823372,"Triolo, Jared",669707,4,1,660271,R,7.0,1.0,0,1,0,4,0.1140350877192982,0.2894736842105263,4.0,26.0,0.15384615384615385,4.0,5.0,13.0,41.0,0.3076923076923077,0.12195121951219512
2026-06-11,823371,"Triolo, Jared",669707,4,1,680736,L,7.0,1.0,1,0,2,2,0.2213740458015267,0.2213740458015267,5.0,26.0,0.19230769230769232,4.0,5.0,13.0,41.0,0.3076923076923077,0.12195121951219512
2026-06-12,823370,"Triolo, Jared",669707,3,1,645261,R,5.0,1.0,0,1,0,3,0.2857142857142857,0.1729323308270676,5.0,25.0,0.2,5.0,5.0,13.0,43.0,0.38461538461538464,0.11627906976744186
2026-06-13,823369,"Triolo, Jared",669707,4,0,669199,R,3.0,1.0,0,0,0,4,0.1627906976744186,0.3255813953488372,6.0,24.0,0.25,5.0,6.0,13.0,42.0,0.38461538461538464,0.14285714285714285
2026-06-14,823368,"Triolo, Jared",669707,4,1,676974,R,5.0,1.0,0,1,0,4,0.1544715447154471,0.2601626016260163,5.0,25.0,0.2,4.0,6.0,12.0,46.0,0.3333333333333333,0.13043478260869565
2026-06-16,824991,"Triolo, Jared",669707,4,0,678022,R,6.0,2.0,0,0,1,3,0.2028985507246377,0.2753623188405797,5.0,26.0,0.19230769230769232,4.0,6.0,11.0,47.0,0.36363636363636365,0.1276595744680851
2026-06-17,824992,"Triolo, Jared",669707,5,2,650644,R,23.0,1.0,0,2,1,4,0.2894736842105263,0.131578947368421,5.0,26.0,0.19230769230769232,4.0,6.0,12.0,46.0,0.3333333333333333,0.13043478260869565
2026-06-19,824345,"Triolo, Jared",669707,4,2,607536,L,6.0,2.0,2,0,3,1,0.3305785123966942,0.1487603305785124,6.0,28.0,0.21428571428571427,4.0,7.0,13.0,45.0,0.3076923076923077,0.15555555555555556
2026-06-20,824342,"Triolo, Jared",669707,3,0,608372,R,6.0,1.0,0,0,0,3,0.2627118644067797,0.135593220338983,7.0,28.0,0.25,6.0,6.0,16.0,42.0,0.375,0.14285714285714285
2026-06-21,824343,"Triolo, Jared",669707,4,1,547179,R,6.0,1.0,0,1,0,4,0.2857142857142857,0.2285714285714285,6.0,27.0,0.2222222222222222,6.0,6.0,16.0,41.0,0.375,0.14634146341463414
2026-06-23,823365,"Triolo, Jared",669707,3,0,669923,R,6.0,2.0,0,0,0,3,0.314516129032258,0.2096774193548387,6.0,28.0,0.21428571428571427,5.0,7.0,14.0,42.0,0.35714285714285715,0.16666666666666666
2026-06-24,823367,"Triolo, Jared",669707,4,0,693433,R,6.0,1.0,0,0,0,4,0.2231404958677686,0.2727272727272727,6.0,27.0,0.2222222222222222,5.0,7.0,13.0,42.0,0.38461538461538464,0.16666666666666666
2026-06-25,823366,"Triolo, Jared",669707,3,1,682243,R,6.0,1.0,0,1,0,3,0.1443298969072164,0.3402061855670103,5.0,27.0,0.18518518518518517,4.0,7.0,10.0,46.0,0.4,0.15217391304347827
2026-06-26,823363,"Triolo, Jared",669707,2,0,671096,L,6.0,1.0,0,0,2,0,0.2016806722689075,0.2184873949579832,6.0,26.0,0.23076923076923078,4.0,7.0,9.0,47.0,0.4444444444444444,0.14893617021276595
2026-06-27,823364,"Triolo, Jared",669707,4,3,695505,R,6.0,1.0,0,3,1,3,0.2035398230088495,0.336283185840708,4.0,23.0,0.17391304347826086,4.0,7.0,11.0,43.0,0.36363636363636365,0.16279069767441862
2026-06-29,823444,"Triolo, Jared",669707,4,1,605400,R,5.0,2.0,0,1,1,3,0.2385321100917431,0.2385321100917431,5.0,23.0,0.21739130434782608,3.0,10.0,10.0,45.0,0.3,0.2222222222222222
2026-06-30,823445,"Triolo, Jared",669707,4,0,650911,L,5.0,1.0,0,0,3,1,0.2222222222222222,0.2539682539682539,6.0,24.0,0.25,3.0,10.0,11.0,44.0,0.2727272727272727,0.22727272727272727
2026-07-01,823446,"Triolo, Jared",669707,3,1,686751,R,2.0,1.0,0,1,1,2,0.1363636363636363,0.3636363636363636,5.0,24.0,0.20833333333333334,2.0,10.0,12.0,43.0,0.16666666666666666,0.23255813953488372
2026-07-02,823442,"Triolo, Jared",669707,5,0,660604,R,5.0,1.0,0,0,1,4,,,6.0,24.0,0.25,2.0,10.0,13.0,42.0,0.15384615384615385,0.23809523809523808
2026-07-03,822714,"Triolo, Jared",669707,4,2,656492,L,6.0,1.0,0,2,2,2,0.175,0.275,6.0,25.0,0.24,2.0,10.0,14.0,42.0,0.14285714285714285,0.23809523809523808
2026-07-05,822715,"Triolo, Jared",669707,3,1,695418,R,4.0,2.0,0,1,1,2,0.2407407407407407,0.2777777777777778,7.0,26.0,0.2692307692307692,2.0,11.0,16.0,40.0,0.125,0.275
2026-07-07,823361,"Triolo, Jared",669707,5,1,694462,R,5.0,2.0,0,1,2,3,,,8.0,27.0,0.2962962962962963,2.0,12.0,16.0,39.0,0.125,0.3076923076923077
2026-07-08,823360,"Triolo, Jared",669707,3,0,656550,R,5.0,1.0,0,0,1,2,0.1954022988505747,0.160919540229885,6.0,28.0,0.21428571428571427,2.0,11.0,17.0,38.0,0.11764705882352941,0.2894736842105263
2026-07-09,823359,"Triolo, Jared",669707,4,0,693821,R,12.0,1.0,0,0,0,4,0.2868852459016393,0.180327868852459,5.0,27.0,0.18518518518518517,0.0,11.0,15.0,39.0,0.0,0.28205128205128205
2026-07-11,823356,"Triolo, Jared",669707,3,0,675660,L,5.0,0.0,0,0,2,1,0.247787610619469,0.2123893805309734,5.0,27.0,0.18518518518518517,0.0,11.0,15.0,40.0,0.0,0.275
2026-07-11,823357,"Triolo, Jared",669707,4,0,687075,R,6.0,2.0,0,0,0,4,0.1649484536082474,0.3092783505154639,4.0,27.0,0.14814814814814814,0.0,10.0,17.0,37.0,0.0,0.2702702702702703
2026-07-12,823358,"Triolo, Jared",669707,5,3,688107,L,5.0,1.0,1,2,2,3,0.2066115702479339,0.2314049586776859,4.0,26.0,0.15384615384615385,0.0,10.0,17.0,38.0,0.0,0.2631578947368421
2026-07-18,824412,"Triolo, Jared",669707,3,1,671106,L,54.0,6.0,1,0,2,1,,,5.0,27.0,0.18518518518518517,1.0,12.0,19.0,37.0,0.05263157894736842,0.32432432432432434
2026-07-19,824411,"Triolo, Jared",669707,5,2,676282,L,7.0,1.0,2,0,4,1,0.1779661016949152,0.3220338983050847,5.0,27.0,0.18518518518518517,2.0,11.0,21.0,35.0,0.09523809523809523,0.3142857142857143
2026-07-20,823522,"Triolo, Jared",669707,2,1,677960,L,10.0,1.0,1,0,2,0,0.2692307692307692,0.2596153846153846,6.0,27.0,0.2222222222222222,4.0,11.0,23.0,36.0,0.17391304347826086,0.3055555555555556
2026-07-22,823518,"Triolo, Jared",669707,2,1,518585,R,2.0,2.0,0,1,1,1,0.1176470588235294,0.4117647058823529,7.0,26.0,0.2692307692307692,5.0,8.0,24.0,33.0,0.20833333333333334,0.24242424242424243
2026-07-22,823519,"Triolo, Jared",669707,3,1,608331,L,70.0,0.0,0,1,2,1,0.2123893805309734,0.2389380530973451,8.0,24.0,0.3333333333333333,5.0,8.0,24.0,31.0,0.20833333333333334,0.25806451612903225
2026-07-24,823352,"Triolo, Jared",669707,4,1,571510,L,6.0,2.0,1,0,4,0,0.2051282051282051,0.1709401709401709,9.0,24.0,0.375,5.0,9.0,23.0,31.0,0.21739130434782608,0.2903225806451613
2026-07-25,823355,"Triolo, Jared",669707,4,0,684007,L,6.0,1.0,0,0,2,2,0.2608695652173913,0.217391304347826,10.0,24.0,0.4166666666666667,6.0,8.0,26.0,29.0,0.23076923076923078,0.27586206896551724
2026-07-27,823353,"Triolo, Jared",669707,2,0,518876,R,5.0,2.0,0,0,0,2,0.2393162393162393,0.1794871794871795,7.0,23.0,0.30434782608695654,6.0,8.0,27.0,27.0,0.2222222222222222,0.2962962962962963
2026-07-28,823350,"Triolo, Jared",669707,2,0,805299,L,2.0,1.0,0,0,1,1,0.2941176470588235,0.2941176470588235,6.0,22.0,0.2727272727272727,6.0,6.0,25.0,27.0,0.24,0.2222222222222222
2026-07-29,823351,"Triolo, Jared",669707,3,2,593958,L,5.0,1.0,2,0,3,0,0.2627118644067797,0.135593220338983,4.0,19.0,0.21052631578947367,6.0,5.0,25.0,26.0,0.24,0.19230769230769232
2026-07-30,824488,"Triolo, Jared",669707,2,0,656271,L,2.0,1.0,0,0,1,1,0.1111111111111111,0.1666666666666666,5.0,20.0,0.25,8.0,4.0,26.0,23.0,0.3076923076923077,0.17391304347826086
2026-07-31,824486,"Triolo, Jared",669707,1,0,572955,R,2.0,1.0,0,0,0,1,0.2631578947368421,0.1578947368421052,4.0,20.0,0.2,8.0,4.0,26.0,22.0,0.3076923076923077,0.18181818181818182
2026-08-01,824485,"Triolo, Jared",669707,4,0,671096,L,6.0,1.0,0,0,2,2,0.1826086956521739,0.208695652173913,3.0,18.0,0.16666666666666666,8.0,4.0,26.0,19.0,0.3076923076923077,0.21052631578947367
2026-08-02,824483,"Triolo, Jared",669707,1,1,622088,R,3.0,1.0,0,1,0,1,0.16,0.2,2.0,18.0,0.1111111111111111,8.0,4.0,26.0,20.0,0.3076923076923077,0.2
2026-08-04,823756,"Triolo, Jared",669707,3,0,701656,R,7.0,2.0,0,0,0,3,0.1515151515151515,0.3131313131313131,3.0,15.0,0.2,8.0,5.0,26.0,17.0,0.3076923076923077,0.29411764705882354
2026-08-05,823753,"Triolo, Jared",669707,2,0,690986,L,28.0,1.0,0,0,2,0,0.2,0.2526315789473684,3.0,16.0,0.1875,7.0,3.0,24.0,17.0,0.2916666666666667,0.17647058823529413
2026-08-06,823754,"Triolo, Jared",669707,1,0,669084,L,1.0,1.0,0,0,1,0,0.1714285714285714,0.2,3.0,16.0,0.1875,6.0,3.0,24.0,16.0,0.25,0.1875
2026-08-07,823349,"Triolo, Jared",669707,3,2,804267,L,6.0,1.0,2,0,3,0,0.1913043478260869,0.1826086956521739,1.0,14.0,0.07142857142857142,4.0,3.0,21.0,15.0,0.19047619047619047,0.2
2026-08-09,823345,"Triolo, Jared",669707,3,0,640455,L,5.0,2.0,0,0,2,1,0.2440944881889764,0.2125984251968504,3.0,15.0,0.2,5.0,3.0,22.0,15.0,0.22727272727272727,0.2
2026-08-13,823829,"Triolo, Jared",669707,5,3,663969,R,6.0,4.0,1,2,2,3,0.25,0.1785714285714285,3.0,17.0,0.17647058823529413,5.0,2.0,23.0,15.0,0.21739130434782608,0.13333333333333333
2026-08-14,823346,"Triolo, Jared",669707,4,0,687562,L,6.0,1.0,0,0,4,0,0.2195121951219512,0.1626016260162601,6.0,18.0,0.3333333333333333,6.0,3.0,23.0,17.0,0.2608695652173913,0.17647058823529413
2026-08-15,823347,"Triolo, Jared",669707,3,0,543243,R,5.0,1.0,0,0,1,2,0.2421875,0.1953125,5.0,21.0,0.23809523809523808,5.0,3.0,23.0,17.0,0.21739130434782608,0.17647058823529413
2026-08-16,823344,"Triolo, Jared",669707,5,1,663776,L,5.0,1.0,1,0,5,0,0.282051282051282,0.2051282051282051,5.0,21.0,0.23809523809523808,5.0,3.0,22.0,17.0,0.22727272727272727,0.17647058823529413
2026-08-17,823343,"Triolo, Jared",669707,3,0,664285,L,5.0,1.0,0,0,3,0,0.2457627118644068,0.1610169491525423,6.0,24.0,0.25,6.0,3.0,27.0,15.0,0.2222222222222222,0.2
2026-08-18,823341,"Triolo, Jared",669707,3,1,672456,R,5.0,1.0,0,1,0,3,0.1896551724137931,0.1379310344827586,6.0,26.0,0.23076923076923078,6.0,3.0,29.0,14.0,0.20689655172413793,0.21428571428571427
2026-08-19,823342,"Triolo, Jared",669707,3,0,695549,R,5.0,1.0,0,0,0,3,,,5.0,26.0,0.19230769230769232,4.0,4.0,26.0,17.0,0.15384615384615385,0.23529411764705882
2026-08-21,823911,"Triolo, Jared",669707,4,0,808967,R,7.0,2.0,0,0,0,4,0.1526717557251908,0.2290076335877862,5.0,26.0,0.19230769230769232,4.0,4.0,25.0,19.0,0.16,0.21052631578947367
2026-08-22,823910,"Triolo, Jared",669707,3,1,669373,L,6.0,1.0,1,0,3,0,0.184,0.296,2.0,25.0,0.08,4.0,4.0,25.0,22.0,0.16,0.18181818181818182
2026-08-23,823909,"Triolo, Jared",669707,2,0,605483,L,6.0,1.0,0,0,2,0,,,3.0,24.0,0.125,5.0,4.0,26.0,20.0,0.19230769230769232,0.2
2026-08-24,823260,"Triolo, Jared",669707,5,2,592662,L,6.0,1.0,2,0,4,1,0.1946902654867256,0.1858407079646017,3.0,23.0,0.13043478260869565,5.0,3.0,28.0,19.0,0.17857142857142858,0.15789473684210525
2026-08-25,823259,"Triolo, Jared",669707,3,1,650633,R,6.0,1.0,0,1,0,3,0.2184873949579832,0.2100840336134453,4.0,23.0,0.17391304347826086,7.0,3.0,32.0,17.0,0.21875,0.17647058823529413
2026-08-26,823255,"Triolo, Jared",669707,2,1,699134,R,2.0,1.0,1,0,1,1,0.1904761904761904,0.4285714285714285,5.0,23.0,0.21739130434782608,7.0,4.0,30.0,20.0,0.23333333333333334,0.2
2026-08-28,823013,"Triolo, Jared",669707,3,2,687273,L,6.0,2.0,2,0,3,0,,,5.0,22.0,0.22727272727272727,8.0,4.0,30.0,21.0,0.26666666666666666,0.19047619047619047
2026-08-29,823011,"Triolo, Jared",669707,4,1,802408,L,96.0,1.0,1,0,2,2,,,7.0,22.0,0.3181818181818182,8.0,4.0,30.0,21.0,0.26666666666666666,0.19047619047619047
2026-08-30,823010,"Triolo, Jared",669707,5,1,669461,L,5.0,1.0,1,0,3,2,0.2336448598130841,0.2990654205607476,8.0,22.0,0.36363636363636365,9.0,4.0,30.0,22.0,0.3,0.18181818181818182
2026-09-01,823340,"Triolo, Jared",669707,5,1,657277,R,6.0,2.0,0,1,1,4,0.2051282051282051,0.2136752136752136,8.0,24.0,0.3333333333333333,9.0,2.0,31.0,21.0,0.2903225806451613,0.09523809523809523
2026-09-02,823339,"Triolo, Jared",669707,3,0,694738,R,6.0,1.0,0,0,0,3,0.1818181818181818,0.1570247933884297,9.0,27.0,0.3333333333333333,9.0,3.0,28.0,25.0,0.32142857142857145,0.12
2026-09-03,823337,"Triolo, Jared",669707,4,0,694918,R,6.0,1.0,0,0,1,3,0.2149532710280373,0.1962616822429906,7.0,25.0,0.28,9.0,3.0,27.0,26.0,0.3333333333333333,0.11538461538461539
2026-03-26,823649,"Davis, Henry",680779,4,1,642547,R,,,0,1,0,4,,,,,,,,,,,
2026-03-28,823651,"Davis, Henry",680779,1,0,472610,R,2.0,2.0,0,0,0,1,,,,,,,,,,,
2026-03-29,823647,"Davis, Henry",680779,5,1,690997,R,1.0,1.0,1,0,1,4,,,,,,,,,,,
2026-03-30,824539,"Davis, Henry",680779,3,0,695505,R,2.0,1.0,0,0,0,3,,,,,,,,,,,
2026-04-01,824536,"Davis, Henry",680779,4,0,671096,L,6.0,2.0,0,0,2,2,,,,,,,,,,,
2026-04-03,823406,"Davis, Henry",680779,3,1,680694,R,6.0,2.0,0,1,0,3,,,,,,,,,,,
2026-04-05,823405,"Davis, Henry",680779,4,1,700249,L,6.0,2.0,0,1,3,1,,,,,,,,,,,
2026-04-06,823401,"Davis, Henry",680779,3,0,608566,R,6.0,1.0,0,0,0,3,,,4.0,24.0,0.16666666666666666,,,,,0.16666666666666666,0.16666666666666666
2026-04-07,823402,"Davis, Henry",680779,4,2,601713,R,6.0,1.0,1,1,1,3,,,3.0,23.0,0.13043478260869565,,,,,0.13043478260869565,0.13043478260869565
2026-04-11,824697,"Davis, Henry",680779,4,0,665795,R,6.0,4.0,0,0,0,4,,,5.0,26.0,0.19230769230769232,,,,,0.19230769230769232,0.19230769230769232
2026-04-13,823400,"Davis, Henry",680779,5,2,676917,R,6.0,2.0,0,2,0,5,,,4.0,25.0,0.16,,,,,0.16,0.16
2026-04-15,823399,"Davis, Henry",680779,3,0,663623,R,5.0,2.0,0,0,0,3,,,6.0,27.0,0.2222222222222222,,,,,0.2222222222222222,0.2222222222222222
2026-04-17,823397,"Davis, Henry",680779,4,0,607259,R,6.0,2.0,0,0,0,4,,,6.0,26.0,0.23076923076923078,,,,,0.23076923076923078,0.23076923076923078
2026-04-18,823394,"Davis, Henry",680779,4,0,656876,R,6.0,1.0,0,0,0,4,,,5.0,27.0,0.18518518518518517,,,,,0.18518518518518517,0.18518518518518517
2026-04-21,822914,"Davis, Henry",680779,3,0,677958,R,6.0,3.0,0,0,0,3,,,4.0,27.0,0.14814814814814814,,,,,0.14814814814814814,0.14814814814814814
2026-04-22,822913,"Davis, Henry",680779,3,0,683004,R,6.0,1.0,0,0,1,2,,,4.0,27.0,0.14814814814814814,2.0,6.0,7.0,47.0,0.2857142857142857,0.1276595744680851
2026-04-24,823800,"Davis, Henry",680779,4,1,605540,R,6.0,2.0,0,1,2,2,,,2.0,26.0,0.07692307692307693,2.0,5.0,8.0,45.0,0.25,0.1111111111111111
2026-04-25,823799,"Davis, Henry",680779,4,0,694819,R,6.0,1.0,0,0,1,3,0.1531531531531531,0.3783783783783784,3.0,26.0,0.11538461538461539,2.0,6.0,10.0,46.0,0.2,0.13043478260869565
2026-04-27,823395,"Davis, Henry",680779,3,1,669160,R,6.0,2.0,0,1,0,3,0.3055555555555556,0.1851851851851851,1.0,25.0,0.04,1.0,6.0,10.0,45.0,0.1,0.13333333333333333
2026-04-28,823390,"Davis, Henry",680779,3,0,681517,R,6.0,1.0,0,0,0,3,0.2612612612612612,0.1351351351351351,2.0,25.0,0.08,1.0,7.0,10.0,45.0,0.1,0.15555555555555556
2026-04-30,823391,"Davis, Henry",680779,3,0,690928,R,2.0,2.0,0,0,0,3,,,2.0,24.0,0.08333333333333333,1.0,7.0,8.0,46.0,0.125,0.15217391304347827
2026-05-01,823389,"Davis, Henry",680779,4,2,663903,R,6.0,1.0,0,2,0,4,0.3043478260869565,0.1217391304347826,2.0,23.0,0.08695652173913043,1.0,6.0,8.0,46.0,0.125,0.13043478260869565
2026-05-02,823388,"Davis, Henry",680779,6,0,695076,R,6.0,1.0,0,0,2,4,0.225,0.1666666666666666,4.0,24.0,0.16666666666666666,1.0,7.0,5.0,49.0,0.2,0.14285714285714285
2026-05-06,825091,"Davis, Henry",680779,4,0,647336,R,6.0,4.0,0,0,0,4,0.2649572649572649,0.2222222222222222,4.0,27.0,0.14814814814814814,1.0,7.0,7.0,50.0,0.14285714285714285,0.14
2026-05-10,823221,"Davis, Henry",680779,5,1,641816,R,7.0,4.0,0,1,0,5,0.2033898305084746,0.211864406779661,3.0,27.0,0.1111111111111111,0.0,6.0,6.0,51.0,0.0,0.11764705882352941
2026-05-12,823385,"Davis, Henry",680779,4,0,547179,R,6.0,2.0,0,0,0,4,0.3130434782608696,0.1391304347826087,4.0,28.0,0.14285714285714285,0.0,7.0,6.0,52.0,0.0,0.1346153846153846
2026-05-13,823386,"Davis, Henry",680779,3,0,500779,L,6.0,1.0,0,0,2,1,0.2129629629629629,0.1111111111111111,3.0,29.0,0.10344827586206896,0.0,5.0,6.0,51.0,0.0,0.09803921568627451
2026-05-16,823382,"Davis, Henry",680779,3,0,650911,L,6.0,3.0,0,0,3,0,0.2340425531914893,0.2553191489361702,3.0,29.0,0.10344827586206896,0.0,5.0,8.0,49.0,0.0,0.10204081632653061
2026-05-17,823381,"Davis, Henry",680779,3,0,554430,R,5.0,1.0,0,0,0,3,,,3.0,29.0,0.10344827586206896,0.0,5.0,11.0,45.0,0.0,0.1111111111111111
2026-05-19,823059,"Davis, Henry",680779,3,0,669461,L,6.0,2.0,0,0,2,1,0.2545454545454545,0.2,1.0,28.0,0.03571428571428571,0.0,5.0,11.0,44.0,0.0,0.11363636363636363
2026-05-21,823056,"Davis, Henry",680779,4,1,669160,R,6.0,2.0,1,0,1,3,0.221311475409836,0.1639344262295081,1.0,25.0,0.04,0.0,5.0,13.0,42.0,0.0,0.11904761904761904
2026-05-23,822814,"Davis, Henry",680779,3,0,571578,L,5.0,2.0,0,0,2,1,0.2935779816513761,0.1192660550458715,2.0,25.0,0.08,1.0,5.0,13.0,43.0,0.07692307692307693,0.11627906976744186
2026-05-25,823380,"Davis, Henry",680779,3,1,676962,R,6.0,2.0,0,1,0,3,0.140625,0.28125,1.0,23.0,0.043478260869565216,1.0,4.0,13.0,42.0,0.07692307692307693,0.09523809523809523
2026-05-26,823379,"Davis, Henry",680779,4,0,696136,L,6.0,1.0,0,0,3,1,,,2.0,22.0,0.09090909090909091,1.0,5.0,12.0,42.0,0.08333333333333333,0.11904761904761904
2026-05-28,823378,"Davis, Henry",680779,4,0,607067,R,5.0,2.0,0,0,1,3,0.2649572649572649,0.1709401709401709,2.0,23.0,0.08695652173913043,1.0,4.0,15.0,40.0,0.06666666666666667,0.1
2026-05-31,823373,"Davis, Henry",680779,4,1,805673,R,6.0,3.0,0,1,0,4,,,2.0,24.0,0.08333333333333333,1.0,4.0,16.0,40.0,0.0625,0.1
2026-06-03,824188,"Davis, Henry",680779,4,1,681293,R,6.0,3.0,0,1,1,3,0.1322314049586777,0.1818181818181818,3.0,25.0,0.12,1.0,5.0,16.0,41.0,0.0625,0.12195121951219512
2026-06-05,824914,"Davis, Henry",680779,2,0,527048,L,6.0,2.0,0,0,2,0,0.1971830985915492,0.2535211267605634,4.0,26.0,0.15384615384615385,1.0,4.0,17.0,40.0,0.058823529411764705,0.1
2026-06-07,824916,"Davis, Henry",680779,2,0,693821,R,5.0,2.0,0,0,0,2,0.224,0.176,3.0,24.0,0.125,1.0,4.0,17.0,36.0,0.058823529411764705,0.1111111111111111
2026-06-09,823374,"Davis, Henry",680779,3,0,641778,L,7.0,2.0,0,0,2,1,0.2376237623762376,0.1188118811881188,3.0,23.0,0.13043478260869565,1.0,4.0,17.0,34.0,0.058823529411764705,0.11764705882352941
2026-06-14,823368,"Davis, Henry",680779,3,0,676974,R,5.0,5.0,0,0,0,3,0.1544715447154471,0.2601626016260163,2.0,23.0,0.08695652173913043,1.0,3.0,19.0,30.0,0.05263157894736842,0.1
2026-06-17,824992,"Davis, Henry",680779,5,1,650644,R,23.0,3.0,1,0,1,4,0.2894736842105263,0.131578947368421,2.0,22.0,0.09090909090909091,1.0,3.0,19.0,29.0,0.05263157894736842,0.10344827586206896
2026-06-20,824342,"Davis, Henry",680779,2,0,608372,R,6.0,3.0,0,0,0,2,0.2627118644067797,0.135593220338983,3.0,23.0,0.13043478260869565,2.0,3.0,18.0,32.0,0.1111111111111111,0.09375
2026-06-25,823366,"Davis, Henry",680779,3,2,682243,R,6.0,5.0,0,2,0,3,0.1443298969072164,0.3402061855670103,2.0,21.0,0.09523809523809523,2.0,3.0,15.0,34.0,0.13333333333333333,0.08823529411764706
2026-06-26,823363,"Davis, Henry",680779,2,0,671096,L,6.0,1.0,0,0,2,0,0.2016806722689075,0.2184873949579832,3.0,20.0,0.15,2.0,5.0,15.0,34.0,0.13333333333333333,0.14705882352941177
2026-06-28,823362,"Davis, Henry",680779,4,1,663903,R,6.0,2.0,0,1,1,3,0.168141592920354,0.2212389380530973,3.0,20.0,0.15,2.0,5.0,15.0,33.0,0.13333333333333333,0.15151515151515152
2026-06-30,823445,"Davis, Henry",680779,2,0,650911,L,5.0,2.0,0,0,2,0,0.2222222222222222,0.2539682539682539,4.0,22.0,0.18181818181818182,1.0,6.0,15.0,33.0,0.06666666666666667,0.18181818181818182
2026-07-01,823446,"Davis, Henry",680779,4,1,554430,R,5.0,1.0,0,1,1,3,0.15,0.2833333333333333,4.0,21.0,0.19047619047619047,1.0,6.0,15.0,32.0,0.06666666666666667,0.1875
2026-07-04,822716,"Davis, Henry",680779,4,1,641793,R,6.0,3.0,0,1,0,4,0.2359550561797752,0.1573033707865168,5.0,22.0,0.22727272727272727,1.0,6.0,16.0,32.0,0.0625,0.1875
2026-07-05,822715,"Davis, Henry",680779,1,1,664875,R,2.0,1.0,0,1,0,1,0.3448275862068966,0.2413793103448276,5.0,21.0,0.23809523809523808,1.0,7.0,13.0,35.0,0.07692307692307693,0.2
2026-07-07,823361,"Davis, Henry",680779,5,0,694462,R,5.0,2.0,0,0,2,3,,,6.0,20.0,0.3,1.0,8.0,12.0,33.0,0.08333333333333333,0.24242424242424243
2026-07-08,823360,"Davis, Henry",680779,3,0,656550,R,5.0,1.0,0,0,1,2,0.1954022988505747,0.160919540229885,4.0,22.0,0.18181818181818182,1.0,7.0,14.0,32.0,0.07142857142857142,0.21875
2026-07-11,823357,"Davis, Henry",680779,4,1,687075,R,6.0,3.0,0,1,0,4,0.1649484536082474,0.3092783505154639,4.0,23.0,0.17391304347826086,1.0,6.0,14.0,31.0,0.07142857142857142,0.1935483870967742
2026-07-12,823358,"Davis, Henry",680779,4,2,688107,L,5.0,1.0,2,0,2,2,0.2066115702479339,0.2314049586776859,4.0,23.0,0.17391304347826086,1.0,7.0,12.0,35.0,0.08333333333333333,0.2
2026-07-18,824414,"Davis, Henry",680779,4,1,668909,R,9.0,6.0,0,1,0,4,0.2260869565217391,0.3043478260869565,6.0,25.0,0.24,3.0,7.0,14.0,35.0,0.21428571428571427,0.2
2026-07-19,824411,"Davis, Henry",680779,4,0,676282,L,7.0,1.0,0,0,3,1,0.1779661016949152,0.3220338983050847,6.0,25.0,0.24,3.0,8.0,12.0,38.0,0.25,0.21052631578947367
2026-07-20,823522,"Davis, Henry",680779,3,1,677960,L,10.0,1.0,1,0,2,1,0.2692307692307692,0.2596153846153846,5.0,25.0,0.2,3.0,8.0,15.0,36.0,0.2,0.2222222222222222
2026-07-22,823518,"Davis, Henry",680779,3,0,543037,R,5.0,2.0,0,0,1,2,0.2711864406779661,0.2627118644067797,5.0,27.0,0.18518518518518517,3.0,8.0,16.0,33.0,0.1875,0.24242424242424243
2026-07-24,823352,"Davis, Henry",680779,4,2,571510,L,6.0,2.0,2,0,4,0,0.2051282051282051,0.1709401709401709,5.0,25.0,0.2,3.0,8.0,17.0,33.0,0.17647058823529413,0.24242424242424243
2026-07-25,823355,"Davis, Henry",680779,3,1,684007,L,6.0,1.0,1,0,2,1,0.2608695652173913,0.217391304347826,7.0,26.0,0.2692307692307692,5.0,6.0,21.0,30.0,0.23809523809523808,0.2
2026-07-27,823353,"Davis, Henry",680779,2,0,518876,R,5.0,2.0,0,0,0,2,0.2393162393162393,0.1794871794871795,7.0,25.0,0.28,6.0,6.0,21.0,31.0,0.2857142857142857,0.1935483870967742
2026-07-29,823351,"Davis, Henry",680779,3,0,593958,L,5.0,2.0,0,0,3,0,0.2627118644067797,0.135593220338983,5.0,23.0,0.21739130434782608,6.0,5.0,20.0,30.0,0.3,0.16666666666666666
2026-07-31,824486,"Davis, Henry",680779,4,1,668881,R,6.0,2.0,0,1,0,4,,,4.0,22.0,0.18181818181818182,6.0,5.0,21.0,30.0,0.2857142857142857,0.16666666666666666
2026-08-01,824485,"Davis, Henry",680779,4,1,671096,L,6.0,1.0,0,1,2,2,0.1826086956521739,0.208695652173913,5.0,22.0,0.22727272727272727,6.0,5.0,20.0,31.0,0.3,0.16129032258064516
2026-08-03,823757,"Davis, Henry",680779,4,0,676879,L,5.0,2.0,0,0,1,3,0.25,0.3,5.0,23.0,0.21739130434782608,6.0,5.0,22.0,29.0,0.2727272727272727,0.1724137931034483
2026-08-06,823754,"Davis, Henry",680779,3,0,669160,R,8.0,3.0,0,0,1,2,0.2037037037037037,0.2592592592592592,5.0,24.0,0.20833333333333334,6.0,4.0,23.0,31.0,0.2608695652173913,0.12903225806451613
2026-08-08,823348,"Davis, Henry",680779,6,2,476594,R,6.0,2.0,0,2,0,6,,,3.0,23.0,0.13043478260869565,6.0,4.0,22.0,30.0,0.2727272727272727,0.13333333333333333
2026-08-09,823345,"Davis, Henry",680779,3,0,640455,L,5.0,1.0,0,0,2,1,0.2440944881889764,0.2125984251968504,4.0,26.0,0.15384615384615385,6.0,6.0,21.0,34.0,0.2857142857142857,0.17647058823529413
2026-08-11,823832,"Davis, Henry",680779,3,1,691587,R,6.0,2.0,0,1,0,3,0.2096774193548387,0.2580645161290322,4.0,27.0,0.14814814814814814,6.0,5.0,23.0,31.0,0.2608695652173913,0.16129032258064516
2026-08-12,823833,"Davis, Henry",680779,3,0,676083,R,6.0,1.0,0,0,0,3,0.2421052631578947,0.2,5.0,27.0,0.18518518518518517,4.0,6.0,21.0,32.0,0.19047619047619047,0.1875
2026-08-14,823346,"Davis, Henry",680779,3,0,687562,L,6.0,2.0,0,0,3,0,0.2195121951219512,0.1626016260162601,4.0,26.0,0.15384615384615385,4.0,5.0,21.0,31.0,0.19047619047619047,0.16129032258064516
2026-08-16,823344,"Davis, Henry",680779,4,0,663776,L,5.0,2.0,0,0,4,0,0.282051282051282,0.2051282051282051,3.0,25.0,0.12,4.0,5.0,21.0,30.0,0.19047619047619047,0.16666666666666666
2026-08-17,823343,"Davis, Henry",680779,4,1,664285,L,5.0,1.0,0,1,3,1,0.2457627118644068,0.1610169491525423,3.0,25.0,0.12,3.0,5.0,23.0,29.0,0.13043478260869565,0.1724137931034483
2026-08-19,823342,"Davis, Henry",680779,2,0,695549,R,5.0,2.0,0,0,0,2,,,4.0,26.0,0.15384615384615385,3.0,6.0,25.0,28.0,0.12,0.21428571428571427
2026-08-21,823911,"Davis, Henry",680779,1,0,623465,R,3.0,2.0,0,0,0,1,0.2631578947368421,0.2631578947368421,2.0,22.0,0.09090909090909091,1.0,6.0,21.0,30.0,0.047619047619047616,0.2
2026-08-22,823910,"Davis, Henry",680779,3,0,669373,L,6.0,1.0,0,0,3,0,0.184,0.296,2.0,20.0,0.1,0.0,6.0,19.0,30.0,0.0,0.2
2026-08-25,823259,"Davis, Henry",680779,2,0,650633,R,6.0,3.0,0,0,0,2,0.2184873949579832,0.2100840336134453,1.0,20.0,0.05,0.0,6.0,22.0,28.0,0.0,0.21428571428571427
2026-08-28,823013,"Davis, Henry",680779,2,0,687273,L,6.0,3.0,0,0,2,0,,,1.0,19.0,0.05263157894736842,0.0,6.0,19.0,30.0,0.0,0.2
2026-09-01,823340,"Davis, Henry",680779,4,1,657277,R,6.0,4.0,0,1,2,2,0.2051282051282051,0.2136752136752136,1.0,18.0,0.05555555555555555,0.0,5.0,21.0,26.0,0.0,0.19230769230769232
2026-09-04,823338,"Davis, Henry",680779,3,0,696270,R,6.0,3.0,0,0,1,2,0.1333333333333333,0.1428571428571428,2.0,18.0,0.1111111111111111,0.0,5.0,21.0,26.0,0.0,0.19230769230769232
2026-03-26,823649,"Horwitz, Spencer",687462,4,0,642547,R,,,0,0,0,4,,,,,,,,,,,
2026-03-29,823647,"Horwitz, Spencer",687462,3,0,690997,R,1.0,3.0,0,0,0,3,,,,,,,,,,,
2026-03-30,824539,"Horwitz, Spencer",687462,4,1,695505,R,2.0,1.0,0,1,0,4,,,,,,,,,,,
2026-03-31,824537,"Horwitz, Spencer",687462,1,0,572955,R,2.0,1.0,0,0,0,1,,,,,,,,,,,
2026-04-01,824536,"Horwitz, Spencer",687462,4,1,671096,L,6.0,1.0,0,1,2,2,,,,,,,,,,,
2026-04-03,823406,"Horwitz, Spencer",687462,4,0,680694,R,6.0,2.0,0,0,1,3,,,,,,,,,,,
2026-04-04,823404,"Horwitz, Spencer",687462,4,1,669358,R,6.0,1.0,0,1,0,4,,,,,,,,,,,
2026-04-05,823405,"Horwitz, Spencer",687462,4,1,700249,L,6.0,1.0,1,0,3,1,,,3.0,24.0,0.125,,,,,0.125,0.125
2026-04-06,823401,"Horwitz, Spencer",687462,4,2,608566,R,6.0,1.0,0,2,0,4,,,4.0,24.0,0.16666666666666666,,,,,0.16666666666666666,0.16666666666666666
2026-04-07,823402,"Horwitz, Spencer",687462,3,1,601713,R,6.0,1.0,0,1,1,2,,,6.0,25.0,0.24,,,,,0.24,0.24
2026-04-08,823403,"Horwitz, Spencer",687462,2,0,650633,R,5.0,1.0,0,0,0,2,,,6.0,24.0,0.25,,,,,0.25,0.25
2026-04-11,824697,"Horwitz, Spencer",687462,4,1,665795,R,6.0,3.0,0,1,0,4,,,6.0,25.0,0.24,,,,,0.24,0.24
2026-04-12,824696,"Horwitz, Spencer",687462,4,0,592791,R,6.0,1.0,0,0,0,4,,,6.0,25.0,0.24,,,,,0.24,0.24
2026-04-13,823400,"Horwitz, Spencer",687462,5,2,671131,R,6.0,1.0,0,2,0,5,,,6.0,25.0,0.24,,,,,0.24,0.24
2026-04-14,823398,"Horwitz, Spencer",687462,2,0,571945,R,6.0,1.0,0,0,0,2,,,7.0,26.0,0.2692307692307692,,,,,0.2692307692307692,0.2692307692307692
2026-04-15,823399,"Horwitz, Spencer",687462,3,0,663623,R,5.0,1.0,0,0,0,3,,,6.0,24.0,0.25,1.0,9.0,7.0,45.0,0.14285714285714285,0.2
2026-04-16,823396,"Horwitz, Spencer",687462,1,0,687606,R,3.0,1.0,0,0,0,1,,,4.0,23.0,0.17391304347826086,1.0,9.0,7.0,44.0,0.14285714285714285,0.20454545454545456
2026-04-17,823397,"Horwitz, Spencer",687462,4,3,607259,R,6.0,1.0,0,3,0,4,,,3.0,21.0,0.14285714285714285,1.0,9.0,7.0,42.0,0.14285714285714285,0.21428571428571427
2026-04-18,823394,"Horwitz, Spencer",687462,6,0,641329,R,2.0,1.0,0,0,1,5,0.25,0.15,6.0,23.0,0.2608695652173913,1.0,11.0,7.0,42.0,0.14285714285714285,0.2619047619047619
2026-04-19,823393,"Horwitz, Spencer",687462,2,1,693855,L,1.0,1.0,0,1,1,1,0.2222222222222222,0.3333333333333333,5.0,25.0,0.2,1.0,11.0,8.0,46.0,0.125,0.2391304347826087
2026-04-22,822913,"Horwitz, Spencer",687462,4,2,683004,R,6.0,3.0,0,2,1,3,,,6.0,23.0,0.2608695652173913,1.0,11.0,7.0,45.0,0.14285714285714285,0.24444444444444444
2026-04-23,822912,"Horwitz, Spencer",687462,4,0,594798,R,6.0,1.0,0,0,0,4,,,6.0,22.0,0.2727272727272727,1.0,13.0,7.0,45.0,0.14285714285714285,0.28888888888888886
2026-04-24,823800,"Horwitz, Spencer",687462,4,1,605540,R,6.0,1.0,1,0,2,2,,,6.0,24.0,0.25,1.0,12.0,7.0,45.0,0.14285714285714285,0.26666666666666666
2026-04-25,823799,"Horwitz, Spencer",687462,5,1,694819,R,6.0,1.0,0,1,1,4,0.1531531531531531,0.3783783783783784,7.0,25.0,0.28,1.0,12.0,6.0,46.0,0.16666666666666666,0.2608695652173913
2026-04-26,823797,"Horwitz, Spencer",687462,1,0,682842,R,1.0,1.0,0,0,0,1,0.0714285714285714,0.2857142857142857,8.0,29.0,0.27586206896551724,1.0,11.0,7.0,46.0,0.14285714285714285,0.2391304347826087
2026-04-27,823395,"Horwitz, Spencer",687462,4,1,669160,R,6.0,1.0,0,1,0,4,0.3055555555555556,0.1851851851851851,5.0,26.0,0.19230769230769232,1.0,10.0,6.0,45.0,0.16666666666666666,0.2222222222222222
2026-04-28,823390,"Horwitz, Spencer",687462,4,1,681517,R,6.0,1.0,0,1,1,3,0.2612612612612612,0.1351351351351351,6.0,24.0,0.25,1.0,11.0,6.0,47.0,0.16666666666666666,0.23404255319148937
2026-04-29,823392,"Horwitz, Spencer",687462,4,1,669467,R,5.0,1.0,0,1,0,4,0.1929824561403508,0.175438596491228,6.0,26.0,0.23076923076923078,1.0,11.0,7.0,46.0,0.14285714285714285,0.2391304347826087
2026-04-30,823391,"Horwitz, Spencer",687462,4,0,690928,R,2.0,1.0,0,0,0,4,,,5.0,26.0,0.19230769230769232,1.0,12.0,7.0,46.0,0.14285714285714285,0.2608695652173913
2026-05-01,823389,"Horwitz, Spencer",687462,5,0,663903,R,6.0,1.0,0,0,0,5,0.3043478260869565,0.1217391304347826,5.0,26.0,0.19230769230769232,1.0,10.0,7.0,45.0,0.14285714285714285,0.2222222222222222
2026-05-02,823388,"Horwitz, Spencer",687462,6,2,594580,L,1.0,1.0,1,1,2,4,0.2352941176470588,0.2352941176470588,4.0,27.0,0.14814814814814814,1.0,10.0,7.0,48.0,0.14285714285714285,0.20833333333333334
2026-05-03,823387,"Horwitz, Spencer",687462,3,0,695505,R,5.0,1.0,0,0,0,3,0.211864406779661,0.2711864406779661,5.0,28.0,0.17857142857142858,2.0,11.0,9.0,49.0,0.2222222222222222,0.22448979591836735
2026-05-06,825091,"Horwitz, Spencer",687462,4,1,647336,R,6.0,3.0,0,1,0,4,0.2649572649572649,0.2222222222222222,5.0,30.0,0.16666666666666666,2.0,11.0,9.0,51.0,0.2222222222222222,0.21568627450980393
2026-05-07,825090,"Horwitz, Spencer",687462,4,1,668678,R,6.0,1.0,0,1,0,4,0.297029702970297,0.1584158415841584,5.0,30.0,0.16666666666666666,2.0,9.0,9.0,51.0,0.2222222222222222,0.17647058823529413
2026-05-08,823225,"Horwitz, Spencer",687462,1,1,668873,R,4.0,1.0,0,1,0,1,0.2307692307692307,0.1538461538461538,5.0,30.0,0.16666666666666666,2.0,10.0,8.0,50.0,0.25,0.2
2026-05-09,823224,"Horwitz, Spencer",687462,5,1,694738,R,7.0,1.0,0,1,0,5,0.146551724137931,0.25,5.0,27.0,0.18518518518518517,2.0,10.0,7.0,50.0,0.2857142857142857,0.2
2026-05-10,823221,"Horwitz, Spencer",687462,6,2,641816,R,7.0,1.0,0,2,1,5,0.2033898305084746,0.211864406779661,6.0,28.0,0.21428571428571427,2.0,9.0,6.0,52.0,0.3333333333333333,0.17307692307692307
2026-05-12,823385,"Horwitz, Spencer",687462,4,2,547179,R,6.0,2.0,0,2,0,4,0.3130434782608696,0.1391304347826087,8.0,29.0,0.27586206896551724,2.0,11.0,7.0,53.0,0.2857142857142857,0.20754716981132076
2026-05-13,823386,"Horwitz, Spencer",687462,2,0,622608,R,6.0,1.0,0,0,1,1,0.1578947368421052,0.131578947368421,8.0,27.0,0.2962962962962963,1.0,13.0,5.0,55.0,0.2,0.23636363636363636
2026-05-14,823383,"Horwitz, Spencer",687462,4,1,685299,R,5.0,1.0,0,1,1,3,0.2702702702702703,0.2702702702702703,8.0,26.0,0.3076923076923077,1.0,12.0,5.0,52.0,0.2,0.23076923076923078
2026-05-15,823384,"Horwitz, Spencer",687462,4,2,605400,R,6.0,1.0,0,2,0,4,0.2807017543859649,0.219298245614035,8.0,26.0,0.3076923076923077,1.0,13.0,6.0,54.0,0.16666666666666666,0.24074074074074073
2026-05-17,823381,"Horwitz, Spencer",687462,4,1,554430,R,5.0,2.0,0,1,1,3,,,9.0,26.0,0.34615384615384615,1.0,14.0,6.0,54.0,0.16666666666666666,0.25925925925925924
2026-05-19,823059,"Horwitz, Spencer",687462,1,1,676617,R,4.0,2.0,0,1,0,1,0.1666666666666666,0.3333333333333333,9.0,29.0,0.3103448275862069,1.0,14.0,6.0,54.0,0.16666666666666666,0.25925925925925924
2026-05-20,823057,"Horwitz, Spencer",687462,5,1,700241,R,6.0,1.0,0,1,1,4,0.1743119266055046,0.2201834862385321,9.0,25.0,0.36,1.0,14.0,6.0,51.0,0.16666666666666666,0.27450980392156865
2026-05-21,823056,"Horwitz, Spencer",687462,4,1,669160,R,6.0,1.0,0,1,1,3,0.221311475409836,0.1639344262295081,8.0,24.0,0.3333333333333333,1.0,15.0,7.0,51.0,0.14285714285714285,0.29411764705882354
2026-05-22,822816,"Horwitz, Spencer",687462,3,0,592332,R,5.0,1.0,0,0,0,3,0.2542372881355932,0.1525423728813559,7.0,24.0,0.2916666666666667,1.0,16.0,8.0,49.0,0.125,0.32653061224489793
2026-05-23,822814,"Horwitz, Spencer",687462,4,1,571578,L,5.0,1.0,1,0,4,0,0.2935779816513761,0.1192660550458715,7.0,25.0,0.28,0.0,15.0,6.0,48.0,0.0,0.3125
2026-05-24,822813,"Horwitz, Spencer",687462,5,1,656302,R,5.0,1.0,0,1,0,5,0.2015503875968992,0.3100775193798449,7.0,25.0,0.28,1.0,15.0,10.0,45.0,0.1,0.3333333333333333
2026-05-25,823380,"Horwitz, Spencer",687462,4,2,676962,R,6.0,1.0,0,2,0,4,0.140625,0.28125,6.0,26.0,0.23076923076923078,1.0,15.0,10.0,46.0,0.1,0.32608695652173914
2026-05-26,823379,"Horwitz, Spencer",687462,4,2,696136,L,3.0,1.0,1,1,3,1,,,7.0,26.0,0.2692307692307692,1.0,16.0,10.0,46.0,0.1,0.34782608695652173
2026-05-27,823376,"Horwitz, Spencer",687462,4,1,592791,R,5.0,1.0,0,1,0,4,0.2393162393162393,0.188034188034188,8.0,29.0,0.27586206896551724,2.0,16.0,13.0,46.0,0.15384615384615385,0.34782608695652173
2026-05-28,823378,"Horwitz, Spencer",687462,5,0,607067,R,5.0,1.0,0,0,1,4,0.2649572649572649,0.1709401709401709,8.0,28.0,0.2857142857142857,2.0,16.0,13.0,45.0,0.15384615384615385,0.35555555555555557
2026-05-29,823377,"Horwitz, Spencer",687462,5,2,671737,R,6.0,1.0,1,1,1,4,0.1854838709677419,0.2419354838709677,7.0,29.0,0.2413793103448276,2.0,14.0,13.0,44.0,0.15384615384615385,0.3181818181818182
2026-05-30,823375,"Horwitz, Spencer",687462,5,2,641927,R,6.0,1.0,0,2,1,4,0.2066115702479339,0.1322314049586777,9.0,31.0,0.2903225806451613,3.0,13.0,14.0,44.0,0.21428571428571427,0.29545454545454547
2026-05-31,823373,"Horwitz, Spencer",687462,5,1,805673,R,6.0,1.0,0,1,0,5,,,10.0,32.0,0.3125,3.0,15.0,14.0,47.0,0.21428571428571427,0.3191489361702128
2026-06-02,824189,"Horwitz, Spencer",687462,5,0,681347,R,6.0,2.0,0,0,0,5,0.2272727272727272,0.1590909090909091,10.0,32.0,0.3125,3.0,15.0,13.0,49.0,0.23076923076923078,0.30612244897959184
2026-06-03,824188,"Horwitz, Spencer",687462,5,3,681293,R,6.0,1.0,1,2,1,4,0.1322314049586777,0.1818181818181818,8.0,33.0,0.24242424242424243,3.0,13.0,13.0,50.0,0.23076923076923078,0.26
2026-06-04,824185,"Horwitz, Spencer",687462,5,0,678906,R,6.0,1.0,0,0,1,4,0.1494252873563218,0.264367816091954,9.0,34.0,0.2647058823529412,4.0,14.0,13.0,51.0,0.3076923076923077,0.27450980392156865
2026-06-05,824914,"Horwitz, Spencer",687462,3,0,527048,L,6.0,1.0,0,0,3,0,0.1971830985915492,0.2535211267605634,8.0,35.0,0.22857142857142856,4.0,13.0,14.0,54.0,0.2857142857142857,0.24074074074074073
2026-06-06,824915,"Horwitz, Spencer",687462,5,1,675911,R,6.0,1.0,0,1,1,4,0.1666666666666666,0.3148148148148148,8.0,33.0,0.24242424242424243,4.0,12.0,16.0,50.0,0.25,0.24
2026-06-07,824916,"Horwitz, Spencer",687462,4,2,693821,R,5.0,1.0,0,2,0,4,0.224,0.176,7.0,33.0,0.21212121212121213,4.0,12.0,16.0,51.0,0.25,0.23529411764705882
2026-06-10,823372,"Horwitz, Spencer",687462,5,2,660271,R,7.0,3.0,1,1,1,4,0.1140350877192982,0.2894736842105263,7.0,32.0,0.21875,4.0,14.0,16.0,52.0,0.25,0.2692307692307692
2026-06-11,823371,"Horwitz, Spencer",687462,5,2,680736,L,7.0,1.0,1,1,4,1,0.2213740458015267,0.2213740458015267,8.0,32.0,0.25,4.0,15.0,13.0,56.0,0.3076923076923077,0.26785714285714285
2026-06-12,823370,"Horwitz, Spencer",687462,4,0,645261,R,5.0,1.0,0,0,0,4,0.2857142857142857,0.1729323308270676,10.0,32.0,0.3125,5.0,15.0,17.0,52.0,0.29411764705882354,0.28846153846153844
2026-06-13,823369,"Horwitz, Spencer",687462,5,1,669622,R,2.0,1.0,1,0,2,3,0.1111111111111111,0.5,7.0,31.0,0.22580645161290322,5.0,13.0,17.0,52.0,0.29411764705882354,0.25
2026-06-14,823368,"Horwitz, Spencer",687462,5,0,676974,R,5.0,1.0,0,0,0,5,0.1544715447154471,0.2601626016260163,8.0,31.0,0.25806451612903225,5.0,12.0,16.0,54.0,0.3125,0.2222222222222222
2026-06-15,824993,"Horwitz, Spencer",687462,5,1,669372,R,6.0,1.0,0,1,0,5,0.1391304347826087,0.2695652173913043,8.0,33.0,0.24242424242424243,5.0,11.0,16.0,55.0,0.3125,0.2
2026-06-16,824991,"Horwitz, Spencer",687462,5,0,678022,R,6.0,1.0,0,0,1,4,0.2028985507246377,0.2753623188405797,8.0,33.0,0.24242424242424243,5.0,12.0,15.0,56.0,0.3333333333333333,0.21428571428571427
2026-06-17,824992,"Horwitz, Spencer",687462,6,2,650644,R,23.0,1.0,0,2,1,5,0.2894736842105263,0.131578947368421,6.0,34.0,0.17647058823529413,4.0,11.0,15.0,56.0,0.26666666666666666,0.19642857142857142
2026-06-19,824345,"Horwitz, Spencer",687462,4,0,607536,L,6.0,2.0,0,0,3,1,0.3305785123966942,0.1487603305785124,6.0,35.0,0.17142857142857143,4.0,11.0,15.0,57.0,0.26666666666666666,0.19298245614035087
2026-06-20,824342,"Horwitz, Spencer",687462,4,2,608372,R,6.0,1.0,0,2,1,3,0.2627118644067797,0.135593220338983,4.0,34.0,0.11764705882352941,4.0,10.0,18.0,53.0,0.2222222222222222,0.18867924528301888
2026-06-21,824343,"Horwitz, Spencer",687462,5,2,547179,R,6.0,1.0,0,2,0,5,0.2857142857142857,0.2285714285714285,6.0,34.0,0.17647058823529413,4.0,12.0,19.0,51.0,0.21052631578947367,0.23529411764705882
2026-06-23,823365,"Horwitz, Spencer",687462,5,1,669923,R,6.0,2.0,0,1,1,4,0.314516129032258,0.2096774193548387,7.0,34.0,0.20588235294117646,3.0,12.0,18.0,52.0,0.16666666666666666,0.23076923076923078
2026-06-24,823367,"Horwitz, Spencer",687462,2,0,693433,R,6.0,1.0,0,0,0,2,0.2231404958677686,0.2727272727272727,8.0,34.0,0.23529411764705882,3.0,13.0,18.0,52.0,0.16666666666666666,0.25
2026-08-02,824483,"Horwitz, Spencer",687462,4,0,695505,R,5.0,39.0,0,0,1,3,0.208695652173913,0.2260869565217391,7.0,31.0,0.22580645161290322,3.0,13.0,15.0,54.0,0.2,0.24074074074074073
2026-08-03,823757,"Horwitz, Spencer",687462,4,1,687075,R,7.0,1.0,0,1,1,3,0.2,0.219047619047619,7.0,30.0,0.23333333333333334,3.0,12.0,15.0,53.0,0.2,0.22641509433962265
2026-08-04,823756,"Horwitz, Spencer",687462,4,0,701656,R,7.0,1.0,0,0,0,4,0.1515151515151515,0.3131313131313131,6.0,28.0,0.21428571428571427,3.0,11.0,16.0,52.0,0.1875,0.21153846153846154
2026-08-05,823753,"Horwitz, Spencer",687462,1,0,682842,R,1.0,1.0,0,0,0,1,0.2631578947368421,0.4210526315789473,6.0,28.0,0.21428571428571427,2.0,10.0,15.0,52.0,0.13333333333333333,0.19230769230769232
2026-08-06,823754,"Horwitz, Spencer",687462,4,1,669160,R,8.0,1.0,0,1,0,4,0.2037037037037037,0.2592592592592592,4.0,25.0,0.16,1.0,9.0,11.0,52.0,0.09090909090909091,0.17307692307692307
2026-08-07,823349,"Horwitz, Spencer",687462,4,1,804267,L,6.0,1.0,0,1,2,2,0.1913043478260869,0.1826086956521739,3.0,24.0,0.125,1.0,10.0,11.0,52.0,0.09090909090909091,0.19230769230769232
2026-08-08,823348,"Horwitz, Spencer",687462,5,0,476594,R,6.0,1.0,0,0,0,5,,,3.0,23.0,0.13043478260869565,0.0,11.0,11.0,51.0,0.0,0.21568627450980393
2026-08-11,823832,"Horwitz, Spencer",687462,4,0,691587,R,6.0,3.0,0,0,0,4,0.2096774193548387,0.2580645161290322,3.0,26.0,0.11538461538461539,0.0,11.0,11.0,51.0,0.0,0.21568627450980393
2026-08-12,823833,"Horwitz, Spencer",687462,4,0,676083,R,6.0,1.0,0,0,0,4,0.2421052631578947,0.2,3.0,26.0,0.11538461538461539,0.0,10.0,11.0,50.0,0.0,0.2
2026-08-13,823829,"Horwitz, Spencer",687462,6,2,663969,R,6.0,1.0,0,2,2,4,0.25,0.1785714285714285,2.0,26.0,0.07692307692307693,0.0,10.0,10.0,50.0,0.0,0.2
2026-08-15,823347,"Horwitz, Spencer",687462,4,0,543243,R,5.0,2.0,0,0,1,3,0.2421875,0.1953125,4.0,28.0,0.14285714285714285,0.0,10.0,11.0,49.0,0.0,0.20408163265306123
2026-08-18,823341,"Horwitz, Spencer",687462,4,1,672456,R,5.0,3.0,0,1,1,3,0.1896551724137931,0.1379310344827586,4.0,31.0,0.12903225806451613,0.0,10.0,9.0,51.0,0.0,0.19607843137254902
2026-08-19,823342,"Horwitz, Spencer",687462,5,0,695549,R,5.0,1.0,0,0,0,5,,,4.0,31.0,0.12903225806451613,0.0,9.0,9.0,51.0,0.0,0.17647058823529413
2026-08-21,823911,"Horwitz, Spencer",687462,5,0,808967,R,7.0,2.0,0,0,0,5,0.1526717557251908,0.2290076335877862,3.0,32.0,0.09375,0.0,7.0,9.0,51.0,0.0,0.13725490196078433
2026-08-23,823909,"Horwitz, Spencer",687462,4,1,605483,L,6.0,2.0,1,0,3,1,,,3.0,32.0,0.09375,0.0,6.0,8.0,52.0,0.0,0.11538461538461539
2026-08-24,823260,"Horwitz, Spencer",687462,5,1,592662,L,6.0,1.0,1,0,4,1,0.1946902654867256,0.1858407079646017,4.0,32.0,0.125,1.0,6.0,11.0,51.0,0.09090909090909091,0.11764705882352941
2026-08-25,823259,"Horwitz, Spencer",687462,4,1,650633,R,6.0,1.0,0,1,1,3,0.2184873949579832,0.2100840336134453,5.0,33.0,0.15151515151515152,2.0,6.0,14.0,49.0,0.14285714285714285,0.12244897959183673
2026-08-26,823255,"Horwitz, Spencer",687462,5,2,681190,R,5.0,1.0,1,1,2,3,0.1568627450980392,0.1078431372549019,4.0,31.0,0.12903225806451613,2.0,6.0,14.0,49.0,0.14285714285714285,0.12244897959183673
2026-08-28,823013,"Horwitz, Spencer",687462,1,0,681676,R,3.0,2.0,0,0,0,1,0.2758620689655172,0.1724137931034483,6.0,32.0,0.1875,3.0,7.0,16.0,48.0,0.1875,0.14583333333333334
2026-08-29,823011,"Horwitz, Spencer",687462,5,0,802408,L,96.0,1.0,0,0,2,3,,,5.0,29.0,0.1724137931034483,3.0,7.0,16.0,48.0,0.1875,0.14583333333333334
2026-08-30,823010,"Horwitz, Spencer",687462,4,0,669461,L,5.0,1.0,0,0,3,1,0.2336448598130841,0.2990654205607476,5.0,29.0,0.1724137931034483,3.0,6.0,18.0,47.0,0.16666666666666666,0.1276595744680851
2026-09-01,823340,"Horwitz, Spencer",687462,6,2,702885,L,6.0,2.0,0,2,2,4,,,5.0,28.0,0.17857142857142858,3.0,5.0,19.0,46.0,0.15789473684210525,0.10869565217391304
2026-09-02,823339,"Horwitz, Spencer",687462,5,1,694738,R,6.0,1.0,0,1,0,5,0.1818181818181818,0.1570247933884297,6.0,30.0,0.2,3.0,7.0,21.0,45.0,0.14285714285714285,0.15555555555555556
2026-09-03,823337,"Horwitz, Spencer",687462,5,1,694918,R,6.0,1.0,0,1,1,4,0.2149532710280373,0.1962616822429906,6.0,30.0,0.2,3.0,8.0,21.0,46.0,0.14285714285714285,0.17391304347826086
2026-09-04,823338,"Horwitz, Spencer",687462,4,0,696270,R,6.0,1.0,0,0,1,3,0.1333333333333333,0.1428571428571428,6.0,31.0,0.1935483870967742,3.0,9.0,22.0,46.0,0.13636363636363635,0.1956521739130435
2026-03-26,823649,"Gonzales, Nick",693304,4,2,642547,R,,,0,2,0,4,,,,,,,,,,,
2026-03-28,823651,"Gonzales, Nick",693304,6,2,656849,L,2.0,2.0,1,1,5,1,,,,,,,,,,,
2026-03-29,823647,"Gonzales, Nick",693304,5,0,690997,R,1.0,1.0,0,0,2,3,,,,,,,,,,,
2026-03-30,824539,"Gonzales, Nick",693304,4,1,695505,R,2.0,1.0,0,1,0,4,,,,,,,,,,,
2026-03-31,824537,"Gonzales, Nick",693304,4,2,682227,L,2.0,1.0,1,1,3,1,,,,,,,,,,,
2026-04-01,824536,"Gonzales, Nick",693304,5,2,671096,L,6.0,1.0,0,2,3,2,,,,,,,,,,,
2026-04-04,823404,"Gonzales, Nick",693304,4,0,669358,R,6.0,3.0,0,0,0,4,,,,,,,,,,,
2026-04-06,823401,"Gonzales, Nick",693304,4,1,608566,R,6.0,2.0,0,1,0,4,,,9.0,32.0,0.28125,,,,,0.28125,0.28125
2026-04-07,823402,"Gonzales, Nick",693304,4,1,601713,R,6.0,1.0,1,0,1,3,,,8.0,32.0,0.25,,,,,0.25,0.25
2026-04-08,823403,"Gonzales, Nick",693304,4,1,650633,R,5.0,1.0,0,1,0,4,,,7.0,30.0,0.23333333333333334,,,,,0.23333333333333334,0.23333333333333334
2026-04-10,824695,"Gonzales, Nick",693304,3,0,684007,L,5.0,2.0,0,0,3,0,,,8.0,29.0,0.27586206896551724,,,,,0.27586206896551724,0.27586206896551724
2026-04-11,824697,"Gonzales, Nick",693304,1,0,694037,R,6.0,1.0,0,0,0,1,,,7.0,28.0,0.25,,,,,0.25,0.25
2026-04-13,823400,"Gonzales, Nick",693304,1,0,686894,R,,2.0,0,0,0,1,,,5.0,25.0,0.2,,,,,0.2,0.2
2026-04-14,823398,"Gonzales, Nick",693304,4,0,571945,R,6.0,1.0,0,0,1,3,,,3.0,21.0,0.14285714285714285,,,,,0.14285714285714285,0.14285714285714285
2026-04-15,823399,"Gonzales, Nick",693304,4,1,663623,R,5.0,1.0,0,1,0,4,,,3.0,21.0,0.14285714285714285,,,,,0.14285714285714285,0.14285714285714285
2026-04-16,823396,"Gonzales, Nick",693304,4,2,656492,L,5.0,1.0,2,0,4,0,,,3.0,21.0,0.14285714285714285,3.0,10.0,18.0,39.0,0.16666666666666666,0.2564102564102564
2026-04-17,823397,"Gonzales, Nick",693304,4,0,607259,R,6.0,1.0,0,0,0,4,,,4.0,21.0,0.19047619047619047,5.0,8.0,22.0,35.0,0.22727272727272727,0.22857142857142856
2026-04-18,823394,"Gonzales, Nick",693304,1,0,687330,R,2.0,1.0,0,0,0,1,0.1052631578947368,0.2631578947368421,3.0,21.0,0.14285714285714285,4.0,7.0,17.0,38.0,0.23529411764705882,0.18421052631578946
2026-04-19,823393,"Gonzales, Nick",693304,4,2,663556,L,5.0,1.0,2,0,3,1,,,3.0,19.0,0.15789473684210525,4.0,7.0,15.0,36.0,0.26666666666666666,0.19444444444444445
2026-04-21,822914,"Gonzales, Nick",693304,4,2,677958,R,6.0,2.0,0,2,0,4,,,5.0,22.0,0.22727272727272727,6.0,6.0,18.0,33.0,0.3333333333333333,0.18181818181818182
2026-04-22,822913,"Gonzales, Nick",693304,4,1,683004,R,6.0,1.0,0,1,1,3,,,7.0,25.0,0.28,5.0,7.0,15.0,36.0,0.3333333333333333,0.19444444444444445
2026-04-23,822912,"Gonzales, Nick",693304,4,2,594798,R,6.0,1.0,0,2,0,4,,,8.0,25.0,0.32,5.0,6.0,13.0,37.0,0.38461538461538464,0.16216216216216217
2026-04-24,823800,"Gonzales, Nick",693304,4,1,605540,R,6.0,1.0,0,1,2,2,,,9.0,25.0,0.36,5.0,8.0,13.0,37.0,0.38461538461538464,0.21621621621621623
2026-04-25,823799,"Gonzales, Nick",693304,5,3,694819,R,6.0,1.0,0,3,1,4,0.1531531531531531,0.3783783783783784,8.0,25.0,0.32,5.0,8.0,15.0,35.0,0.3333333333333333,0.22857142857142856
2026-04-26,823797,"Gonzales, Nick",693304,4,1,690986,L,5.0,1.0,0,1,3,1,,,11.0,26.0,0.4230769230769231,4.0,11.0,15.0,36.0,0.26666666666666666,0.3055555555555556
2026-04-27,823395,"Gonzales, Nick",693304,4,3,669160,R,6.0,1.0,0,3,0,4,0.3055555555555556,0.1851851851851851,12.0,29.0,0.41379310344827586,4.0,11.0,18.0,33.0,0.2222222222222222,0.3333333333333333
2026-04-28,823390,"Gonzales, Nick",693304,4,2,681517,R,6.0,1.0,1,1,1,3,0.2612612612612612,0.1351351351351351,13.0,29.0,0.4482758620689655,4.0,14.0,15.0,37.0,0.26666666666666666,0.3783783783783784
2026-04-29,823392,"Gonzales, Nick",693304,5,1,669467,R,5.0,1.0,0,1,0,5,0.1929824561403508,0.175438596491228,13.0,29.0,0.4482758620689655,5.0,15.0,16.0,39.0,0.3125,0.38461538461538464
2026-04-30,823391,"Gonzales, Nick",693304,4,0,690928,R,2.0,1.0,0,0,0,4,,,13.0,30.0,0.43333333333333335,5.0,16.0,16.0,43.0,0.3125,0.37209302325581395
2026-05-01,823389,"Gonzales, Nick",693304,5,3,663903,R,6.0,1.0,0,3,0,5,0.3043478260869565,0.1217391304347826,11.0,30.0,0.36666666666666664,5.0,16.0,15.0,44.0,0.3333333333333333,0.36363636363636365
2026-05-02,823388,"Gonzales, Nick",693304,6,2,656271,L,4.0,1.0,1,1,2,4,0.1,0.3,13.0,31.0,0.41935483870967744,5.0,18.0,15.0,45.0,0.3333333333333333,0.4
2026-05-03,823387,"Gonzales, Nick",693304,3,0,695505,R,5.0,1.0,0,0,0,3,0.211864406779661,0.2711864406779661,12.0,32.0,0.375,4.0,19.0,13.0,49.0,0.3076923076923077,0.3877551020408163
2026-05-05,825092,"Gonzales, Nick",693304,4,0,593958,L,6.0,2.0,0,0,3,1,0.2113821138211382,0.1382113821138211,11.0,31.0,0.3548387096774194,4.0,19.0,13.0,48.0,0.3076923076923077,0.3958333333333333
2026-05-06,825091,"Gonzales, Nick",693304,4,0,647336,R,6.0,1.0,0,0,0,4,0.2649572649572649,0.2222222222222222,8.0,31.0,0.25806451612903225,4.0,19.0,16.0,48.0,0.25,0.3958333333333333
2026-05-08,823225,"Gonzales, Nick",693304,4,0,592662,L,7.0,2.0,0,0,4,0,0.1739130434782608,0.2521739130434782,6.0,31.0,0.1935483870967742,2.0,19.0,13.0,51.0,0.15384615384615385,0.37254901960784315
2026-05-09,823224,"Gonzales, Nick",693304,6,4,694738,R,7.0,1.0,0,4,0,6,0.146551724137931,0.25,5.0,30.0,0.16666666666666666,2.0,17.0,17.0,47.0,0.11764705882352941,0.3617021276595745
2026-05-10,823221,"Gonzales, Nick",693304,6,1,641816,R,7.0,1.0,0,1,2,4,0.2033898305084746,0.211864406779661,9.0,32.0,0.28125,2.0,20.0,16.0,50.0,0.125,0.4
2026-05-12,823385,"Gonzales, Nick",693304,4,2,547179,R,6.0,2.0,0,2,0,4,0.3130434782608696,0.1391304347826087,7.0,33.0,0.21212121212121213,2.0,19.0,18.0,50.0,0.1111111111111111,0.38
2026-05-13,823386,"Gonzales, Nick",693304,4,0,500779,L,6.0,1.0,0,0,3,1,0.2129629629629629,0.1111111111111111,7.0,31.0,0.22580645161290322,2.0,20.0,16.0,52.0,0.125,0.38461538461538464
2026-05-15,823384,"Gonzales, Nick",693304,1,0,689147,R,2.0,2.0,0,0,0,1,0.2142857142857142,0.1428571428571428,7.0,32.0,0.21875,2.0,17.0,18.0,49.0,0.1111111111111111,0.3469387755102041
2026-05-16,823382,"Gonzales, Nick",693304,3,2,650911,L,6.0,1.0,2,0,3,0,0.2340425531914893,0.2553191489361702,7.0,29.0,0.2413793103448276,2.0,16.0,15.0,49.0,0.13333333333333333,0.32653061224489793
2026-05-17,823381,"Gonzales, Nick",693304,4,1,554430,R,5.0,1.0,0,1,1,3,,,9.0,28.0,0.32142857142857145,4.0,13.0,18.0,45.0,0.2222222222222222,0.28888888888888886
2026-05-19,823059,"Gonzales, Nick",693304,6,1,669461,L,6.0,2.0,0,1,3,3,0.2545454545454545,0.2,10.0,28.0,0.35714285714285715,3.0,13.0,18.0,45.0,0.16666666666666666,0.28888888888888886
2026-05-20,823057,"Gonzales, Nick",693304,5,2,700241,R,6.0,1.0,0,2,1,4,0.1743119266055046,0.2201834862385321,7.0,28.0,0.25,3.0,13.0,21.0,43.0,0.14285714285714285,0.3023255813953488
2026-05-22,822816,"Gonzales, Nick",693304,4,2,592332,R,5.0,2.0,1,1,1,3,0.2542372881355932,0.1525423728813559,8.0,27.0,0.2962962962962963,3.0,15.0,22.0,43.0,0.13636363636363635,0.3488372093023256
2026-05-23,822814,"Gonzales, Nick",693304,4,0,571578,L,5.0,1.0,0,0,3,1,0.2935779816513761,0.1192660550458715,8.0,27.0,0.2962962962962963,4.0,13.0,23.0,41.0,0.17391304347826086,0.3170731707317073
2026-05-24,822813,"Gonzales, Nick",693304,4,0,656302,R,5.0,1.0,0,0,1,3,0.2015503875968992,0.3100775193798449,8.0,27.0,0.2962962962962963,3.0,12.0,24.0,38.0,0.125,0.3157894736842105
2026-05-25,823380,"Gonzales, Nick",693304,4,0,676962,R,6.0,1.0,0,0,0,4,0.140625,0.28125,8.0,30.0,0.26666666666666666,3.0,12.0,25.0,38.0,0.12,0.3157894736842105
2026-05-26,823379,"Gonzales, Nick",693304,5,2,696136,L,3.0,1.0,2,0,5,0,,,6.0,31.0,0.1935483870967742,3.0,12.0,22.0,41.0,0.13636363636363635,0.2926829268292683
2026-05-27,823376,"Gonzales, Nick",693304,4,0,592791,R,5.0,1.0,0,0,1,3,0.2393162393162393,0.188034188034188,7.0,32.0,0.21875,5.0,12.0,27.0,37.0,0.18518518518518517,0.32432432432432434
2026-05-28,823378,"Gonzales, Nick",693304,1,0,607067,R,5.0,1.0,0,0,0,1,0.2649572649572649,0.1709401709401709,6.0,30.0,0.2,5.0,12.0,24.0,40.0,0.20833333333333334,0.3
2026-05-29,823377,"Gonzales, Nick",693304,4,1,671737,R,6.0,1.0,0,1,1,3,0.1854838709677419,0.2419354838709677,4.0,26.0,0.15384615384615385,5.0,8.0,24.0,35.0,0.20833333333333334,0.22857142857142856
2026-05-30,823375,"Gonzales, Nick",693304,5,3,641927,R,6.0,1.0,1,2,1,4,0.2066115702479339,0.1322314049586777,3.0,26.0,0.11538461538461539,5.0,8.0,23.0,34.0,0.21739130434782608,0.23529411764705882
2026-05-31,823373,"Gonzales, Nick",693304,4,1,805673,R,6.0,1.0,0,1,0,4,,,6.0,27.0,0.2222222222222222,6.0,8.0,24.0,34.0,0.25,0.23529411764705882
2026-06-02,824189,"Gonzales, Nick",693304,5,3,681347,R,6.0,2.0,0,3,1,4,0.2272727272727272,0.1590909090909091,7.0,27.0,0.25925925925925924,6.0,9.0,21.0,37.0,0.2857142857142857,0.24324324324324326
2026-06-03,824188,"Gonzales, Nick",693304,5,2,681293,R,6.0,1.0,0,2,0,5,0.1322314049586777,0.1818181818181818,10.0,28.0,0.35714285714285715,6.0,12.0,22.0,40.0,0.2727272727272727,0.3
2026-06-04,824185,"Gonzales, Nick",693304,4,1,678906,R,6.0,1.0,0,1,0,4,0.1494252873563218,0.264367816091954,10.0,28.0,0.35714285714285715,4.0,14.0,19.0,45.0,0.21052631578947367,0.3111111111111111
2026-06-05,824914,"Gonzales, Nick",693304,4,1,527048,L,6.0,1.0,1,0,3,1,0.1971830985915492,0.2535211267605634,11.0,28.0,0.39285714285714285,4.0,14.0,18.0,46.0,0.2222222222222222,0.30434782608695654
2026-06-06,824915,"Gonzales, Nick",693304,4,2,675911,R,6.0,1.0,0,2,1,3,0.1666666666666666,0.3148148148148148,12.0,31.0,0.3870967741935484,5.0,13.0,18.0,44.0,0.2777777777777778,0.29545454545454547
2026-06-07,824916,"Gonzales, Nick",693304,4,0,693821,R,5.0,1.0,0,0,0,4,0.224,0.176,13.0,31.0,0.41935483870967744,5.0,13.0,18.0,43.0,0.2777777777777778,0.3023255813953488
2026-06-09,823374,"Gonzales, Nick",693304,4,0,641778,L,7.0,2.0,0,0,3,1,0.2376237623762376,0.1188118811881188,10.0,30.0,0.3333333333333333,4.0,12.0,17.0,44.0,0.23529411764705882,0.2727272727272727
2026-06-10,823372,"Gonzales, Nick",693304,4,0,660271,R,7.0,1.0,0,0,0,4,0.1140350877192982,0.2894736842105263,9.0,30.0,0.3,4.0,12.0,17.0,44.0,0.23529411764705882,0.2727272727272727
2026-06-11,823371,"Gonzales, Nick",693304,5,2,680736,L,7.0,1.0,1,1,3,2,0.2213740458015267,0.2213740458015267,6.0,29.0,0.20689655172413793,4.0,12.0,16.0,45.0,0.25,0.26666666666666666
2026-06-12,823370,"Gonzales, Nick",693304,4,1,645261,R,5.0,1.0,1,0,1,3,0.2857142857142857,0.1729323308270676,6.0,29.0,0.20689655172413793,5.0,13.0,19.0,43.0,0.2631578947368421,0.3023255813953488
2026-06-13,823369,"Gonzales, Nick",693304,4,0,669199,R,3.0,1.0,0,0,1,3,0.1627906976744186,0.3255813953488372,6.0,29.0,0.20689655172413793,4.0,13.0,15.0,46.0,0.26666666666666666,0.2826086956521739
2026-06-14,823368,"Gonzales, Nick",693304,4,2,676974,R,5.0,1.0,0,2,0,4,0.1544715447154471,0.2601626016260163,5.0,29.0,0.1724137931034483,4.0,13.0,15.0,46.0,0.26666666666666666,0.2826086956521739
2026-06-15,824993,"Gonzales, Nick",693304,4,0,669372,R,6.0,1.0,0,0,0,4,0.1391304347826087,0.2695652173913043,5.0,29.0,0.1724137931034483,4.0,15.0,15.0,49.0,0.26666666666666666,0.30612244897959184
2026-06-16,824991,"Gonzales, Nick",693304,4,0,678022,R,6.0,1.0,0,0,1,3,0.2028985507246377,0.2753623188405797,5.0,29.0,0.1724137931034483,4.0,14.0,14.0,50.0,0.2857142857142857,0.28
2026-06-17,824992,"Gonzales, Nick",693304,5,2,650644,R,23.0,1.0,1,1,1,4,0.2894736842105263,0.131578947368421,5.0,29.0,0.1724137931034483,3.0,12.0,14.0,49.0,0.21428571428571427,0.24489795918367346
2026-06-19,824345,"Gonzales, Nick",693304,4,1,607536,L,6.0,2.0,0,1,3,1,0.3305785123966942,0.1487603305785124,7.0,30.0,0.23333333333333334,4.0,12.0,15.0,49.0,0.26666666666666666,0.24489795918367346
2026-06-20,824342,"Gonzales, Nick",693304,4,0,608372,R,6.0,1.0,0,0,0,4,0.2627118644067797,0.135593220338983,6.0,29.0,0.20689655172413793,4.0,10.0,17.0,46.0,0.23529411764705882,0.21739130434782608
2026-06-21,824343,"Gonzales, Nick",693304,4,2,547179,R,6.0,1.0,0,2,0,4,0.2857142857142857,0.2285714285714285,5.0,29.0,0.1724137931034483,4.0,8.0,17.0,45.0,0.23529411764705882,0.17777777777777778
2026-06-23,823365,"Gonzales, Nick",693304,4,2,669923,R,6.0,2.0,0,2,0,4,0.314516129032258,0.2096774193548387,7.0,29.0,0.2413793103448276,4.0,9.0,17.0,45.0,0.23529411764705882,0.2
2026-06-24,823367,"Gonzales, Nick",693304,5,2,693433,R,6.0,1.0,0,2,0,5,0.2231404958677686,0.2727272727272727,7.0,29.0,0.2413793103448276,3.0,11.0,14.0,48.0,0.21428571428571427,0.22916666666666666
2026-06-25,823366,"Gonzales, Nick",693304,4,1,682243,R,6.0,1.0,0,1,0,4,0.1443298969072164,0.3402061855670103,9.0,30.0,0.3,3.0,11.0,13.0,50.0,0.23076923076923078,0.22
2026-06-26,823363,"Gonzales, Nick",693304,2,0,572955,R,3.0,1.0,0,0,0,2,0.1111111111111111,0.2777777777777778,10.0,30.0,0.3333333333333333,3.0,12.0,13.0,50.0,0.23076923076923078,0.24
2026-06-27,823364,"Gonzales, Nick",693304,5,1,695505,R,6.0,1.0,0,1,1,4,0.2035398230088495,0.336283185840708,8.0,27.0,0.2962962962962963,3.0,12.0,10.0,51.0,0.3,0.23529411764705882
2026-06-28,823362,"Gonzales, Nick",693304,5,1,663903,R,6.0,1.0,0,1,0,5,0.168141592920354,0.2212389380530973,8.0,28.0,0.2857142857142857,3.0,13.0,11.0,51.0,0.2727272727272727,0.2549019607843137
2026-06-29,823444,"Gonzales, Nick",693304,2,0,663767,R,1.0,1.0,0,0,1,1,0.3636363636363636,0.2727272727272727,9.0,29.0,0.3103448275862069,2.0,13.0,8.0,54.0,0.25,0.24074074074074073
2026-06-30,823445,"Gonzales, Nick",693304,4,1,650911,L,5.0,1.0,1,0,3,1,0.2222222222222222,0.2539682539682539,7.0,27.0,0.25925925925925924,1.0,13.0,8.0,52.0,0.125,0.25
2026-07-01,823446,"Gonzales, Nick",693304,5,3,554430,R,5.0,1.0,0,3,0,5,0.15,0.2833333333333333,6.0,27.0,0.2222222222222222,2.0,13.0,10.0,50.0,0.2,0.26
2026-07-02,823442,"Gonzales, Nick",693304,5,3,660604,R,5.0,1.0,2,1,2,3,,,7.0,27.0,0.25925925925925924,2.0,14.0,10.0,51.0,0.2,0.27450980392156865
2026-07-03,822714,"Gonzales, Nick",693304,5,1,656492,L,6.0,1.0,0,1,2,3,0.175,0.275,9.0,28.0,0.32142857142857145,4.0,15.0,12.0,50.0,0.3333333333333333,0.3
2026-07-04,822716,"Gonzales, Nick",693304,4,2,641793,R,6.0,1.0,1,1,1,3,0.2359550561797752,0.1573033707865168,10.0,31.0,0.3225806451612903,4.0,16.0,13.0,50.0,0.3076923076923077,0.32
2026-07-05,822715,"Gonzales, Nick",693304,5,3,676917,R,5.0,1.0,1,2,1,4,0.2169811320754717,0.2641509433962264,11.0,30.0,0.36666666666666664,4.0,16.0,13.0,49.0,0.3076923076923077,0.32653061224489793
2026-07-07,823361,"Gonzales, Nick",693304,5,2,694462,R,5.0,2.0,0,2,2,3,,,13.0,30.0,0.43333333333333335,5.0,17.0,11.0,52.0,0.45454545454545453,0.3269230769230769
2026-07-08,823360,"Gonzales, Nick",693304,4,0,656550,R,5.0,1.0,0,0,0,4,0.1954022988505747,0.160919540229885,15.0,33.0,0.45454545454545453,5.0,19.0,13.0,51.0,0.38461538461538464,0.37254901960784315
2026-07-09,823359,"Gonzales, Nick",693304,4,0,693821,R,12.0,1.0,0,0,0,4,0.2868852459016393,0.180327868852459,14.0,33.0,0.42424242424242425,5.0,17.0,13.0,51.0,0.38461538461538464,0.3333333333333333
2026-07-11,823356,"Gonzales, Nick",693304,4,0,675660,L,5.0,0.0,0,0,3,1,0.247787610619469,0.2123893805309734,11.0,32.0,0.34375,5.0,15.0,13.0,51.0,0.38461538461538464,0.29411764705882354
2026-07-11,823357,"Gonzales, Nick",693304,4,1,687075,R,6.0,2.0,0,1,1,3,0.1649484536082474,0.3092783505154639,8.0,31.0,0.25806451612903225,5.0,13.0,16.0,47.0,0.3125,0.2765957446808511
2026-07-12,823358,"Gonzales, Nick",693304,5,2,688107,L,5.0,1.0,0,2,2,3,0.2066115702479339,0.2314049586776859,8.0,30.0,0.26666666666666666,5.0,13.0,17.0,46.0,0.29411764705882354,0.2826086956521739
2026-07-18,824412,"Gonzales, Nick",693304,4,1,671106,L,54.0,0.0,1,0,2,2,,,8.0,31.0,0.25806451612903225,5.0,15.0,19.0,47.0,0.2631578947368421,0.3191489361702128
2026-07-18,824414,"Gonzales, Nick",693304,4,2,668909,R,9.0,6.0,0,2,0,4,0.2260869565217391,0.3043478260869565,6.0,30.0,0.2,6.0,14.0,20.0,45.0,0.3,0.3111111111111111
2026-07-19,824411,"Gonzales, Nick",693304,5,2,676282,L,7.0,1.0,2,0,4,1,0.1779661016949152,0.3220338983050847,6.0,29.0,0.20689655172413793,6.0,15.0,20.0,44.0,0.3,0.3409090909090909
2026-07-20,823522,"Gonzales, Nick",693304,5,1,677960,L,10.0,1.0,1,0,3,2,0.2692307692307692,0.2596153846153846,8.0,30.0,0.26666666666666666,8.0,15.0,23.0,44.0,0.34782608695652173,0.3409090909090909
2026-07-22,823518,"Gonzales, Nick",693304,4,2,543037,R,5.0,2.0,0,2,0,4,0.2711864406779661,0.2627118644067797,9.0,31.0,0.2903225806451613,8.0,15.0,23.0,45.0,0.34782608695652173,0.3333333333333333
2026-07-22,823519,"Gonzales, Nick",693304,4,2,608331,L,70.0,0.0,1,1,2,2,0.2123893805309734,0.2389380530973451,11.0,31.0,0.3548387096774194,8.0,14.0,23.0,44.0,0.34782608695652173,0.3181818181818182
2026-07-24,823352,"Gonzales, Nick",693304,5,1,571510,L,6.0,2.0,1,0,4,1,0.2051282051282051,0.1709401709401709,12.0,31.0,0.3870967741935484,7.0,14.0,23.0,43.0,0.30434782608695654,0.32558139534883723
2026-07-25,823355,"Gonzales, Nick",693304,4,1,684007,L,6.0,1.0,1,0,3,1,0.2608695652173913,0.217391304347826,11.0,31.0,0.3548387096774194,8.0,13.0,25.0,41.0,0.32,0.3170731707317073
2026-07-26,823354,"Gonzales, Nick",693304,4,2,592791,R,6.0,1.0,1,1,1,3,0.268041237113402,0.2371134020618556,11.0,31.0,0.3548387096774194,8.0,12.0,27.0,39.0,0.2962962962962963,0.3076923076923077
2026-07-27,823353,"Gonzales, Nick",693304,4,2,518876,R,5.0,1.0,0,2,0,4,0.2393162393162393,0.1794871794871795,11.0,31.0,0.3548387096774194,8.0,11.0,27.0,38.0,0.2962962962962963,0.2894736842105263
2026-07-28,823350,"Gonzales, Nick",693304,6,2,694297,R,5.0,1.0,0,2,0,6,0.2385321100917431,0.128440366972477,11.0,30.0,0.36666666666666664,8.0,11.0,25.0,39.0,0.32,0.28205128205128205
2026-07-29,823351,"Gonzales, Nick",693304,4,1,593958,L,5.0,1.0,1,0,4,0,0.2627118644067797,0.135593220338983,12.0,31.0,0.3870967741935484,8.0,13.0,25.0,41.0,0.32,0.3170731707317073
2026-07-30,824488,"Gonzales, Nick",693304,4,2,695076,R,6.0,1.0,0,2,1,3,0.25,0.1323529411764706,11.0,31.0,0.3548387096774194,9.0,13.0,29.0,37.0,0.3103448275862069,0.35135135135135137
2026-07-31,824486,"Gonzales, Nick",693304,5,2,668881,R,6.0,1.0,1,1,1,4,,,11.0,31.0,0.3548387096774194,9.0,15.0,27.0,39.0,0.3333333333333333,0.38461538461538464
2026-08-01,824485,"Gonzales, Nick",693304,4,0,671096,L,6.0,1.0,0,0,4,0,0.1826086956521739,0.208695652173913,12.0,31.0,0.3870967741935484,10.0,15.0,27.0,40.0,0.37037037037037035,0.375
2026-08-02,824483,"Gonzales, Nick",693304,4,0,695505,R,5.0,1.0,0,0,1,3,0.208695652173913,0.2260869565217391,11.0,31.0,0.3548387096774194,10.0,13.0,29.0,37.0,0.3448275862068966,0.35135135135135137
2026-08-03,823757,"Gonzales, Nick",693304,4,0,687075,R,7.0,1.0,0,0,1,3,0.2,0.219047619047619,9.0,31.0,0.2903225806451613,9.0,13.0,28.0,38.0,0.32142857142857145,0.34210526315789475
2026-08-04,823756,"Gonzales, Nick",693304,4,0,701656,R,7.0,1.0,0,0,0,4,0.1515151515151515,0.3131313131313131,7.0,31.0,0.22580645161290322,9.0,11.0,29.0,37.0,0.3103448275862069,0.2972972972972973
2026-08-05,823753,"Gonzales, Nick",693304,3,1,690986,L,28.0,1.0,1,0,3,0,0.2,0.2526315789473684,5.0,29.0,0.1724137931034483,7.0,11.0,25.0,40.0,0.28,0.275
2026-08-06,823754,"Gonzales, Nick",693304,4,2,669160,R,8.0,1.0,1,1,1,3,0.2037037037037037,0.2592592592592592,5.0,28.0,0.17857142857142858,7.0,11.0,25.0,38.0,0.28,0.2894736842105263
2026-08-07,823349,"Gonzales, Nick",693304,4,2,804267,L,6.0,1.0,1,1,2,2,0.1913043478260869,0.1826086956521739,5.0,28.0,0.17857142857142858,8.0,10.0,26.0,37.0,0.3076923076923077,0.2702702702702703
2026-08-08,823348,"Gonzales, Nick",693304,5,1,476594,R,6.0,1.0,0,1,0,5,,,5.0,27.0,0.18518518518518517,8.0,10.0,26.0,37.0,0.3076923076923077,0.2702702702702703
2026-08-09,823345,"Gonzales, Nick",693304,4,0,640455,L,5.0,1.0,0,0,3,1,0.2440944881889764,0.2125984251968504,6.0,28.0,0.21428571428571427,7.0,11.0,22.0,41.0,0.3181818181818182,0.2682926829268293
2026-08-11,823832,"Gonzales, Nick",693304,3,0,691587,R,6.0,2.0,0,0,0,3,0.2096774193548387,0.2580645161290322,6.0,28.0,0.21428571428571427,6.0,11.0,22.0,41.0,0.2727272727272727,0.2682926829268293
2026-08-12,823833,"Gonzales, Nick",693304,4,2,676083,R,6.0,1.0,0,2,0,4,0.2421052631578947,0.2,6.0,27.0,0.2222222222222222,5.0,10.0,21.0,41.0,0.23809523809523808,0.24390243902439024
2026-08-13,823829,"Gonzales, Nick",693304,5,2,663969,R,6.0,1.0,0,2,1,4,0.25,0.1785714285714285,8.0,27.0,0.2962962962962963,5.0,10.0,21.0,41.0,0.23809523809523808,0.24390243902439024
2026-08-14,823346,"Gonzales, Nick",693304,3,0,687562,L,6.0,1.0,0,0,3,0,0.2195121951219512,0.1626016260162601,9.0,29.0,0.3103448275862069,5.0,10.0,22.0,39.0,0.22727272727272727,0.2564102564102564
2026-08-17,823343,"Gonzales, Nick",693304,4,1,664285,L,5.0,3.0,1,0,3,1,0.2457627118644068,0.1610169491525423,7.0,28.0,0.25,4.0,10.0,21.0,39.0,0.19047619047619047,0.2564102564102564
2026-08-19,823342,"Gonzales, Nick",693304,4,2,695549,R,5.0,2.0,1,1,1,3,,,6.0,28.0,0.21428571428571427,5.0,8.0,23.0,37.0,0.21739130434782608,0.21621621621621623
2026-08-21,823911,"Gonzales, Nick",693304,5,2,808967,R,7.0,2.0,0,2,0,5,0.1526717557251908,0.2290076335877862,7.0,27.0,0.25925925925925924,5.0,8.0,23.0,36.0,0.21739130434782608,0.2222222222222222
2026-08-22,823910,"Gonzales, Nick",693304,4,0,669373,L,6.0,1.0,0,0,3,1,0.184,0.296,9.0,28.0,0.32142857142857145,5.0,10.0,19.0,41.0,0.2631578947368421,0.24390243902439024
2026-08-23,823909,"Gonzales, Nick",693304,4,0,605483,L,6.0,1.0,0,0,3,1,,,9.0,29.0,0.3103448275862069,5.0,10.0,21.0,39.0,0.23809523809523808,0.2564102564102564
2026-08-24,823260,"Gonzales, Nick",693304,6,2,592662,L,6.0,1.0,0,2,4,2,0.1946902654867256,0.1858407079646017,7.0,29.0,0.2413793103448276,5.0,10.0,23.0,37.0,0.21739130434782608,0.2702702702702703
2026-08-25,823259,"Gonzales, Nick",693304,4,1,650633,R,6.0,1.0,0,1,0,4,0.2184873949579832,0.2100840336134453,7.0,30.0,0.23333333333333334,5.0,12.0,27.0,35.0,0.18518518518518517,0.34285714285714286
2026-08-26,823255,"Gonzales, Nick",693304,4,0,681190,R,5.0,1.0,0,0,0,4,0.1568627450980392,0.1078431372549019,8.0,31.0,0.25806451612903225,4.0,13.0,24.0,39.0,0.16666666666666666,0.3333333333333333
2026-08-28,823013,"Gonzales, Nick",693304,4,1,687273,L,6.0,2.0,1,0,3,1,,,7.0,31.0,0.22580645161290322,3.0,12.0,23.0,40.0,0.13043478260869565,0.3
2026-08-29,823011,"Gonzales, Nick",693304,5,2,681517,R,6.0,1.0,0,2,1,4,0.2525252525252525,0.2727272727272727,6.0,31.0,0.1935483870967742,3.0,11.0,24.0,39.0,0.125,0.28205128205128205
2026-09-01,823340,"Gonzales, Nick",693304,6,3,702885,L,6.0,3.0,0,3,2,4,,,6.0,31.0,0.1935483870967742,3.0,12.0,25.0,38.0,0.12,0.3157894736842105
2026-09-02,823339,"Gonzales, Nick",693304,5,1,694738,R,6.0,1.0,0,1,1,4,0.1818181818181818,0.1570247933884297,9.0,33.0,0.2727272727272727,3.0,15.0,24.0,41.0,0.125,0.36585365853658536
2026-09-03,823337,"Gonzales, Nick",693304,4,1,694918,R,6.0,1.0,0,1,0,4,0.2149532710280373,0.1962616822429906,10.0,34.0,0.29411764705882354,3.0,16.0,25.0,42.0,0.12,0.38095238095238093
2026-09-04,823338,"Gonzales, Nick",693304,4,0,696270,R,6.0,1.0,0,0,1,3,0.1333333333333333,0.1428571428571428,9.0,32.0,0.28125,3.0,15.0,25.0,42.0,0.12,0.35714285714285715
2026-05-31,824592,"Gonzalez, Jacob",694378,3,1,672456,R,5.0,,0,1,0,3,0.1913043478260869,0.1391304347826087,,,,,,,,,
2026-06-01,823702,"Gonzalez, Jacob",694378,4,0,657746,R,6.0,1.0,0,0,0,4,0.1485148514851485,0.3069306930693069,,,,,,,,,
2026-06-02,823700,"Gonzalez, Jacob",694378,4,1,687570,L,6.0,1.0,1,0,4,0,0.2252252252252252,0.2162162162162162,,,,,,,,,
2026-06-03,823701,"Gonzalez, Jacob",694378,5,2,671737,R,5.0,1.0,0,2,1,4,0.1949152542372881,0.2627118644067797,,,,,,,,,
2026-06-05,823455,"Gonzalez, Jacob",694378,1,1,641745,R,2.0,2.0,0,1,0,1,0.25,0.1666666666666666,,,,,,,,,
2026-06-06,823454,"Gonzalez, Jacob",694378,4,1,691725,R,6.0,1.0,0,1,1,3,0.2621359223300971,0.145631067961165,,,,,,,,,
2026-06-07,823453,"Gonzalez, Jacob",694378,2,0,605400,R,5.0,1.0,0,0,0,2,0.2621359223300971,0.233009708737864,,,,,,,,,
2026-06-09,824591,"Gonzalez, Jacob",694378,5,2,656550,R,6.0,2.0,0,2,1,4,0.2201834862385321,0.2568807339449541,6.0,23.0,0.2608695652173913,,,,,0.2608695652173913,0.2608695652173913
2026-06-10,824590,"Gonzalez, Jacob",694378,3,0,519242,L,6.0,1.0,0,0,3,0,0.2290076335877862,0.2824427480916031,7.0,25.0,0.28,,,,,0.28,0.28
2026-06-12,824588,"Gonzalez, Jacob",694378,4,0,808963,R,7.0,2.0,0,0,0,4,0.168141592920354,0.3008849557522124,7.0,24.0,0.2916666666666667,,,,,0.2916666666666667,0.2916666666666667
2026-06-13,824587,"Gonzalez, Jacob",694378,3,0,808967,R,7.0,1.0,0,0,0,3,0.1746031746031746,0.2619047619047619,6.0,24.0,0.25,,,,,0.25,0.25
2026-06-14,824586,"Gonzalez, Jacob",694378,4,0,686218,R,7.0,1.0,0,0,1,3,0.1875,0.21875,4.0,22.0,0.18181818181818182,,,,,0.18181818181818182,0.18181818181818182
2026-06-16,823535,"Gonzalez, Jacob",694378,3,0,543037,R,7.0,2.0,0,0,1,2,,,3.0,25.0,0.12,,,,,0.12,0.12
2026-06-17,823536,"Gonzalez, Jacob",694378,2,0,621112,R,8.0,1.0,0,0,1,1,0.25,0.1875,2.0,24.0,0.08333333333333333,,,,,0.08333333333333333,0.08333333333333333
2026-06-18,823533,"Gonzalez, Jacob",694378,2,0,666808,R,4.0,1.0,0,0,1,1,0.2352941176470588,0.3529411764705882,2.0,24.0,0.08333333333333333,,,,,0.08333333333333333,0.08333333333333333
2026-06-20,824263,"Gonzalez, Jacob",694378,2,0,675512,R,11.0,2.0,0,0,0,2,,,0.0,21.0,0.0,1.0,7.0,14.0,35.0,0.07142857142857142,0.2
2026-06-21,824260,"Gonzalez, Jacob",694378,4,0,672456,R,5.0,1.0,0,0,0,4,0.2222222222222222,0.1818181818181818,0.0,20.0,0.0,1.0,6.0,14.0,34.0,0.07142857142857142,0.17647058823529413
2026-06-22,824585,"Gonzalez, Jacob",694378,1,0,671922,R,4.0,1.0,0,0,0,1,0.125,0.375,0.0,20.0,0.0,1.0,6.0,14.0,34.0,0.07142857142857142,0.17647058823529413
2026-06-24,824583,"Gonzalez, Jacob",694378,4,2,676440,R,5.0,2.0,0,2,0,4,0.2017543859649122,0.2280701754385964,0.0,18.0,0.0,0.0,6.0,10.0,35.0,0.0,0.17142857142857143
2026-06-26,824582,"Gonzalez, Jacob",694378,5,3,687765,R,11.0,2.0,0,3,0,5,,,2.0,18.0,0.1111111111111111,0.0,6.0,9.0,35.0,0.0,0.17142857142857143
2026-06-27,824581,"Gonzalez, Jacob",694378,4,1,608379,R,5.0,1.0,0,1,0,4,0.2857142857142857,0.1278195488721804,5.0,20.0,0.25,0.0,8.0,9.0,39.0,0.0,0.20512820512820512
2026-06-28,824580,"Gonzalez, Jacob",694378,4,0,679883,R,5.0,1.0,0,0,0,4,0.1630434782608695,0.2065217391304347,6.0,22.0,0.2727272727272727,0.0,8.0,8.0,40.0,0.0,0.2
2026-06-29,824822,"Gonzalez, Jacob",694378,4,2,669358,R,6.0,1.0,0,2,0,4,0.234375,0.1875,6.0,24.0,0.25,0.0,8.0,8.0,42.0,0.0,0.19047619047619047
2026-06-30,824819,"Gonzalez, Jacob",694378,5,3,694346,R,6.0,1.0,1,2,1,4,0.2201834862385321,0.1926605504587156,8.0,26.0,0.3076923076923077,0.0,8.0,7.0,42.0,0.0,0.19047619047619047
2026-07-01,824818,"Gonzalez, Jacob",694378,3,0,665152,R,74.0,1.0,0,0,0,3,,,11.0,27.0,0.4074074074074074,1.0,10.0,5.0,46.0,0.2,0.21739130434782608
2026-07-02,824416,"Gonzalez, Jacob",694378,4,1,677944,R,5.0,1.0,0,1,0,4,0.1913043478260869,0.1739130434782608,11.0,29.0,0.3793103448275862,1.0,10.0,5.0,45.0,0.2,0.2222222222222222
2026-07-03,824417,"Gonzalez, Jacob",694378,3,1,668909,R,5.0,1.0,0,1,0,3,0.2321428571428571,0.2589285714285714,10.0,29.0,0.3448275862068966,1.0,11.0,5.0,46.0,0.2,0.2391304347826087
2026-07-05,824413,"Gonzalez, Jacob",694378,2,0,676440,R,5.0,2.0,0,0,0,2,0.140495867768595,0.1818181818181818,8.0,27.0,0.2962962962962963,1.0,12.0,4.0,46.0,0.25,0.2608695652173913
2026-07-07,824579,"Gonzalez, Jacob",694378,1,0,686580,R,2.0,2.0,0,0,0,1,0.391304347826087,0.3043478260869565,7.0,25.0,0.28,1.0,12.0,3.0,46.0,0.3333333333333333,0.2608695652173913
2026-07-09,824577,"Gonzalez, Jacob",694378,2,0,594027,R,4.0,2.0,0,0,1,1,0.1363636363636363,0.1818181818181818,7.0,22.0,0.3181818181818182,1.0,12.0,2.0,46.0,0.5,0.2608695652173913
2026-07-12,823358,"Gonzalez, Jacob",694378,1,0,669060,R,1.0,3.0,0,0,0,1,,,5.0,20.0,0.25,1.0,12.0,2.0,46.0,0.5,0.2608695652173913
2026-07-18,824412,"Gonzalez, Jacob",694378,1,0,671922,R,6.0,0.0,0,0,0,1,0.1111111111111111,0.3333333333333333,2.0,16.0,0.125,1.0,12.0,2.0,45.0,0.5,0.26666666666666666
2026-07-18,824414,"Gonzalez, Jacob",694378,4,2,668909,R,9.0,6.0,0,2,0,4,0.2260869565217391,0.3043478260869565,2.0,14.0,0.14285714285714285,1.0,12.0,2.0,42.0,0.5,0.2857142857142857
2026-07-19,824411,"Gonzalez, Jacob",694378,4,1,676282,L,7.0,1.0,1,0,3,1,0.1779661016949152,0.3220338983050847,3.0,14.0,0.21428571428571427,1.0,14.0,2.0,45.0,0.5,0.3111111111111111
2026-07-20,823522,"Gonzalez, Jacob",694378,2,1,657612,L,1.0,1.0,1,0,1,1,0.2272727272727272,0.0909090909090909,3.0,15.0,0.2,2.0,12.0,5.0,42.0,0.4,0.2857142857142857
2026-07-22,823518,"Gonzalez, Jacob",694378,4,1,543037,R,5.0,2.0,0,1,0,4,0.2711864406779661,0.2627118644067797,4.0,15.0,0.26666666666666666,3.0,9.0,6.0,38.0,0.5,0.23684210526315788
2026-07-22,823519,"Gonzalez, Jacob",694378,1,0,621112,R,3.0,0.0,0,0,0,1,0.1034482758620689,0.2413793103448276,5.0,18.0,0.2777777777777778,3.0,9.0,6.0,38.0,0.5,0.23684210526315788
2026-07-25,823355,"Gonzalez, Jacob",694378,3,0,684007,L,6.0,3.0,0,0,2,1,0.2608695652173913,0.217391304347826,5.0,17.0,0.29411764705882354,3.0,9.0,6.0,35.0,0.5,0.2571428571428571
2026-07-26,823354,"Gonzalez, Jacob",694378,4,0,592791,R,6.0,1.0,0,0,1,3,0.268041237113402,0.2371134020618556,5.0,19.0,0.2631578947368421,3.0,7.0,8.0,32.0,0.375,0.21875
2026-07-27,823353,"Gonzalez, Jacob",694378,4,1,518876,R,5.0,1.0,0,1,0,4,0.2393162393162393,0.1794871794871795,5.0,22.0,0.22727272727272727,2.0,5.0,8.0,31.0,0.25,0.16129032258064516
2026-07-28,823350,"Gonzalez, Jacob",694378,3,1,694297,R,5.0,1.0,0,1,0,3,0.2385321100917431,0.128440366972477,4.0,22.0,0.18181818181818182,2.0,6.0,8.0,32.0,0.25,0.1875
2026-07-30,824488,"Gonzalez, Jacob",694378,2,0,695076,R,6.0,2.0,0,0,0,2,0.25,0.1323529411764706,4.0,21.0,0.19047619047619047,2.0,6.0,8.0,31.0,0.25,0.1935483870967742
2026-07-31,824486,"Gonzalez, Jacob",694378,3,0,668881,R,6.0,1.0,0,0,0,3,,,3.0,21.0,0.14285714285714285,2.0,5.0,8.0,30.0,0.25,0.16666666666666666
2026-08-02,824483,"Gonzalez, Jacob",694378,3,2,695505,R,5.0,2.0,0,2,0,3,0.208695652173913,0.2260869565217391,2.0,20.0,0.1,2.0,5.0,8.0,31.0,0.25,0.16129032258064516
2026-08-03,823757,"Gonzalez, Jacob",694378,4,0,676879,L,5.0,1.0,0,0,1,3,0.25,0.3,4.0,22.0,0.18181818181818182,2.0,7.0,8.0,33.0,0.25,0.21212121212121213
2026-08-04,823756,"Gonzalez, Jacob",694378,3,1,701656,R,7.0,1.0,0,1,0,3,0.1515151515151515,0.3131313131313131,4.0,23.0,0.17391304347826086,2.0,7.0,8.0,35.0,0.25,0.2
2026-08-05,823753,"Gonzalez, Jacob",694378,1,0,622608,R,1.0,1.0,0,0,0,1,0.35,0.2,5.0,22.0,0.22727272727272727,2.0,8.0,8.0,37.0,0.25,0.21621621621621623
2026-08-06,823754,"Gonzalez, Jacob",694378,2,0,669160,R,8.0,1.0,0,0,0,2,0.2037037037037037,0.2592592592592592,4.0,19.0,0.21052631578947367,2.0,8.0,8.0,37.0,0.25,0.21621621621621623
2026-08-07,823349,"Gonzalez, Jacob",694378,1,1,642207,R,5.0,1.0,0,1,0,1,0.238095238095238,0.2857142857142857,3.0,18.0,0.16666666666666666,2.0,6.0,8.0,35.0,0.25,0.17142857142857143
2026-08-08,823348,"Gonzalez, Jacob",694378,5,1,476594,R,6.0,1.0,0,1,0,5,,,4.0,17.0,0.23529411764705882,1.0,7.0,5.0,35.0,0.2,0.2
2026-08-09,823345,"Gonzalez, Jacob",694378,1,0,640455,L,5.0,1.0,0,0,1,0,0.2440944881889764,0.2125984251968504,5.0,19.0,0.2631578947368421,0.0,8.0,4.0,39.0,0.0,0.20512820512820512
2026-08-11,823832,"Gonzalez, Jacob",694378,3,1,691587,R,6.0,2.0,0,1,0,3,0.2096774193548387,0.2580645161290322,3.0,17.0,0.17647058823529413,0.0,7.0,5.0,35.0,0.0,0.2
2026-08-12,823833,"Gonzalez, Jacob",694378,3,0,676083,R,6.0,1.0,0,0,0,3,0.2421052631578947,0.2,4.0,16.0,0.25,0.0,8.0,5.0,37.0,0.0,0.21621621621621623
2026-08-13,823829,"Gonzalez, Jacob",694378,5,1,663969,R,6.0,1.0,0,1,2,3,0.25,0.1785714285714285,3.0,16.0,0.1875,0.0,8.0,3.0,39.0,0.0,0.20512820512820512
2026-08-14,823346,"Gonzalez, Jacob",694378,1,1,687941,L,2.0,1.0,1,0,1,0,0.2307692307692307,0.2051282051282051,4.0,20.0,0.2,0.0,9.0,4.0,39.0,0.0,0.23076923076923078
2026-08-15,823347,"Gonzalez, Jacob",694378,3,0,543243,R,5.0,1.0,0,0,0,3,0.2421875,0.1953125,5.0,19.0,0.2631578947368421,1.0,8.0,5.0,35.0,0.2,0.22857142857142856
2026-08-17,823343,"Gonzalez, Jacob",694378,2,0,640448,R,2.0,2.0,0,0,0,2,0.238095238095238,0.0952380952380952,4.0,21.0,0.19047619047619047,1.0,7.0,5.0,35.0,0.2,0.2
2026-08-18,823341,"Gonzalez, Jacob",694378,3,0,672456,R,5.0,1.0,0,0,0,3,0.1896551724137931,0.1379310344827586,3.0,18.0,0.16666666666666666,1.0,7.0,5.0,35.0,0.2,0.2
2026-08-19,823342,"Gonzalez, Jacob",694378,2,1,695549,R,5.0,1.0,0,1,0,2,,,3.0,20.0,0.15,1.0,7.0,5.0,35.0,0.2,0.2
2026-08-21,823911,"Gonzalez, Jacob",694378,4,0,808967,R,7.0,2.0,0,0,0,4,0.1526717557251908,0.2290076335877862,3.0,19.0,0.15789473684210525,1.0,6.0,5.0,34.0,0.2,0.17647058823529413
2026-08-23,823909,"Gonzalez, Jacob",694378,1,0,683618,R,2.0,2.0,0,0,0,1,0.0588235294117647,0.3529411764705882,3.0,20.0,0.15,1.0,6.0,4.0,35.0,0.25,0.17142857142857143
2026-08-24,823260,"Gonzalez, Jacob",694378,3,0,699134,R,3.0,1.0,0,0,1,2,0.125,0.3333333333333333,2.0,16.0,0.125,1.0,5.0,4.0,33.0,0.25,0.15151515151515152
2026-08-25,823259,"Gonzalez, Jacob",694378,3,0,650633,R,6.0,1.0,0,0,0,3,0.2184873949579832,0.2100840336134453,1.0,18.0,0.05555555555555555,1.0,5.0,5.0,34.0,0.2,0.14705882352941177
2026-08-26,823255,"Gonzalez, Jacob",694378,2,0,681190,R,5.0,1.0,0,0,0,2,0.1568627450980392,0.1078431372549019,1.0,18.0,0.05555555555555555,1.0,5.0,5.0,35.0,0.2,0.14285714285714285
2026-08-28,823013,"Gonzalez, Jacob",694378,1,0,681676,R,3.0,2.0,0,0,0,1,0.2758620689655172,0.1724137931034483,1.0,18.0,0.05555555555555555,1.0,4.0,5.0,36.0,0.2,0.1111111111111111
2026-08-29,823011,"Gonzalez, Jacob",694378,4,1,802408,L,96.0,1.0,1,0,2,2,,,1.0,16.0,0.0625,1.0,3.0,5.0,32.0,0.2,0.09375
2026-09-01,823340,"Gonzalez, Jacob",694378,4,2,657277,R,6.0,3.0,1,1,1,3,0.2051282051282051,0.2136752136752136,1.0,18.0,0.05555555555555555,2.0,3.0,6.0,34.0,0.3333333333333333,0.08823529411764706
2026-09-02,823339,"Gonzalez, Jacob",694378,1,1,671345,R,2.0,1.0,0,1,0,1,0.3846153846153846,0.2307692307692307,3.0,18.0,0.16666666666666666,3.0,3.0,7.0,34.0,0.42857142857142855,0.08823529411764706
2026-09-03,823337,"Gonzalez, Jacob",694378,2,0,694918,R,6.0,1.0,0,0,0,2,0.2149532710280373,0.1962616822429906,4.0,18.0,0.2222222222222222,3.0,4.0,7.0,32.0,0.42857142857142855,0.125
2026-09-04,823338,"Gonzalez, Jacob",694378,3,1,696270,R,6.0,1.0,0,1,0,3,0.1333333333333333,0.1428571428571428,4.0,17.0,0.23529411764705882,3.0,3.0,5.0,31.0,0.6,0.0967741935483871
2026-05-22,822816,"Valdez, Esmerlyn",699013,4,0,592332,R,5.0,,0,0,0,4,0.2542372881355932,0.1525423728813559,,,,,,,,,
2026-05-23,822814,"Valdez, Esmerlyn",699013,2,0,571578,L,5.0,1.0,0,0,2,0,0.2935779816513761,0.1192660550458715,,,,,,,,,
2026-05-24,822813,"Valdez, Esmerlyn",699013,3,1,656302,R,5.0,1.0,0,1,0,3,0.2015503875968992,0.3100775193798449,,,,,,,,,
2026-05-26,823379,"Valdez, Esmerlyn",699013,5,1,696136,L,4.0,2.0,1,0,4,1,,,,,,,,,,,
2026-05-27,823376,"Valdez, Esmerlyn",699013,4,0,592791,R,5.0,1.0,0,0,0,4,0.2393162393162393,0.188034188034188,,,,,,,,,
2026-06-11,823371,"Valdez, Esmerlyn",699013,2,0,680736,L,7.0,15.0,0,0,2,0,0.2213740458015267,0.2213740458015267,,,,,,,,,
2026-06-12,823370,"Valdez, Esmerlyn",699013,1,0,667463,L,6.0,1.0,0,0,1,0,0.1428571428571428,0.1428571428571428,,,,,,,,,
2026-06-15,824993,"Valdez, Esmerlyn",699013,4,0,669372,R,6.0,3.0,0,0,0,4,0.1391304347826087,0.2695652173913043,2.0,21.0,0.09523809523809523,,,,,0.09523809523809523,0.09523809523809523
2026-06-17,824992,"Valdez, Esmerlyn",699013,1,0,665622,R,3.0,2.0,0,0,0,1,0.4666666666666667,0.1666666666666666,2.0,21.0,0.09523809523809523,,,,,0.09523809523809523,0.09523809523809523
2026-06-19,824345,"Valdez, Esmerlyn",699013,3,1,607536,L,6.0,2.0,1,0,3,0,0.3305785123966942,0.1487603305785124,2.0,20.0,0.1,,,,,0.1,0.1
2026-06-24,823367,"Valdez, Esmerlyn",699013,3,2,693433,R,6.0,5.0,0,2,0,3,0.2231404958677686,0.2727272727272727,2.0,20.0,0.1,,,,,0.1,0.1
2026-06-25,823366,"Valdez, Esmerlyn",699013,3,0,682243,R,6.0,1.0,0,0,0,3,0.1443298969072164,0.3402061855670103,3.0,18.0,0.16666666666666666,,,,,0.16666666666666666,0.16666666666666666
2026-06-26,823363,"Valdez, Esmerlyn",699013,4,2,671096,L,6.0,1.0,1,1,3,1,0.2016806722689075,0.2184873949579832,3.0,17.0,0.17647058823529413,,,,,0.17647058823529413,0.17647058823529413
2026-06-27,823364,"Valdez, Esmerlyn",699013,1,1,657571,L,1.0,1.0,1,0,1,0,0.238095238095238,0.1904761904761904,5.0,19.0,0.2631578947368421,,,,,0.2631578947368421,0.2631578947368421
2026-06-28,823362,"Valdez, Esmerlyn",699013,5,3,663903,R,6.0,1.0,0,3,0,5,0.168141592920354,0.2212389380530973,6.0,19.0,0.3157894736842105,,,,,0.3157894736842105,0.3157894736842105
2026-06-29,823444,"Valdez, Esmerlyn",699013,5,2,605400,R,5.0,1.0,1,1,1,4,0.2385321100917431,0.2385321100917431,9.0,20.0,0.45,4.0,7.0,16.0,29.0,0.25,0.2413793103448276
2026-06-30,823445,"Valdez, Esmerlyn",699013,4,2,650911,L,5.0,1.0,1,1,3,1,0.2222222222222222,0.2539682539682539,11.0,24.0,0.4583333333333333,5.0,8.0,17.0,29.0,0.29411764705882354,0.27586206896551724
2026-07-01,823446,"Valdez, Esmerlyn",699013,5,1,554430,R,5.0,1.0,0,1,0,5,0.15,0.2833333333333333,12.0,25.0,0.48,6.0,9.0,18.0,30.0,0.3333333333333333,0.3
2026-07-02,823442,"Valdez, Esmerlyn",699013,5,2,660604,R,5.0,1.0,2,0,2,3,,,11.0,27.0,0.4074074074074074,6.0,9.0,18.0,32.0,0.3333333333333333,0.28125
2026-07-03,822714,"Valdez, Esmerlyn",699013,5,3,656492,L,6.0,1.0,0,3,2,3,0.175,0.275,13.0,29.0,0.4482758620689655,7.0,9.0,16.0,34.0,0.4375,0.2647058823529412
2026-07-04,822716,"Valdez, Esmerlyn",699013,4,1,641793,R,6.0,1.0,0,1,1,3,0.2359550561797752,0.1573033707865168,14.0,30.0,0.4666666666666667,7.0,12.0,18.0,33.0,0.3888888888888889,0.36363636363636365
2026-07-05,822715,"Valdez, Esmerlyn",699013,5,0,676917,R,5.0,1.0,0,0,0,5,0.2169811320754717,0.2641509433962264,14.0,33.0,0.42424242424242425,7.0,13.0,17.0,36.0,0.4117647058823529,0.3611111111111111
2026-07-07,823361,"Valdez, Esmerlyn",699013,5,1,694462,R,5.0,2.0,0,1,1,4,,,11.0,33.0,0.3333333333333333,7.0,13.0,16.0,41.0,0.4375,0.3170731707317073
2026-07-08,823360,"Valdez, Esmerlyn",699013,4,0,656550,R,5.0,1.0,0,0,0,4,0.1954022988505747,0.160919540229885,10.0,33.0,0.30303030303030304,7.0,14.0,17.0,41.0,0.4117647058823529,0.34146341463414637
2026-07-09,823359,"Valdez, Esmerlyn",699013,5,1,693821,R,12.0,1.0,0,1,1,4,0.2868852459016393,0.180327868852459,8.0,33.0,0.24242424242424243,7.0,14.0,17.0,44.0,0.4117647058823529,0.3181818181818182
2026-07-11,823356,"Valdez, Esmerlyn",699013,4,1,675660,L,5.0,0.0,1,0,3,1,0.247787610619469,0.2123893805309734,8.0,33.0,0.24242424242424243,6.0,15.0,15.0,48.0,0.4,0.3125
2026-07-11,823357,"Valdez, Esmerlyn",699013,4,3,687075,R,6.0,2.0,1,2,1,3,0.1649484536082474,0.3092783505154639,7.0,32.0,0.21875,7.0,13.0,18.0,46.0,0.3888888888888889,0.2826086956521739
2026-07-12,823358,"Valdez, Esmerlyn",699013,5,1,688107,L,5.0,1.0,1,0,3,2,0.2066115702479339,0.2314049586776859,7.0,31.0,0.22580645161290322,8.0,15.0,19.0,46.0,0.42105263157894735,0.32608695652173914
2026-07-18,824412,"Valdez, Esmerlyn",699013,4,1,671106,L,54.0,0.0,1,0,2,2,,,7.0,32.0,0.21875,8.0,14.0,19.0,47.0,0.42105263157894735,0.2978723404255319
2026-07-18,824414,"Valdez, Esmerlyn",699013,4,1,668909,R,9.0,6.0,0,1,0,4,0.2260869565217391,0.3043478260869565,8.0,31.0,0.25806451612903225,8.0,14.0,20.0,49.0,0.4,0.2857142857142857
2026-07-19,824411,"Valdez, Esmerlyn",699013,5,1,676282,L,7.0,1.0,1,0,4,1,0.1779661016949152,0.3220338983050847,8.0,30.0,0.26666666666666666,8.0,12.0,20.0,48.0,0.4,0.25
2026-07-20,823522,"Valdez, Esmerlyn",699013,4,1,677960,L,10.0,1.0,1,0,4,0,0.2692307692307692,0.2596153846153846,9.0,31.0,0.2903225806451613,8.0,11.0,23.0,45.0,0.34782608695652173,0.24444444444444444
2026-07-22,823518,"Valdez, Esmerlyn",699013,5,0,543037,R,5.0,2.0,0,0,0,5,0.2711864406779661,0.2627118644067797,9.0,30.0,0.3,8.0,10.0,24.0,44.0,0.3333333333333333,0.22727272727272727
2026-07-22,823519,"Valdez, Esmerlyn",699013,4,0,608331,L,70.0,0.0,0,0,2,2,0.2123893805309734,0.2389380530973451,8.0,31.0,0.25806451612903225,8.0,9.0,24.0,44.0,0.3333333333333333,0.20454545454545456
2026-07-24,823352,"Valdez, Esmerlyn",699013,4,0,571510,L,6.0,2.0,0,0,3,1,0.2051282051282051,0.1709401709401709,5.0,31.0,0.16129032258064516,6.0,9.0,24.0,43.0,0.25,0.20930232558139536
2026-07-25,823355,"Valdez, Esmerlyn",699013,4,1,684007,L,6.0,1.0,0,1,3,1,0.2608695652173913,0.217391304347826,4.0,30.0,0.13333333333333333,6.0,6.0,25.0,41.0,0.24,0.14634146341463414
2026-07-26,823354,"Valdez, Esmerlyn",699013,4,2,592791,R,6.0,1.0,1,1,1,3,0.268041237113402,0.2371134020618556,4.0,30.0,0.13333333333333333,6.0,6.0,27.0,39.0,0.2222222222222222,0.15384615384615385
2026-07-27,823353,"Valdez, Esmerlyn",699013,2,0,518876,R,5.0,1.0,0,0,0,2,0.2393162393162393,0.1794871794871795,5.0,30.0,0.16666666666666666,7.0,7.0,28.0,37.0,0.25,0.1891891891891892
2026-07-28,823350,"Valdez, Esmerlyn",699013,6,1,694297,R,5.0,1.0,0,1,0,6,0.2385321100917431,0.128440366972477,4.0,27.0,0.14814814814814814,7.0,6.0,27.0,35.0,0.25925925925925924,0.17142857142857143
2026-07-29,823351,"Valdez, Esmerlyn",699013,4,0,593958,L,5.0,1.0,0,0,4,0,0.2627118644067797,0.135593220338983,4.0,29.0,0.13793103448275862,7.0,7.0,27.0,37.0,0.25925925925925924,0.1891891891891892
2026-07-30,824488,"Valdez, Esmerlyn",699013,4,1,695076,R,6.0,1.0,0,1,0,4,0.25,0.1323529411764706,4.0,28.0,0.14285714285714285,7.0,6.0,30.0,33.0,0.23333333333333334,0.18181818181818182
2026-07-31,824486,"Valdez, Esmerlyn",699013,5,0,668881,R,6.0,1.0,0,0,0,5,,,5.0,28.0,0.17857142857142858,6.0,7.0,27.0,36.0,0.2222222222222222,0.19444444444444445
2026-08-01,824485,"Valdez, Esmerlyn",699013,4,0,671096,L,6.0,1.0,0,0,4,0,0.1826086956521739,0.208695652173913,5.0,29.0,0.1724137931034483,5.0,5.0,26.0,38.0,0.19230769230769232,0.13157894736842105
2026-08-02,824483,"Valdez, Esmerlyn",699013,4,0,695505,R,5.0,1.0,0,0,0,4,0.208695652173913,0.2260869565217391,4.0,29.0,0.13793103448275862,4.0,5.0,27.0,36.0,0.14814814814814814,0.1388888888888889
2026-08-03,823757,"Valdez, Esmerlyn",699013,4,0,687075,R,7.0,1.0,0,0,1,3,0.2,0.219047619047619,2.0,29.0,0.06896551724137931,3.0,5.0,25.0,38.0,0.12,0.13157894736842105
2026-08-04,823756,"Valdez, Esmerlyn",699013,4,0,701656,R,7.0,1.0,0,0,0,4,0.1515151515151515,0.3131313131313131,2.0,31.0,0.06451612903225806,3.0,4.0,26.0,37.0,0.11538461538461539,0.10810810810810811
2026-08-05,823753,"Valdez, Esmerlyn",699013,4,0,690986,L,28.0,1.0,0,0,3,1,0.2,0.2526315789473684,1.0,29.0,0.034482758620689655,2.0,4.0,22.0,40.0,0.09090909090909091,0.1
2026-08-07,823349,"Valdez, Esmerlyn",699013,4,0,804267,L,6.0,2.0,0,0,2,2,0.1913043478260869,0.1826086956521739,1.0,29.0,0.034482758620689655,1.0,4.0,21.0,41.0,0.047619047619047616,0.0975609756097561
2026-08-08,823348,"Valdez, Esmerlyn",699013,5,1,476594,R,6.0,1.0,0,1,0,5,,,0.0,29.0,0.0,1.0,4.0,23.0,38.0,0.043478260869565216,0.10526315789473684
2026-08-09,823345,"Valdez, Esmerlyn",699013,4,0,640455,L,5.0,1.0,0,0,3,1,0.2440944881889764,0.2125984251968504,1.0,29.0,0.034482758620689655,1.0,5.0,21.0,41.0,0.047619047619047616,0.12195121951219512
2026-08-11,823832,"Valdez, Esmerlyn",699013,3,1,691587,R,6.0,2.0,0,1,0,3,0.2096774193548387,0.2580645161290322,1.0,29.0,0.034482758620689655,1.0,5.0,21.0,41.0,0.047619047619047616,0.12195121951219512
2026-08-12,823833,"Valdez, Esmerlyn",699013,4,1,676083,R,6.0,1.0,0,1,0,4,0.2421052631578947,0.2,2.0,28.0,0.07142857142857142,1.0,5.0,18.0,43.0,0.05555555555555555,0.11627906976744186
2026-08-13,823829,"Valdez, Esmerlyn",699013,5,2,663969,R,6.0,1.0,0,2,1,4,0.25,0.1785714285714285,3.0,28.0,0.10714285714285714,0.0,5.0,17.0,44.0,0.0,0.11363636363636363
2026-08-14,823346,"Valdez, Esmerlyn",699013,4,1,687562,L,6.0,1.0,1,0,4,0,0.2195121951219512,0.1626016260162601,5.0,29.0,0.1724137931034483,0.0,7.0,18.0,46.0,0.0,0.15217391304347827
2026-08-15,823347,"Valdez, Esmerlyn",699013,4,2,543243,R,5.0,1.0,0,2,1,3,0.2421875,0.1953125,6.0,29.0,0.20689655172413793,1.0,6.0,22.0,40.0,0.045454545454545456,0.15
2026-08-16,823344,"Valdez, Esmerlyn",699013,5,2,663776,L,5.0,1.0,2,0,5,0,0.282051282051282,0.2051282051282051,8.0,29.0,0.27586206896551724,1.0,8.0,19.0,43.0,0.05263157894736842,0.18604651162790697
2026-08-17,823343,"Valdez, Esmerlyn",699013,5,0,664285,L,5.0,1.0,0,0,3,2,0.2457627118644068,0.1610169491525423,9.0,29.0,0.3103448275862069,3.0,7.0,24.0,39.0,0.125,0.1794871794871795
2026-08-18,823341,"Valdez, Esmerlyn",699013,4,0,672456,R,5.0,1.0,0,0,1,3,0.1896551724137931,0.1379310344827586,9.0,30.0,0.3,3.0,7.0,27.0,36.0,0.1111111111111111,0.19444444444444445
2026-08-19,823342,"Valdez, Esmerlyn",699013,4,0,695549,R,5.0,1.0,0,0,0,4,,,8.0,31.0,0.25806451612903225,3.0,7.0,24.0,39.0,0.125,0.1794871794871795
2026-08-22,823910,"Valdez, Esmerlyn",699013,4,2,669373,L,6.0,3.0,1,1,3,1,0.184,0.296,7.0,31.0,0.22580645161290322,3.0,7.0,24.0,39.0,0.125,0.1794871794871795
2026-08-23,823909,"Valdez, Esmerlyn",699013,4,0,605483,L,6.0,1.0,0,0,3,1,,,7.0,30.0,0.23333333333333334,4.0,8.0,26.0,37.0,0.15384615384615385,0.21621621621621623
2026-08-24,823260,"Valdez, Esmerlyn",699013,4,1,592662,L,6.0,1.0,1,0,4,0,0.1946902654867256,0.1858407079646017,6.0,30.0,0.2,4.0,8.0,29.0,34.0,0.13793103448275862,0.23529411764705882
2026-08-26,823255,"Valdez, Esmerlyn",699013,4,1,681190,R,5.0,2.0,0,1,1,3,0.1568627450980392,0.1078431372549019,5.0,30.0,0.16666666666666666,5.0,8.0,30.0,33.0,0.16666666666666666,0.24242424242424243
2026-08-28,823013,"Valdez, Esmerlyn",699013,4,0,687273,L,6.0,2.0,0,0,3,1,,,4.0,29.0,0.13793103448275862,5.0,9.0,29.0,34.0,0.1724137931034483,0.2647058823529412
2026-08-30,823010,"Valdez, Esmerlyn",699013,4,1,669461,L,5.0,2.0,1,0,3,1,0.2336448598130841,0.2990654205607476,4.0,28.0,0.14285714285714285,5.0,8.0,32.0,30.0,0.15625,0.26666666666666666
2026-09-01,823340,"Valdez, Esmerlyn",699013,5,1,657277,R,6.0,2.0,0,1,1,4,0.2051282051282051,0.2136752136752136,5.0,28.0,0.17857142857142858,6.0,8.0,32.0,30.0,0.1875,0.26666666666666666
2026-09-02,823339,"Valdez, Esmerlyn",699013,5,0,694738,R,6.0,1.0,0,0,0,5,0.1818181818181818,0.1570247933884297,6.0,29.0,0.20689655172413793,6.0,8.0,33.0,31.0,0.18181818181818182,0.25806451612903225
