game_date,game_pk,player_name,batter,plate_appearances,hits,starting_pitcher_id,starting_pitcher_hand,starting_pitcher_rest_days,batter_rest_days,hits_vs_L,hits_vs_R,pas_vs_L,pas_vs_R,opp_hit_rate_last_5,opp_k_rate_last_5,hits_last_7,pa_last_7,hit_rate_last_7,hits_vs_L_last_7,hits_vs_R_last_7,pas_vs_L_last_7,pas_vs_R_last_7,hit_rate_vs_L_last_7,hit_rate_vs_R_last_7,starting_pitcher_hand_L
2026-03-26,823649,"Lowe, Brandon",664040,4,2,642547,R,,,0,2,0,4,,,,,,,,,,,,0
2026-03-28,823651,"Lowe, Brandon",664040,5,1,656849,L,2.0,2.0,0,1,4,1,,,,,,,,,,,,1
2026-03-29,823647,"Lowe, Brandon",664040,5,2,690997,R,1.0,1.0,0,2,1,4,,,,,,,,,,,,0
2026-03-30,824539,"Lowe, Brandon",664040,4,1,695505,R,2.0,1.0,0,1,0,4,,,,,,,,,,,,0
2026-03-31,824537,"Lowe, Brandon",664040,4,0,682227,L,3.0,1.0,0,0,4,0,,,,,,,,,,,,1
2026-04-03,823406,"Lowe, Brandon",664040,4,1,680694,R,6.0,3.0,0,1,1,3,,,,,,,,,,,,0
2026-04-04,823404,"Lowe, Brandon",664040,5,0,669358,R,6.0,1.0,0,0,1,4,,,,,,,,,,,,0
2026-04-05,823405,"Lowe, Brandon",664040,5,1,700249,L,6.0,1.0,1,0,3,2,,,7.0,31.0,0.22580645161290322,0.0,7.0,11.0,20.0,0.0,0.35,1
2026-04-06,823401,"Lowe, Brandon",664040,4,1,608566,R,6.0,1.0,0,1,0,4,,,6.0,32.0,0.1875,1.0,5.0,14.0,18.0,0.07142857142857142,0.2777777777777778,0
2026-04-07,823402,"Lowe, Brandon",664040,4,0,601713,R,6.0,1.0,0,0,1,3,,,6.0,31.0,0.1935483870967742,1.0,5.0,10.0,21.0,0.1,0.23809523809523808,0
2026-04-08,823403,"Lowe, Brandon",664040,4,0,650633,R,5.0,1.0,0,0,1,3,,,4.0,30.0,0.13333333333333333,1.0,3.0,10.0,20.0,0.1,0.15,0
2026-04-11,824697,"Lowe, Brandon",664040,6,0,665795,R,6.0,3.0,0,0,2,4,,,3.0,30.0,0.1,1.0,2.0,11.0,19.0,0.09090909090909091,0.10526315789473684,0
2026-04-12,824696,"Lowe, Brandon",664040,5,2,592791,R,6.0,1.0,0,2,1,4,,,3.0,32.0,0.09375,1.0,2.0,9.0,23.0,0.1111111111111111,0.08695652173913043,0
2026-04-13,823400,"Lowe, Brandon",664040,6,3,676917,R,6.0,1.0,0,3,0,6,,,4.0,33.0,0.12121212121212122,1.0,3.0,9.0,24.0,0.1111111111111111,0.125,0
2026-04-14,823398,"Lowe, Brandon",664040,3,1,571945,R,6.0,1.0,1,0,2,1,,,7.0,34.0,0.20588235294117646,1.0,6.0,8.0,26.0,0.125,0.23076923076923078,0
2026-04-15,823399,"Lowe, Brandon",664040,4,0,663623,R,5.0,1.0,0,0,0,4,,,7.0,32.0,0.21875,1.0,6.0,7.0,25.0,0.14285714285714285,0.24,0
2026-04-16,823396,"Lowe, Brandon",664040,5,2,656492,L,5.0,1.0,1,1,4,1,,,6.0,32.0,0.1875,1.0,5.0,7.0,25.0,0.14285714285714285,0.2,1
2026-04-17,823397,"Lowe, Brandon",664040,5,3,607259,R,6.0,1.0,0,3,0,5,,,8.0,33.0,0.24242424242424243,2.0,6.0,10.0,23.0,0.2,0.2608695652173913,0
2026-04-18,823394,"Lowe, Brandon",664040,6,0,656876,R,6.0,1.0,0,0,1,5,,,11.0,34.0,0.3235294117647059,2.0,9.0,9.0,25.0,0.2222222222222222,0.36,0
2026-04-22,822913,"Lowe, Brandon",664040,5,1,683004,R,6.0,4.0,0,1,2,3,,,11.0,34.0,0.3235294117647059,2.0,9.0,8.0,26.0,0.25,0.34615384615384615,0
2026-04-23,822912,"Lowe, Brandon",664040,4,0,594798,R,6.0,1.0,0,0,1,3,,,10.0,34.0,0.29411764705882354,2.0,8.0,9.0,25.0,0.2222222222222222,0.32,0
2026-04-24,823800,"Lowe, Brandon",664040,5,1,605540,R,6.0,1.0,0,1,2,3,,,7.0,32.0,0.21875,2.0,5.0,10.0,22.0,0.2,0.22727272727272727,0
2026-04-25,823799,"Lowe, Brandon",664040,4,1,694819,R,6.0,1.0,1,0,1,3,0.15315315315315314,0.3783783783783784,7.0,34.0,0.20588235294117646,1.0,6.0,10.0,24.0,0.1,0.25,0
2026-04-27,823395,"Lowe, Brandon",664040,4,0,669160,R,6.0,2.0,0,0,0,4,0.3055555555555556,0.18518518518518517,8.0,34.0,0.23529411764705882,2.0,6.0,11.0,23.0,0.18181818181818182,0.2608695652173913,0
2026-04-28,823390,"Lowe, Brandon",664040,3,1,681517,R,6.0,1.0,0,1,0,3,0.26126126126126126,0.13513513513513514,6.0,33.0,0.18181818181818182,1.0,5.0,7.0,26.0,0.14285714285714285,0.19230769230769232,0
2026-04-29,823392,"Lowe, Brandon",664040,3,1,669467,R,5.0,1.0,0,1,0,3,0.19298245614035087,0.17543859649122806,4.0,31.0,0.12903225806451613,1.0,3.0,7.0,24.0,0.14285714285714285,0.125,0
2026-04-30,823391,"Lowe, Brandon",664040,5,2,690928,R,1.0,1.0,1,1,2,3,,,5.0,28.0,0.17857142857142858,1.0,4.0,6.0,22.0,0.16666666666666666,0.18181818181818182,0
2026-05-01,823389,"Lowe, Brandon",664040,5,0,663903,R,6.0,1.0,0,0,1,4,0.30434782608695654,0.12173913043478261,6.0,28.0,0.21428571428571427,2.0,4.0,6.0,22.0,0.3333333333333333,0.18181818181818182,0
2026-05-02,823388,"Lowe, Brandon",664040,5,1,695076,R,6.0,1.0,0,1,2,3,0.225,0.16666666666666666,6.0,29.0,0.20689655172413793,2.0,4.0,6.0,23.0,0.3333333333333333,0.17391304347826086,0
2026-05-03,823387,"Lowe, Brandon",664040,4,0,695505,R,5.0,1.0,0,0,0,4,0.211864406779661,0.2711864406779661,6.0,29.0,0.20689655172413793,2.0,4.0,6.0,23.0,0.3333333333333333,0.17391304347826086,0
2026-05-06,825091,"Lowe, Brandon",664040,4,2,647336,R,6.0,3.0,0,2,0,4,0.26495726495726496,0.2222222222222222,5.0,29.0,0.1724137931034483,1.0,4.0,5.0,24.0,0.2,0.16666666666666666,0
2026-05-07,825090,"Lowe, Brandon",664040,5,3,668678,R,6.0,1.0,1,2,1,4,0.297029702970297,0.15841584158415842,7.0,29.0,0.2413793103448276,1.0,6.0,5.0,24.0,0.2,0.25,0
2026-05-08,823225,"Lowe, Brandon",664040,2,0,668873,R,4.0,1.0,0,0,0,2,0.23076923076923078,0.15384615384615385,9.0,31.0,0.2903225806451613,2.0,7.0,6.0,25.0,0.3333333333333333,0.28,0
2026-05-09,823224,"Lowe, Brandon",664040,6,2,694738,R,7.0,1.0,0,2,2,4,0.14655172413793102,0.25,8.0,30.0,0.26666666666666666,2.0,6.0,6.0,24.0,0.3333333333333333,0.25,0
2026-05-10,823221,"Lowe, Brandon",664040,6,0,641816,R,7.0,1.0,0,0,2,4,0.2033898305084746,0.211864406779661,8.0,31.0,0.25806451612903225,1.0,7.0,6.0,25.0,0.16666666666666666,0.28,0
2026-05-12,823385,"Lowe, Brandon",664040,4,1,547179,R,6.0,2.0,0,1,0,4,0.3130434782608696,0.1391304347826087,8.0,32.0,0.25,1.0,7.0,7.0,25.0,0.14285714285714285,0.28,0
2026-05-13,823386,"Lowe, Brandon",664040,4,0,500779,L,6.0,1.0,0,0,3,1,0.21296296296296297,0.1111111111111111,8.0,31.0,0.25806451612903225,1.0,7.0,5.0,26.0,0.2,0.2692307692307692,1
2026-05-14,823383,"Lowe, Brandon",664040,5,0,685299,R,5.0,1.0,0,0,1,4,0.2702702702702703,0.2702702702702703,8.0,31.0,0.25806451612903225,1.0,7.0,8.0,23.0,0.125,0.30434782608695654,0
2026-05-15,823384,"Lowe, Brandon",664040,5,2,605400,R,6.0,1.0,1,1,2,3,0.2807017543859649,0.21929824561403508,6.0,32.0,0.1875,1.0,5.0,9.0,23.0,0.1111111111111111,0.21739130434782608,0
2026-05-16,823382,"Lowe, Brandon",664040,3,0,650911,L,6.0,1.0,0,0,3,0,0.23404255319148937,0.2553191489361702,5.0,32.0,0.15625,1.0,4.0,10.0,22.0,0.1,0.18181818181818182,1
2026-05-17,823381,"Lowe, Brandon",664040,4,1,554430,R,5.0,1.0,0,1,0,4,,,5.0,33.0,0.15151515151515152,1.0,4.0,13.0,20.0,0.07692307692307693,0.2,0
2026-05-19,823059,"Lowe, Brandon",664040,5,2,669461,L,6.0,2.0,2,0,3,2,0.2545454545454545,0.2,4.0,31.0,0.12903225806451613,1.0,3.0,11.0,20.0,0.09090909090909091,0.15,1
2026-05-20,823057,"Lowe, Brandon",664040,5,1,700241,R,6.0,1.0,0,1,1,4,0.1743119266055046,0.22018348623853212,6.0,30.0,0.2,3.0,3.0,12.0,18.0,0.25,0.16666666666666666,0
2026-05-21,823056,"Lowe, Brandon",664040,5,2,669160,R,6.0,1.0,1,1,1,4,0.22131147540983606,0.16393442622950818,6.0,31.0,0.1935483870967742,3.0,3.0,13.0,18.0,0.23076923076923078,0.16666666666666666,0
2026-05-22,822816,"Lowe, Brandon",664040,4,2,592332,R,5.0,1.0,0,2,1,3,0.2542372881355932,0.15254237288135594,8.0,32.0,0.25,4.0,4.0,11.0,21.0,0.36363636363636365,0.19047619047619047,0
2026-05-23,822814,"Lowe, Brandon",664040,2,0,680755,R,2.0,1.0,0,0,0,2,0.13043478260869565,0.34782608695652173,10.0,31.0,0.3225806451612903,4.0,6.0,11.0,20.0,0.36363636363636365,0.3,0
2026-05-24,822813,"Lowe, Brandon",664040,4,1,656302,R,5.0,1.0,1,0,1,3,0.20155038759689922,0.31007751937984496,8.0,28.0,0.2857142857142857,3.0,5.0,9.0,19.0,0.3333333333333333,0.2631578947368421,0
2026-05-25,823380,"Lowe, Brandon",664040,4,2,676962,R,6.0,1.0,0,2,0,4,0.140625,0.28125,9.0,29.0,0.3103448275862069,4.0,5.0,7.0,22.0,0.5714285714285714,0.22727272727272727,0
2026-05-26,823379,"Lowe, Brandon",664040,4,2,696136,L,3.0,1.0,2,0,4,0,,,10.0,29.0,0.3448275862068966,4.0,6.0,7.0,22.0,0.5714285714285714,0.2727272727272727,1
2026-05-27,823376,"Lowe, Brandon",664040,4,1,592791,R,5.0,1.0,0,1,1,3,0.23931623931623933,0.18803418803418803,10.0,28.0,0.35714285714285715,4.0,6.0,8.0,20.0,0.5,0.3,0
2026-05-28,823378,"Lowe, Brandon",664040,4,0,607067,R,5.0,1.0,0,0,1,3,0.26495726495726496,0.17094017094017094,10.0,27.0,0.37037037037037035,4.0,6.0,8.0,19.0,0.5,0.3157894736842105,0
2026-05-29,823377,"Lowe, Brandon",664040,5,0,671737,R,6.0,1.0,0,0,2,3,0.18548387096774194,0.24193548387096775,8.0,26.0,0.3076923076923077,3.0,5.0,8.0,18.0,0.375,0.2777777777777778,0
2026-05-30,823375,"Lowe, Brandon",664040,3,1,641927,R,6.0,1.0,0,1,0,3,0.2066115702479339,0.1322314049586777,6.0,27.0,0.2222222222222222,3.0,3.0,9.0,18.0,0.3333333333333333,0.16666666666666666,0
2026-05-31,823373,"Lowe, Brandon",664040,5,1,805673,R,6.0,1.0,0,1,0,5,,,7.0,28.0,0.25,3.0,4.0,9.0,19.0,0.3333333333333333,0.21052631578947367,0
2026-06-02,824189,"Lowe, Brandon",664040,5,1,681347,R,6.0,2.0,0,1,1,4,0.22727272727272727,0.1590909090909091,7.0,29.0,0.2413793103448276,2.0,5.0,8.0,21.0,0.25,0.23809523809523808,0
2026-06-03,824188,"Lowe, Brandon",664040,5,0,681293,R,6.0,1.0,0,0,1,4,0.1322314049586777,0.18181818181818182,6.0,30.0,0.2,2.0,4.0,9.0,21.0,0.2222222222222222,0.19047619047619047,0
2026-06-04,824185,"Lowe, Brandon",664040,5,2,678906,R,6.0,1.0,0,2,1,4,0.14942528735632185,0.26436781609195403,4.0,31.0,0.12903225806451613,0.0,4.0,6.0,25.0,0.0,0.16,0
2026-06-05,824914,"Lowe, Brandon",664040,4,0,527048,L,6.0,1.0,0,0,3,1,0.19718309859154928,0.2535211267605634,5.0,32.0,0.15625,0.0,5.0,6.0,26.0,0.0,0.19230769230769232,1
2026-06-06,824915,"Lowe, Brandon",664040,4,0,675911,R,6.0,1.0,0,0,1,3,0.16666666666666666,0.3148148148148148,5.0,32.0,0.15625,0.0,5.0,8.0,24.0,0.0,0.20833333333333334,0
2026-06-07,824916,"Lowe, Brandon",664040,1,1,800311,R,2.0,1.0,0,1,0,1,0.19047619047619047,0.19047619047619047,5.0,31.0,0.16129032258064516,0.0,5.0,7.0,24.0,0.0,0.20833333333333334,0
2026-06-09,823374,"Lowe, Brandon",664040,3,0,641778,L,7.0,2.0,0,0,3,0,0.2376237623762376,0.1188118811881188,5.0,29.0,0.1724137931034483,0.0,5.0,7.0,22.0,0.0,0.22727272727272727,1
2026-06-10,823372,"Lowe, Brandon",664040,5,1,660271,R,7.0,1.0,0,1,1,4,0.11403508771929824,0.2894736842105263,4.0,27.0,0.14814814814814814,0.0,4.0,10.0,17.0,0.0,0.23529411764705882,0
2026-06-11,823371,"Lowe, Brandon",664040,5,1,680736,L,7.0,1.0,1,0,5,0,0.22137404580152673,0.22137404580152673,4.0,27.0,0.14814814814814814,0.0,4.0,10.0,17.0,0.0,0.23529411764705882,1
2026-06-12,823370,"Lowe, Brandon",664040,4,1,645261,R,5.0,1.0,0,1,0,4,0.2857142857142857,0.17293233082706766,5.0,27.0,0.18518518518518517,1.0,4.0,14.0,13.0,0.07142857142857142,0.3076923076923077,0
2026-06-13,823369,"Lowe, Brandon",664040,5,0,669622,R,2.0,1.0,0,0,2,3,0.1111111111111111,0.5,4.0,26.0,0.15384615384615385,1.0,3.0,13.0,13.0,0.07692307692307693,0.23076923076923078,0
2026-06-14,823368,"Lowe, Brandon",664040,5,0,676974,R,5.0,1.0,0,0,0,5,0.15447154471544716,0.2601626016260163,4.0,27.0,0.14814814814814814,1.0,3.0,12.0,15.0,0.08333333333333333,0.2,0
2026-06-15,824993,"Lowe, Brandon",664040,5,1,669372,R,6.0,1.0,0,1,0,5,0.1391304347826087,0.26956521739130435,4.0,28.0,0.14285714285714285,1.0,3.0,11.0,17.0,0.09090909090909091,0.17647058823529413,0
2026-06-16,824991,"Lowe, Brandon",664040,5,1,678022,R,6.0,1.0,0,1,1,4,0.2028985507246377,0.2753623188405797,4.0,32.0,0.125,1.0,3.0,11.0,21.0,0.09090909090909091,0.14285714285714285,0
2026-06-17,824992,"Lowe, Brandon",664040,5,1,650644,R,23.0,1.0,0,1,1,4,0.2894736842105263,0.13157894736842105,5.0,34.0,0.14705882352941177,1.0,4.0,9.0,25.0,0.1111111111111111,0.16,0
2026-06-19,824345,"Lowe, Brandon",664040,4,1,607536,L,6.0,2.0,1,0,3,1,0.3305785123966942,0.1487603305785124,5.0,34.0,0.14705882352941177,1.0,4.0,9.0,25.0,0.1111111111111111,0.16,1
2026-06-20,824342,"Lowe, Brandon",664040,4,2,608372,R,6.0,1.0,1,1,1,3,0.2627118644067797,0.13559322033898305,5.0,33.0,0.15151515151515152,1.0,4.0,7.0,26.0,0.14285714285714285,0.15384615384615385,0
2026-06-21,824343,"Lowe, Brandon",664040,5,1,547179,R,6.0,1.0,0,1,0,5,0.2857142857142857,0.22857142857142856,6.0,33.0,0.18181818181818182,2.0,4.0,8.0,25.0,0.25,0.16,0
2026-06-23,823365,"Lowe, Brandon",664040,5,2,669923,R,6.0,2.0,0,2,1,4,0.31451612903225806,0.20967741935483872,7.0,33.0,0.21212121212121213,2.0,5.0,6.0,27.0,0.3333333333333333,0.18518518518518517,0
2026-06-24,823367,"Lowe, Brandon",664040,5,1,693433,R,6.0,1.0,0,1,0,5,0.2231404958677686,0.2727272727272727,9.0,33.0,0.2727272727272727,2.0,7.0,7.0,26.0,0.2857142857142857,0.2692307692307692,0
2026-06-25,823366,"Lowe, Brandon",664040,4,2,682243,R,6.0,1.0,0,2,0,4,0.14432989690721648,0.3402061855670103,9.0,33.0,0.2727272727272727,2.0,7.0,7.0,26.0,0.2857142857142857,0.2692307692307692,0
2026-06-26,823363,"Lowe, Brandon",664040,5,0,671096,L,6.0,1.0,0,0,5,0,0.20168067226890757,0.2184873949579832,10.0,32.0,0.3125,2.0,8.0,6.0,26.0,0.3333333333333333,0.3076923076923077,1
2026-06-27,823364,"Lowe, Brandon",664040,5,1,695505,R,6.0,1.0,0,1,1,4,0.20353982300884957,0.336283185840708,9.0,32.0,0.28125,2.0,7.0,10.0,22.0,0.2,0.3181818181818182,0
2026-06-28,823362,"Lowe, Brandon",664040,5,0,663903,R,6.0,1.0,0,0,1,4,0.168141592920354,0.22123893805309736,9.0,33.0,0.2727272727272727,1.0,8.0,8.0,25.0,0.125,0.32,0
2026-06-29,823444,"Lowe, Brandon",664040,5,0,605400,R,5.0,1.0,0,0,0,5,0.23853211009174313,0.23853211009174313,7.0,34.0,0.20588235294117646,0.0,7.0,8.0,26.0,0.0,0.2692307692307692,0
2026-07-01,823446,"Lowe, Brandon",664040,5,1,554430,R,5.0,2.0,1,0,1,4,0.15,0.2833333333333333,6.0,34.0,0.17647058823529413,0.0,6.0,8.0,26.0,0.0,0.23076923076923078,0
2026-07-02,823442,"Lowe, Brandon",664040,5,2,660604,R,5.0,1.0,2,0,2,3,,,5.0,34.0,0.14705882352941177,1.0,4.0,8.0,26.0,0.125,0.15384615384615385,0
2026-07-03,822714,"Lowe, Brandon",664040,5,1,656492,L,6.0,1.0,0,1,3,2,0.175,0.275,6.0,34.0,0.17647058823529413,3.0,3.0,10.0,24.0,0.3,0.125,1
2026-07-04,822716,"Lowe, Brandon",664040,5,1,641793,R,6.0,1.0,0,1,1,4,0.23595505617977527,0.15730337078651685,5.0,35.0,0.14285714285714285,3.0,2.0,13.0,22.0,0.23076923076923078,0.09090909090909091,0
2026-07-05,822715,"Lowe, Brandon",664040,5,1,695418,R,4.0,1.0,0,1,0,5,0.24074074074074073,0.2777777777777778,6.0,35.0,0.17142857142857143,3.0,3.0,9.0,26.0,0.3333333333333333,0.11538461538461539,0
2026-07-07,823361,"Lowe, Brandon",664040,5,3,694462,R,5.0,2.0,2,1,2,3,,,6.0,35.0,0.17142857142857143,3.0,3.0,8.0,27.0,0.375,0.1111111111111111,0
2026-07-08,823360,"Lowe, Brandon",664040,4,1,656550,R,5.0,1.0,0,1,1,3,0.19540229885057472,0.16091954022988506,9.0,35.0,0.2571428571428571,5.0,4.0,9.0,26.0,0.5555555555555556,0.15384615384615385,0
2026-07-09,823359,"Lowe, Brandon",664040,5,0,693821,R,12.0,1.0,0,0,0,5,0.28688524590163933,0.18032786885245902,10.0,34.0,0.29411764705882354,5.0,5.0,10.0,24.0,0.5,0.20833333333333334,0
2026-07-11,823356,"Lowe, Brandon",664040,4,2,675660,L,5.0,0.0,1,1,3,1,0.24778761061946902,0.21238938053097345,9.0,34.0,0.2647058823529412,4.0,5.0,9.0,25.0,0.4444444444444444,0.2,1
2026-07-11,823357,"Lowe, Brandon",664040,5,1,687075,R,6.0,2.0,1,0,1,4,0.16494845360824742,0.30927835051546393,9.0,33.0,0.2727272727272727,3.0,6.0,10.0,23.0,0.3,0.2608695652173913,0
2026-07-12,823358,"Lowe, Brandon",664040,4,1,688107,L,5.0,1.0,1,0,3,1,0.2066115702479339,0.23140495867768596,9.0,33.0,0.2727272727272727,4.0,5.0,8.0,25.0,0.5,0.2,1
2026-07-18,824412,"Lowe, Brandon",664040,4,0,671106,L,54.0,0.0,0,0,3,1,,,9.0,32.0,0.28125,5.0,4.0,10.0,22.0,0.5,0.18181818181818182,1
2026-07-18,824414,"Lowe, Brandon",664040,4,2,668909,R,9.0,6.0,0,2,0,4,0.22608695652173913,0.30434782608695654,8.0,31.0,0.25806451612903225,5.0,3.0,13.0,18.0,0.38461538461538464,0.16666666666666666,0
2026-07-20,823522,"Lowe, Brandon",664040,5,0,677960,L,10.0,2.0,0,0,4,1,0.2692307692307692,0.25961538461538464,7.0,30.0,0.23333333333333334,3.0,4.0,11.0,19.0,0.2727272727272727,0.21052631578947367,1
2026-07-22,823518,"Lowe, Brandon",664040,5,1,543037,R,5.0,2.0,0,1,0,5,0.2711864406779661,0.2627118644067797,6.0,31.0,0.1935483870967742,3.0,3.0,14.0,17.0,0.21428571428571427,0.17647058823529413,0
2026-07-22,823519,"Lowe, Brandon",664040,3,0,608331,L,70.0,0.0,0,0,2,1,0.21238938053097345,0.23893805309734514,7.0,31.0,0.22580645161290322,3.0,4.0,14.0,17.0,0.21428571428571427,0.23529411764705882,1
2026-07-24,823352,"Lowe, Brandon",664040,4,0,571510,L,6.0,2.0,0,0,4,0,0.20512820512820512,0.17094017094017094,5.0,30.0,0.16666666666666666,2.0,3.0,13.0,17.0,0.15384615384615385,0.17647058823529413,1
2026-07-26,823354,"Lowe, Brandon",664040,4,3,592791,R,6.0,2.0,1,2,1,3,0.26804123711340205,0.23711340206185566,4.0,29.0,0.13793103448275862,1.0,3.0,16.0,13.0,0.0625,0.23076923076923078,0
2026-07-27,823353,"Lowe, Brandon",664040,5,3,518876,R,5.0,1.0,0,3,0,5,0.23931623931623933,0.1794871794871795,6.0,29.0,0.20689655172413793,1.0,5.0,14.0,15.0,0.07142857142857142,0.3333333333333333,0
2026-07-28,823350,"Lowe, Brandon",664040,6,2,694297,R,5.0,1.0,0,2,0,6,0.23853211009174313,0.12844036697247707,9.0,30.0,0.3,1.0,8.0,11.0,19.0,0.09090909090909091,0.42105263157894735,0
2026-07-29,823351,"Lowe, Brandon",664040,4,1,593958,L,5.0,1.0,1,0,4,0,0.2627118644067797,0.13559322033898305,9.0,32.0,0.28125,1.0,8.0,11.0,21.0,0.09090909090909091,0.38095238095238093,1
2026-07-30,824488,"Lowe, Brandon",664040,4,1,695076,R,6.0,1.0,0,1,1,3,0.25,0.1323529411764706,10.0,31.0,0.3225806451612903,2.0,8.0,11.0,20.0,0.18181818181818182,0.4,0
2026-07-31,824486,"Lowe, Brandon",664040,5,3,668881,R,6.0,1.0,0,3,1,4,,,10.0,30.0,0.3333333333333333,2.0,8.0,12.0,18.0,0.16666666666666666,0.4444444444444444,0
2026-08-01,824485,"Lowe, Brandon",664040,5,1,671096,L,6.0,1.0,1,0,5,0,0.1826086956521739,0.20869565217391303,13.0,32.0,0.40625,2.0,11.0,11.0,21.0,0.18181818181818182,0.5238095238095238,1
2026-08-02,824483,"Lowe, Brandon",664040,3,0,695505,R,5.0,1.0,0,0,0,3,0.20869565217391303,0.22608695652173913,14.0,33.0,0.42424242424242425,3.0,11.0,12.0,21.0,0.25,0.5238095238095238,0
2026-08-03,823757,"Lowe, Brandon",664040,5,1,687075,R,7.0,1.0,0,1,1,4,0.2,0.21904761904761905,11.0,32.0,0.34375,2.0,9.0,11.0,21.0,0.18181818181818182,0.42857142857142855,0
2026-08-04,823756,"Lowe, Brandon",664040,4,2,701656,R,7.0,1.0,0,2,0,4,0.15151515151515152,0.31313131313131315,9.0,32.0,0.28125,2.0,7.0,12.0,20.0,0.16666666666666666,0.35,0
2026-08-05,823753,"Lowe, Brandon",664040,4,0,690986,L,28.0,1.0,0,0,2,2,0.2,0.25263157894736843,9.0,30.0,0.3,2.0,7.0,12.0,18.0,0.16666666666666666,0.3888888888888889,1
2026-08-06,823754,"Lowe, Brandon",664040,4,1,669160,R,8.0,1.0,0,1,1,3,0.2037037037037037,0.25925925925925924,8.0,30.0,0.26666666666666666,1.0,7.0,10.0,20.0,0.1,0.35,0
2026-08-07,823349,"Lowe, Brandon",664040,5,1,804267,L,6.0,1.0,0,1,3,2,0.19130434782608696,0.1826086956521739,8.0,30.0,0.26666666666666666,1.0,7.0,10.0,20.0,0.1,0.35,1
2026-08-08,823348,"Lowe, Brandon",664040,5,1,476594,R,6.0,1.0,0,1,0,5,,,6.0,30.0,0.2,1.0,5.0,12.0,18.0,0.08333333333333333,0.2777777777777778,0
2026-08-09,823345,"Lowe, Brandon",664040,2,0,640455,L,5.0,1.0,0,0,2,0,0.2440944881889764,0.2125984251968504,6.0,30.0,0.2,0.0,6.0,7.0,23.0,0.0,0.2608695652173913,1
2026-08-11,823832,"Lowe, Brandon",664040,4,0,691587,R,6.0,2.0,0,0,0,4,0.20967741935483872,0.25806451612903225,6.0,29.0,0.20689655172413793,0.0,6.0,9.0,20.0,0.0,0.3,0
2026-08-12,823833,"Lowe, Brandon",664040,4,1,676083,R,6.0,1.0,0,1,0,4,0.24210526315789474,0.2,5.0,28.0,0.17857142857142858,0.0,5.0,8.0,20.0,0.0,0.25,0
2026-08-13,823829,"Lowe, Brandon",664040,6,1,663969,R,6.0,1.0,0,1,1,5,0.25,0.17857142857142858,4.0,28.0,0.14285714285714285,0.0,4.0,8.0,20.0,0.0,0.2,0
2026-08-14,823346,"Lowe, Brandon",664040,4,1,687562,L,6.0,1.0,1,0,4,0,0.21951219512195122,0.16260162601626016,5.0,30.0,0.16666666666666666,0.0,5.0,7.0,23.0,0.0,0.21739130434782608,1
2026-08-15,823347,"Lowe, Brandon",664040,4,1,543243,R,5.0,1.0,0,1,1,3,0.2421875,0.1953125,5.0,30.0,0.16666666666666666,1.0,4.0,10.0,20.0,0.1,0.2,0
2026-08-16,823344,"Lowe, Brandon",664040,4,2,663776,L,5.0,1.0,2,0,4,0,0.28205128205128205,0.20512820512820512,5.0,29.0,0.1724137931034483,1.0,4.0,8.0,21.0,0.125,0.19047619047619047,1
2026-08-17,823343,"Lowe, Brandon",664040,4,2,664285,L,5.0,1.0,2,0,4,0,0.2457627118644068,0.16101694915254236,6.0,28.0,0.21428571428571427,3.0,3.0,12.0,16.0,0.25,0.1875,1
2026-08-18,823341,"Lowe, Brandon",664040,4,0,672456,R,5.0,1.0,0,0,1,3,0.1896551724137931,0.13793103448275862,8.0,30.0,0.26666666666666666,5.0,3.0,14.0,16.0,0.35714285714285715,0.1875,0
2026-08-19,823342,"Lowe, Brandon",664040,5,1,695549,R,5.0,1.0,0,1,1,4,,,8.0,30.0,0.26666666666666666,5.0,3.0,15.0,15.0,0.3333333333333333,0.2,0
2026-08-21,823911,"Lowe, Brandon",664040,5,2,808967,R,7.0,2.0,0,2,0,5,0.15267175572519084,0.22900763358778625,8.0,31.0,0.25806451612903225,5.0,3.0,16.0,15.0,0.3125,0.2,0
2026-08-23,823909,"Lowe, Brandon",664040,4,1,605483,L,6.0,2.0,1,0,4,0,,,9.0,30.0,0.3,5.0,4.0,15.0,15.0,0.3333333333333333,0.26666666666666666,1
2026-08-24,823260,"Lowe, Brandon",664040,5,0,592662,L,6.0,1.0,0,0,4,1,0.19469026548672566,0.18584070796460178,9.0,30.0,0.3,5.0,4.0,15.0,15.0,0.3333333333333333,0.26666666666666666,1
2026-08-25,823259,"Lowe, Brandon",664040,4,0,650633,R,6.0,1.0,0,0,1,3,0.2184873949579832,0.21008403361344538,8.0,31.0,0.25806451612903225,5.0,3.0,18.0,13.0,0.2777777777777778,0.23076923076923078,0
2026-08-26,823255,"Lowe, Brandon",664040,4,0,681190,R,5.0,1.0,0,0,2,2,0.1568627450980392,0.10784313725490197,6.0,31.0,0.1935483870967742,3.0,3.0,15.0,16.0,0.2,0.1875,0
2026-08-28,823013,"Lowe, Brandon",664040,1,0,681676,R,3.0,2.0,0,0,0,1,0.27586206896551724,0.1724137931034483,4.0,31.0,0.12903225806451613,1.0,3.0,13.0,18.0,0.07692307692307693,0.16666666666666666,0
2026-08-29,823011,"Lowe, Brandon",664040,5,1,802408,L,96.0,1.0,0,1,2,3,,,4.0,28.0,0.14285714285714285,1.0,3.0,12.0,16.0,0.08333333333333333,0.1875,1
2026-08-30,823010,"Lowe, Brandon",664040,4,2,669461,L,5.0,1.0,1,1,3,1,0.2336448598130841,0.29906542056074764,4.0,28.0,0.14285714285714285,1.0,3.0,13.0,15.0,0.07692307692307693,0.2,1
2026-09-01,823340,"Lowe, Brandon",664040,6,4,702885,L,6.0,2.0,1,3,2,4,,,4.0,27.0,0.14814814814814814,2.0,2.0,16.0,11.0,0.125,0.18181818181818182,1
2026-09-02,823339,"Lowe, Brandon",664040,5,1,694738,R,6.0,1.0,1,0,1,4,0.18181818181818182,0.15702479338842976,7.0,29.0,0.2413793103448276,2.0,5.0,14.0,15.0,0.14285714285714285,0.3333333333333333,0
2026-09-03,823337,"Lowe, Brandon",664040,4,0,694918,R,6.0,1.0,0,0,0,4,0.21495327102803738,0.19626168224299065,8.0,29.0,0.27586206896551724,3.0,5.0,11.0,18.0,0.2727272727272727,0.2777777777777778,0
2026-09-04,823338,"Lowe, Brandon",664040,4,1,696270,R,6.0,1.0,0,1,1,3,0.13333333333333333,0.14285714285714285,8.0,29.0,0.27586206896551724,3.0,5.0,10.0,19.0,0.3,0.2631578947368421,0
2026-09-05,823335,"Lowe, Brandon",664040,2,0,820862,R,1.0,1.0,0,0,0,2,0.23809523809523808,0.3333333333333333,9.0,29.0,0.3103448275862069,3.0,6.0,9.0,20.0,0.3333333333333333,0.3,0
2026-09-06,823336,"Lowe, Brandon",664040,3,2,700712,R,6.0,1.0,0,2,0,3,0.18446601941747573,0.24271844660194175,9.0,30.0,0.3,3.0,6.0,9.0,21.0,0.3333333333333333,0.2857142857142857,0
2026-09-08,824551,"Lowe, Brandon",664040,5,2,664353,R,5.0,2.0,0,2,1,4,0.21794871794871795,0.1794871794871795,10.0,28.0,0.35714285714285715,3.0,7.0,7.0,21.0,0.42857142857142855,0.3333333333333333,0
2026-09-09,824549,"Lowe, Brandon",664040,5,2,663436,R,7.0,1.0,1,1,2,3,0.26666666666666666,0.15555555555555556,10.0,29.0,0.3448275862068966,2.0,8.0,5.0,24.0,0.4,0.3333333333333333,0
2026-09-10,824550,"Lowe, Brandon",664040,4,0,607200,R,6.0,1.0,0,0,1,3,0.18888888888888888,0.15555555555555556,8.0,28.0,0.2857142857142857,2.0,6.0,5.0,23.0,0.4,0.2608695652173913,0
2026-09-12,824630,"Lowe, Brandon",664040,5,1,605280,R,6.0,2.0,0,1,1,4,0.1724137931034483,0.14655172413793102,7.0,27.0,0.25925925925925924,1.0,6.0,5.0,22.0,0.2,0.2727272727272727,0
2026-09-13,824628,"Lowe, Brandon",664040,2,1,573204,L,4.0,1.0,0,1,1,1,0.2,0.3,8.0,28.0,0.2857142857142857,1.0,7.0,6.0,22.0,0.16666666666666666,0.3181818181818182,1
2026-09-15,823333,"Lowe, Brandon",664040,5,1,694819,R,7.0,2.0,1,0,1,4,0.17543859649122806,0.2807017543859649,8.0,26.0,0.3076923076923077,1.0,7.0,6.0,20.0,0.16666666666666666,0.35,0
2026-09-16,823332,"Lowe, Brandon",664040,4,2,701656,R,7.0,1.0,1,1,1,3,0.125,0.26785714285714285,9.0,29.0,0.3103448275862069,2.0,7.0,7.0,22.0,0.2857142857142857,0.3181818181818182,0
2026-09-17,823334,"Lowe, Brandon",664040,4,1,690986,L,5.0,1.0,0,1,2,2,0.33695652173913043,0.21739130434782608,9.0,30.0,0.3,3.0,6.0,8.0,22.0,0.375,0.2727272727272727,1
2026-09-18,823331,"Lowe, Brandon",664040,5,1,677976,R,6.0,1.0,0,1,2,3,0.23478260869565218,0.19130434782608696,8.0,29.0,0.27586206896551724,3.0,5.0,9.0,20.0,0.3333333333333333,0.25,0
2026-09-19,823330,"Lowe, Brandon",664040,4,2,702070,L,6.0,1.0,1,1,3,1,0.17857142857142858,0.20535714285714285,7.0,29.0,0.2413793103448276,2.0,5.0,9.0,20.0,0.2222222222222222,0.25,1
2026-09-20,823329,"Lowe, Brandon",664040,5,1,608379,R,5.0,1.0,1,0,2,3,0.15625,0.2265625,9.0,29.0,0.3103448275862069,3.0,6.0,11.0,18.0,0.2727272727272727,0.3333333333333333,0
2026-09-22,823328,"Lowe, Brandon",664040,4,0,669467,R,7.0,2.0,0,0,1,3,0.25663716814159293,0.12389380530973451,9.0,29.0,0.3103448275862069,4.0,5.0,12.0,17.0,0.3333333333333333,0.29411764705882354,0
2026-09-23,823327,"Lowe, Brandon",664040,4,2,669461,L,,,2,0,3,1,0.2767857142857143,0.20535714285714285,8.0,31.0,0.25806451612903225,4.0,4.0,12.0,19.0,0.3333333333333333,0.21052631578947367,1
2026-03-26,823649,"Cruz, Oneil",665833,5,1,642547,R,,,0,1,0,5,,,,,,,,,,,,0
2026-03-28,823651,"Cruz, Oneil",665833,1,0,642207,R,,2.0,0,0,0,1,,,,,,,,,,,,0
2026-03-29,823647,"Cruz, Oneil",665833,5,1,690997,R,1.0,1.0,1,0,1,4,,,,,,,,,,,,0
2026-03-30,824539,"Cruz, Oneil",665833,4,0,695505,R,2.0,1.0,0,0,0,4,,,,,,,,,,,,0
2026-03-31,824537,"Cruz, Oneil",665833,4,3,682227,L,2.0,1.0,2,1,3,1,,,,,,,,,,,,1
2026-04-01,824536,"Cruz, Oneil",665833,5,2,671096,L,6.0,1.0,2,0,3,2,,,,,,,,,,,,1
2026-04-03,823406,"Cruz, Oneil",665833,4,1,680694,R,6.0,2.0,0,1,0,4,,,,,,,,,,,,0
2026-04-04,823404,"Cruz, Oneil",665833,5,1,669358,R,6.0,1.0,1,0,1,4,,,8.0,28.0,0.2857142857142857,5.0,3.0,7.0,21.0,0.7142857142857143,0.14285714285714285,0
2026-04-05,823405,"Cruz, Oneil",665833,5,2,700249,L,6.0,1.0,1,1,3,2,,,8.0,28.0,0.2857142857142857,6.0,2.0,8.0,20.0,0.75,0.1,1
2026-04-06,823401,"Cruz, Oneil",665833,4,1,608566,R,6.0,1.0,0,1,0,4,,,10.0,32.0,0.3125,7.0,3.0,11.0,21.0,0.6363636363636364,0.14285714285714285,0
2026-04-07,823402,"Cruz, Oneil",665833,5,1,601713,R,6.0,1.0,0,1,1,4,,,10.0,31.0,0.3225806451612903,6.0,4.0,10.0,21.0,0.6,0.19047619047619047,0
2026-04-08,823403,"Cruz, Oneil",665833,4,1,650633,R,5.0,1.0,0,1,1,3,,,11.0,32.0,0.34375,6.0,5.0,11.0,21.0,0.5454545454545454,0.23809523809523808,0
2026-04-10,824695,"Cruz, Oneil",665833,3,1,684007,L,5.0,2.0,1,0,3,0,,,9.0,32.0,0.28125,4.0,5.0,9.0,23.0,0.4444444444444444,0.21739130434782608,1
2026-04-11,824697,"Cruz, Oneil",665833,6,4,665795,R,6.0,1.0,0,4,2,4,,,8.0,30.0,0.26666666666666666,3.0,5.0,9.0,21.0,0.3333333333333333,0.23809523809523808,0
2026-04-12,824696,"Cruz, Oneil",665833,5,1,592791,R,6.0,1.0,0,1,1,4,,,11.0,32.0,0.34375,3.0,8.0,11.0,21.0,0.2727272727272727,0.38095238095238093,0
2026-04-13,823400,"Cruz, Oneil",665833,5,2,676917,R,6.0,1.0,0,2,0,5,,,11.0,32.0,0.34375,2.0,9.0,11.0,21.0,0.18181818181818182,0.42857142857142855,0
2026-04-14,823398,"Cruz, Oneil",665833,5,0,680730,L,6.0,1.0,0,0,3,2,,,11.0,32.0,0.34375,1.0,10.0,8.0,24.0,0.125,0.4166666666666667,1
2026-04-15,823399,"Cruz, Oneil",665833,4,0,663623,R,5.0,1.0,0,0,0,4,,,10.0,33.0,0.30303030303030304,1.0,9.0,11.0,22.0,0.09090909090909091,0.4090909090909091,0
2026-04-16,823396,"Cruz, Oneil",665833,5,2,656492,L,5.0,1.0,2,0,4,1,,,9.0,32.0,0.28125,1.0,8.0,10.0,22.0,0.1,0.36363636363636365,1
2026-04-17,823397,"Cruz, Oneil",665833,5,1,607259,R,6.0,1.0,0,1,0,5,,,10.0,33.0,0.30303030303030304,3.0,7.0,13.0,20.0,0.23076923076923078,0.35,0
2026-04-18,823394,"Cruz, Oneil",665833,6,1,656876,R,6.0,1.0,1,0,1,5,,,10.0,35.0,0.2857142857142857,2.0,8.0,10.0,25.0,0.2,0.32,0
2026-04-19,823393,"Cruz, Oneil",665833,4,0,663556,L,5.0,1.0,0,0,3,1,,,7.0,35.0,0.2,3.0,4.0,9.0,26.0,0.3333333333333333,0.15384615384615385,1
2026-04-21,822914,"Cruz, Oneil",665833,4,1,677958,R,6.0,2.0,0,1,1,3,,,6.0,34.0,0.17647058823529413,3.0,3.0,11.0,23.0,0.2727272727272727,0.13043478260869565,0
2026-04-22,822913,"Cruz, Oneil",665833,5,1,683004,R,6.0,1.0,1,0,2,3,,,5.0,33.0,0.15151515151515152,3.0,2.0,12.0,21.0,0.25,0.09523809523809523,0
2026-04-23,822912,"Cruz, Oneil",665833,4,1,594798,R,6.0,1.0,0,1,1,3,,,6.0,33.0,0.18181818181818182,4.0,2.0,11.0,22.0,0.36363636363636365,0.09090909090909091,0
2026-04-24,823800,"Cruz, Oneil",665833,5,0,605540,R,6.0,1.0,0,0,2,3,,,7.0,33.0,0.21212121212121213,4.0,3.0,12.0,21.0,0.3333333333333333,0.14285714285714285,0
2026-04-25,823799,"Cruz, Oneil",665833,5,0,694819,R,6.0,1.0,0,0,2,3,0.15315315315315314,0.3783783783783784,5.0,33.0,0.15151515151515152,2.0,3.0,10.0,23.0,0.2,0.13043478260869565,0
2026-04-28,823390,"Cruz, Oneil",665833,5,2,681517,R,6.0,3.0,1,1,1,4,0.26126126126126126,0.13513513513513514,4.0,33.0,0.12121212121212122,2.0,2.0,12.0,21.0,0.16666666666666666,0.09523809523809523,0
2026-04-29,823392,"Cruz, Oneil",665833,5,0,669467,R,5.0,1.0,0,0,0,5,0.19298245614035087,0.17543859649122806,5.0,32.0,0.15625,2.0,3.0,12.0,20.0,0.16666666666666666,0.15,0
2026-04-30,823391,"Cruz, Oneil",665833,5,1,690928,R,1.0,1.0,0,1,1,4,,,5.0,33.0,0.15151515151515152,2.0,3.0,9.0,24.0,0.2222222222222222,0.125,0
2026-05-01,823389,"Cruz, Oneil",665833,5,1,663903,R,6.0,1.0,0,1,1,4,0.30434782608695654,0.12173913043478261,5.0,34.0,0.14705882352941177,2.0,3.0,9.0,25.0,0.2222222222222222,0.12,0
2026-05-02,823388,"Cruz, Oneil",665833,6,2,695076,R,6.0,1.0,1,1,2,4,0.225,0.16666666666666666,5.0,34.0,0.14705882352941177,1.0,4.0,8.0,26.0,0.125,0.15384615384615385,0
2026-05-03,823387,"Cruz, Oneil",665833,4,2,695505,R,5.0,1.0,0,2,0,4,0.211864406779661,0.2711864406779661,6.0,36.0,0.16666666666666666,2.0,4.0,9.0,27.0,0.2222222222222222,0.14814814814814814,0
2026-05-05,825092,"Cruz, Oneil",665833,4,0,593958,L,6.0,2.0,0,0,3,1,0.21138211382113822,0.13821138211382114,8.0,35.0,0.22857142857142856,2.0,6.0,7.0,28.0,0.2857142857142857,0.21428571428571427,1
2026-05-06,825091,"Cruz, Oneil",665833,4,0,647336,R,6.0,1.0,0,0,0,4,0.26495726495726496,0.2222222222222222,8.0,34.0,0.23529411764705882,2.0,6.0,8.0,26.0,0.25,0.23076923076923078,0
2026-05-07,825090,"Cruz, Oneil",665833,5,0,668678,R,6.0,1.0,0,0,0,5,0.297029702970297,0.15841584158415842,6.0,33.0,0.18181818181818182,1.0,5.0,7.0,26.0,0.14285714285714285,0.19230769230769232,0
2026-05-08,823225,"Cruz, Oneil",665833,4,1,592662,L,7.0,1.0,1,0,3,1,0.17391304347826086,0.25217391304347825,6.0,33.0,0.18181818181818182,1.0,5.0,7.0,26.0,0.14285714285714285,0.19230769230769232,1
2026-05-09,823224,"Cruz, Oneil",665833,6,3,694738,R,7.0,1.0,2,1,2,4,0.14655172413793102,0.25,6.0,32.0,0.1875,2.0,4.0,9.0,23.0,0.2222222222222222,0.17391304347826086,0
2026-05-10,823221,"Cruz, Oneil",665833,6,1,641816,R,7.0,1.0,0,1,1,5,0.2033898305084746,0.211864406779661,8.0,33.0,0.24242424242424243,4.0,4.0,10.0,23.0,0.4,0.17391304347826086,0
2026-05-12,823385,"Cruz, Oneil",665833,4,3,547179,R,6.0,2.0,0,3,0,4,0.3130434782608696,0.1391304347826087,7.0,33.0,0.21212121212121213,3.0,4.0,9.0,24.0,0.3333333333333333,0.16666666666666666,0
2026-05-13,823386,"Cruz, Oneil",665833,4,0,500779,L,6.0,1.0,0,0,3,1,0.21296296296296297,0.1111111111111111,8.0,33.0,0.24242424242424243,3.0,5.0,9.0,24.0,0.3333333333333333,0.20833333333333334,1
2026-05-14,823383,"Cruz, Oneil",665833,5,1,685299,R,5.0,1.0,0,1,1,4,0.2702702702702703,0.2702702702702703,8.0,33.0,0.24242424242424243,3.0,5.0,9.0,24.0,0.3333333333333333,0.20833333333333334,0
2026-05-15,823384,"Cruz, Oneil",665833,5,2,605400,R,6.0,1.0,0,2,2,3,0.2807017543859649,0.21929824561403508,9.0,34.0,0.2647058823529412,3.0,6.0,10.0,24.0,0.3,0.25,0
2026-05-16,823382,"Cruz, Oneil",665833,4,0,650911,L,6.0,1.0,0,0,4,0,0.23404255319148937,0.2553191489361702,11.0,34.0,0.3235294117647059,3.0,8.0,12.0,22.0,0.25,0.36363636363636365,1
2026-05-17,823381,"Cruz, Oneil",665833,4,1,554430,R,5.0,1.0,0,1,0,4,,,10.0,34.0,0.29411764705882354,2.0,8.0,13.0,21.0,0.15384615384615385,0.38095238095238093,0
2026-05-19,823059,"Cruz, Oneil",665833,5,2,669461,L,6.0,2.0,2,0,4,1,0.2545454545454545,0.2,8.0,32.0,0.25,0.0,8.0,11.0,21.0,0.0,0.38095238095238093,1
2026-05-20,823057,"Cruz, Oneil",665833,5,0,700241,R,6.0,1.0,0,0,1,4,0.1743119266055046,0.22018348623853212,9.0,31.0,0.2903225806451613,2.0,7.0,14.0,17.0,0.14285714285714285,0.4117647058823529,0
2026-05-21,823056,"Cruz, Oneil",665833,5,1,669160,R,6.0,1.0,1,0,1,4,0.22131147540983606,0.16393442622950818,6.0,32.0,0.1875,2.0,4.0,15.0,17.0,0.13333333333333333,0.23529411764705882,0
2026-05-22,822816,"Cruz, Oneil",665833,4,0,592332,R,5.0,1.0,0,0,1,3,0.2542372881355932,0.15254237288135594,7.0,33.0,0.21212121212121213,3.0,4.0,13.0,20.0,0.23076923076923078,0.2,0
2026-05-23,822814,"Cruz, Oneil",665833,2,0,680755,R,2.0,1.0,0,0,0,2,0.13043478260869565,0.34782608695652173,6.0,32.0,0.1875,3.0,3.0,13.0,19.0,0.23076923076923078,0.15789473684210525,0
2026-05-24,822813,"Cruz, Oneil",665833,4,1,656302,R,5.0,1.0,0,1,1,3,0.20155038759689922,0.31007751937984496,4.0,29.0,0.13793103448275862,3.0,1.0,11.0,18.0,0.2727272727272727,0.05555555555555555,0
2026-05-25,823380,"Cruz, Oneil",665833,4,2,676962,R,6.0,1.0,0,2,0,4,0.140625,0.28125,5.0,29.0,0.1724137931034483,3.0,2.0,8.0,21.0,0.375,0.09523809523809523,0
2026-05-26,823379,"Cruz, Oneil",665833,4,3,696136,L,3.0,1.0,3,0,4,0,,,6.0,29.0,0.20689655172413793,3.0,3.0,8.0,21.0,0.375,0.14285714285714285,1
2026-05-27,823376,"Cruz, Oneil",665833,4,0,592791,R,5.0,1.0,0,0,1,3,0.23931623931623933,0.18803418803418803,7.0,28.0,0.25,4.0,3.0,8.0,20.0,0.5,0.15,0
2026-05-28,823378,"Cruz, Oneil",665833,4,0,607067,R,5.0,1.0,0,0,1,3,0.26495726495726496,0.17094017094017094,7.0,27.0,0.25925925925925924,4.0,3.0,8.0,19.0,0.5,0.15789473684210525,0
2026-05-29,823377,"Cruz, Oneil",665833,4,1,671737,R,6.0,1.0,0,1,1,3,0.18548387096774194,0.24193548387096775,6.0,26.0,0.23076923076923078,3.0,3.0,8.0,18.0,0.375,0.16666666666666666,0
2026-05-30,823375,"Cruz, Oneil",665833,5,1,641927,R,6.0,1.0,0,1,1,4,0.2066115702479339,0.1322314049586777,7.0,26.0,0.2692307692307692,3.0,4.0,8.0,18.0,0.375,0.2222222222222222,0
2026-05-31,823373,"Cruz, Oneil",665833,4,0,805673,R,6.0,1.0,0,0,0,4,,,8.0,29.0,0.27586206896551724,3.0,5.0,9.0,20.0,0.3333333333333333,0.25,0
2026-06-02,824189,"Cruz, Oneil",665833,5,2,681347,R,6.0,2.0,0,2,1,4,0.22727272727272727,0.1590909090909091,7.0,29.0,0.2413793103448276,3.0,4.0,8.0,21.0,0.375,0.19047619047619047,0
2026-06-03,824188,"Cruz, Oneil",665833,5,2,681293,R,6.0,1.0,0,2,0,5,0.1322314049586777,0.18181818181818182,7.0,30.0,0.23333333333333334,3.0,4.0,9.0,21.0,0.3333333333333333,0.19047619047619047,0
2026-06-04,824185,"Cruz, Oneil",665833,4,2,678906,R,6.0,1.0,1,1,1,3,0.14942528735632185,0.26436781609195403,6.0,31.0,0.1935483870967742,0.0,6.0,5.0,26.0,0.0,0.23076923076923078,0
2026-06-05,824914,"Cruz, Oneil",665833,4,0,527048,L,6.0,1.0,0,0,2,2,0.19718309859154928,0.2535211267605634,8.0,31.0,0.25806451612903225,1.0,7.0,5.0,26.0,0.2,0.2692307692307692,1
2026-06-06,824915,"Cruz, Oneil",665833,4,0,675911,R,6.0,1.0,0,0,1,3,0.16666666666666666,0.3148148148148148,8.0,31.0,0.25806451612903225,1.0,7.0,6.0,25.0,0.16666666666666666,0.28,0
2026-08-18,823341,"Cruz, Oneil",665833,3,1,672456,R,5.0,73.0,0,1,0,3,0.1896551724137931,0.13793103448275862,7.0,31.0,0.22580645161290322,1.0,6.0,6.0,25.0,0.16666666666666666,0.24,0
2026-08-19,823342,"Cruz, Oneil",665833,4,1,695549,R,5.0,1.0,0,1,1,3,,,7.0,29.0,0.2413793103448276,1.0,6.0,5.0,24.0,0.2,0.25,0
2026-08-21,823911,"Cruz, Oneil",665833,5,1,808967,R,7.0,2.0,0,1,0,5,0.15267175572519084,0.22900763358778625,8.0,29.0,0.27586206896551724,1.0,7.0,6.0,23.0,0.16666666666666666,0.30434782608695654,0
2026-08-22,823910,"Cruz, Oneil",665833,4,1,669373,L,6.0,1.0,1,0,4,0,0.184,0.296,7.0,29.0,0.2413793103448276,1.0,6.0,5.0,24.0,0.2,0.25,1
2026-08-23,823909,"Cruz, Oneil",665833,1,0,683618,R,2.0,1.0,0,0,0,1,0.058823529411764705,0.35294117647058826,6.0,28.0,0.21428571428571427,2.0,4.0,9.0,19.0,0.2222222222222222,0.21052631578947367,0
2026-08-24,823260,"Cruz, Oneil",665833,6,0,592662,L,6.0,1.0,0,0,5,1,0.19469026548672566,0.18584070796460178,4.0,25.0,0.16,1.0,3.0,8.0,17.0,0.125,0.17647058823529413,1
2026-08-25,823259,"Cruz, Oneil",665833,4,1,650633,R,6.0,1.0,0,1,0,4,0.2184873949579832,0.21008403361344538,4.0,27.0,0.14814814814814814,1.0,3.0,11.0,16.0,0.09090909090909091,0.1875,0
2026-08-26,823255,"Cruz, Oneil",665833,4,0,681190,R,5.0,1.0,0,0,1,3,0.1568627450980392,0.10784313725490197,5.0,27.0,0.18518518518518517,1.0,4.0,10.0,17.0,0.1,0.23529411764705882,0
2026-08-28,823013,"Cruz, Oneil",665833,4,2,687273,L,6.0,2.0,2,0,4,0,,,4.0,28.0,0.14285714285714285,1.0,3.0,11.0,17.0,0.09090909090909091,0.17647058823529413,1
2026-08-29,823011,"Cruz, Oneil",665833,5,2,681517,R,6.0,1.0,1,1,1,4,0.25252525252525254,0.2727272727272727,5.0,28.0,0.17857142857142858,3.0,2.0,14.0,14.0,0.21428571428571427,0.14285714285714285,0
2026-08-30,823010,"Cruz, Oneil",665833,5,1,669461,L,5.0,1.0,1,0,3,2,0.2336448598130841,0.29906542056074764,6.0,28.0,0.21428571428571427,4.0,2.0,15.0,13.0,0.26666666666666666,0.15384615384615385,1
2026-09-01,823340,"Cruz, Oneil",665833,6,4,702885,L,6.0,2.0,1,3,2,4,,,6.0,29.0,0.20689655172413793,4.0,2.0,14.0,15.0,0.2857142857142857,0.13333333333333333,1
2026-09-02,823339,"Cruz, Oneil",665833,5,1,694738,R,6.0,1.0,0,1,1,4,0.18181818181818182,0.15702479338842976,10.0,34.0,0.29411764705882354,5.0,5.0,16.0,18.0,0.3125,0.2777777777777778,0
2026-09-03,823337,"Cruz, Oneil",665833,4,0,694918,R,6.0,1.0,0,0,1,3,0.21495327102803738,0.19626168224299065,11.0,33.0,0.3333333333333333,5.0,6.0,12.0,21.0,0.4166666666666667,0.2857142857142857,0
2026-09-04,823338,"Cruz, Oneil",665833,4,0,696270,R,6.0,1.0,0,0,1,3,0.13333333333333333,0.14285714285714285,10.0,33.0,0.30303030303030304,5.0,5.0,13.0,20.0,0.38461538461538464,0.25,0
2026-09-05,823335,"Cruz, Oneil",665833,4,1,579328,L,6.0,1.0,0,1,3,1,0.23300970873786409,0.23300970873786409,10.0,33.0,0.30303030303030304,5.0,5.0,13.0,20.0,0.38461538461538464,0.25,1
2026-09-06,823336,"Cruz, Oneil",665833,3,0,700712,R,6.0,1.0,0,0,0,3,0.18446601941747573,0.24271844660194175,9.0,33.0,0.2727272727272727,3.0,6.0,12.0,21.0,0.25,0.2857142857142857,0
2026-09-08,824551,"Cruz, Oneil",665833,5,3,664353,R,5.0,2.0,1,2,1,4,0.21794871794871795,0.1794871794871795,7.0,31.0,0.22580645161290322,2.0,5.0,11.0,20.0,0.18181818181818182,0.25,0
2026-09-09,824549,"Cruz, Oneil",665833,4,1,663436,R,7.0,1.0,0,1,1,3,0.26666666666666666,0.15555555555555556,9.0,31.0,0.2903225806451613,2.0,7.0,9.0,22.0,0.2222222222222222,0.3181818181818182,0
2026-09-10,824550,"Cruz, Oneil",665833,4,3,607200,R,6.0,1.0,2,1,2,2,0.18888888888888888,0.15555555555555556,6.0,29.0,0.20689655172413793,1.0,5.0,8.0,21.0,0.125,0.23809523809523808,0
2026-09-11,824631,"Cruz, Oneil",665833,3,1,684007,L,7.0,1.0,1,0,3,0,0.23076923076923078,0.25961538461538464,8.0,28.0,0.2857142857142857,3.0,5.0,9.0,19.0,0.3333333333333333,0.2631578947368421,1
2026-09-12,824630,"Cruz, Oneil",665833,5,0,605280,R,6.0,1.0,0,0,1,4,0.1724137931034483,0.14655172413793102,9.0,27.0,0.3333333333333333,4.0,5.0,11.0,16.0,0.36363636363636365,0.3125,0
2026-09-13,824628,"Cruz, Oneil",665833,5,1,571510,L,6.0,1.0,1,0,3,2,0.21487603305785125,0.1652892561983471,9.0,28.0,0.32142857142857145,4.0,5.0,11.0,17.0,0.36363636363636365,0.29411764705882354,1
2026-09-15,823333,"Cruz, Oneil",665833,4,0,694819,R,7.0,2.0,0,0,2,2,0.17543859649122806,0.2807017543859649,9.0,29.0,0.3103448275862069,5.0,4.0,11.0,18.0,0.45454545454545453,0.2222222222222222,0
2026-09-16,823332,"Cruz, Oneil",665833,5,2,701656,R,7.0,1.0,1,1,2,3,0.125,0.26785714285714285,9.0,30.0,0.3,5.0,4.0,13.0,17.0,0.38461538461538464,0.23529411764705882,0
2026-09-17,823334,"Cruz, Oneil",665833,5,1,690986,L,5.0,1.0,1,0,4,1,0.33695652173913043,0.21739130434782608,8.0,30.0,0.26666666666666666,5.0,3.0,14.0,16.0,0.35714285714285715,0.1875,1
2026-09-18,823331,"Cruz, Oneil",665833,5,3,677976,R,6.0,1.0,1,2,1,4,0.23478260869565218,0.19130434782608696,8.0,31.0,0.25806451612903225,6.0,2.0,17.0,14.0,0.35294117647058826,0.14285714285714285,0
2026-09-19,823330,"Cruz, Oneil",665833,4,2,702070,L,6.0,1.0,2,0,3,1,0.17857142857142858,0.20535714285714285,8.0,32.0,0.25,5.0,3.0,16.0,16.0,0.3125,0.1875,1
2026-09-20,823329,"Cruz, Oneil",665833,4,1,608379,R,5.0,1.0,0,1,1,3,0.15625,0.2265625,9.0,33.0,0.2727272727272727,6.0,3.0,16.0,17.0,0.375,0.17647058823529413,0
2026-09-22,823328,"Cruz, Oneil",665833,4,0,669467,R,7.0,2.0,0,0,0,4,0.25663716814159293,0.12389380530973451,10.0,32.0,0.3125,6.0,4.0,16.0,16.0,0.375,0.25,0
2026-03-26,823649,"Reynolds, Bryan",668804,4,1,642547,R,,,0,1,0,4,,,,,,,,,,,,0
2026-03-28,823651,"Reynolds, Bryan",668804,6,2,656849,L,,2.0,1,1,4,2,,,,,,,,,,,,1
2026-03-29,823647,"Reynolds, Bryan",668804,5,0,690997,R,1.0,1.0,0,0,1,4,,,,,,,,,,,,0
2026-03-30,824539,"Reynolds, Bryan",668804,4,0,695505,R,2.0,1.0,0,0,0,4,,,,,,,,,,,,0
2026-03-31,824537,"Reynolds, Bryan",668804,4,1,682227,L,3.0,1.0,1,0,4,0,,,,,,,,,,,,1
2026-04-01,824536,"Reynolds, Bryan",668804,5,2,671096,L,6.0,1.0,1,1,3,2,,,,,,,,,,,,1
2026-04-03,823406,"Reynolds, Bryan",668804,4,0,680694,R,6.0,2.0,0,0,1,3,,,,,,,,,,,,0
2026-04-04,823404,"Reynolds, Bryan",668804,5,3,669358,R,6.0,1.0,0,3,1,4,,,6.0,32.0,0.1875,3.0,3.0,13.0,19.0,0.23076923076923078,0.15789473684210525,0
2026-04-05,823405,"Reynolds, Bryan",668804,5,0,700249,L,6.0,1.0,0,0,3,2,,,8.0,33.0,0.24242424242424243,3.0,5.0,14.0,19.0,0.21428571428571427,0.2631578947368421,1
2026-04-06,823401,"Reynolds, Bryan",668804,4,1,608566,R,6.0,1.0,0,1,0,4,,,6.0,32.0,0.1875,2.0,4.0,13.0,19.0,0.15384615384615385,0.21052631578947367,0
2026-04-07,823402,"Reynolds, Bryan",668804,4,1,601713,R,6.0,1.0,1,0,1,3,,,7.0,31.0,0.22580645161290322,2.0,5.0,12.0,19.0,0.16666666666666666,0.2631578947368421,0
2026-04-08,823403,"Reynolds, Bryan",668804,4,0,650633,R,5.0,1.0,0,0,0,4,,,8.0,31.0,0.25806451612903225,3.0,5.0,13.0,18.0,0.23076923076923078,0.2777777777777778,0
2026-04-10,824695,"Reynolds, Bryan",668804,4,1,684007,L,5.0,2.0,1,0,4,0,,,7.0,31.0,0.22580645161290322,2.0,5.0,9.0,22.0,0.2222222222222222,0.22727272727272727,1
2026-04-11,824697,"Reynolds, Bryan",668804,5,2,665795,R,6.0,1.0,0,2,1,4,,,6.0,30.0,0.2,2.0,4.0,10.0,20.0,0.2,0.2,0
2026-04-12,824696,"Reynolds, Bryan",668804,4,1,592791,R,6.0,1.0,0,1,1,3,,,8.0,31.0,0.25806451612903225,2.0,6.0,10.0,21.0,0.2,0.2857142857142857,0
2026-04-13,823400,"Reynolds, Bryan",668804,5,3,676917,R,6.0,1.0,0,3,0,5,,,6.0,30.0,0.2,2.0,4.0,10.0,20.0,0.2,0.2,0
2026-04-14,823398,"Reynolds, Bryan",668804,4,1,571945,R,6.0,1.0,1,0,3,1,,,9.0,30.0,0.3,2.0,7.0,7.0,23.0,0.2857142857142857,0.30434782608695654,0
2026-04-15,823399,"Reynolds, Bryan",668804,4,0,663623,R,5.0,1.0,0,0,0,4,,,9.0,30.0,0.3,3.0,6.0,10.0,20.0,0.3,0.3,0
2026-04-16,823396,"Reynolds, Bryan",668804,2,0,672335,L,2.0,1.0,0,0,1,1,0.16666666666666666,0.1111111111111111,8.0,30.0,0.26666666666666666,2.0,6.0,9.0,21.0,0.2222222222222222,0.2857142857142857,1
2026-04-17,823397,"Reynolds, Bryan",668804,5,0,607259,R,6.0,1.0,0,0,0,5,,,8.0,28.0,0.2857142857142857,2.0,6.0,10.0,18.0,0.2,0.3333333333333333,0
2026-04-18,823394,"Reynolds, Bryan",668804,6,0,656876,R,6.0,1.0,0,0,1,5,,,7.0,29.0,0.2413793103448276,1.0,6.0,6.0,23.0,0.16666666666666666,0.2608695652173913,0
2026-04-19,823393,"Reynolds, Bryan",668804,4,2,663556,L,5.0,1.0,1,1,3,1,,,5.0,30.0,0.16666666666666666,1.0,4.0,6.0,24.0,0.16666666666666666,0.16666666666666666,1
2026-04-21,822914,"Reynolds, Bryan",668804,4,0,677958,R,6.0,2.0,0,0,1,3,,,6.0,30.0,0.2,2.0,4.0,8.0,22.0,0.25,0.18181818181818182,0
2026-04-22,822913,"Reynolds, Bryan",668804,5,2,683004,R,6.0,1.0,0,2,1,4,,,3.0,29.0,0.10344827586206896,2.0,1.0,9.0,20.0,0.2222222222222222,0.05,0
2026-04-23,822912,"Reynolds, Bryan",668804,4,0,594798,R,6.0,1.0,0,0,0,4,,,4.0,30.0,0.13333333333333333,1.0,3.0,7.0,23.0,0.14285714285714285,0.13043478260869565,0
2026-04-24,823800,"Reynolds, Bryan",668804,5,0,605540,R,6.0,1.0,0,0,2,3,,,4.0,30.0,0.13333333333333333,1.0,3.0,7.0,23.0,0.14285714285714285,0.13043478260869565,0
2026-04-25,823799,"Reynolds, Bryan",668804,5,1,694819,R,6.0,1.0,1,0,2,3,0.15315315315315314,0.3783783783783784,4.0,33.0,0.12121212121212122,1.0,3.0,8.0,25.0,0.125,0.12,0
2026-04-26,823797,"Reynolds, Bryan",668804,4,0,690986,L,5.0,1.0,0,0,3,1,,,5.0,33.0,0.15151515151515152,2.0,3.0,10.0,23.0,0.2,0.13043478260869565,1
2026-04-27,823395,"Reynolds, Bryan",668804,4,0,669160,R,6.0,1.0,0,0,0,4,0.3055555555555556,0.18518518518518517,5.0,31.0,0.16129032258064516,2.0,3.0,12.0,19.0,0.16666666666666666,0.15789473684210525,0
2026-04-28,823390,"Reynolds, Bryan",668804,4,2,681517,R,6.0,1.0,0,2,1,3,0.26126126126126126,0.13513513513513514,3.0,31.0,0.0967741935483871,1.0,2.0,9.0,22.0,0.1111111111111111,0.09090909090909091,0
2026-04-29,823392,"Reynolds, Bryan",668804,5,0,669467,R,5.0,1.0,0,0,1,4,0.19298245614035087,0.17543859649122806,5.0,31.0,0.16129032258064516,1.0,4.0,9.0,22.0,0.1111111111111111,0.18181818181818182,0
2026-04-30,823391,"Reynolds, Bryan",668804,5,2,690928,R,1.0,1.0,1,1,2,3,,,3.0,31.0,0.0967741935483871,1.0,2.0,9.0,22.0,0.1111111111111111,0.09090909090909091,0
2026-05-01,823389,"Reynolds, Bryan",668804,5,2,663903,R,6.0,1.0,0,2,0,5,0.30434782608695654,0.12173913043478261,5.0,32.0,0.15625,2.0,3.0,11.0,21.0,0.18181818181818182,0.14285714285714285,0
2026-05-02,823388,"Reynolds, Bryan",668804,5,2,695076,R,6.0,1.0,2,0,2,3,0.225,0.16666666666666666,7.0,32.0,0.21875,2.0,5.0,9.0,23.0,0.2222222222222222,0.21739130434782608,0
2026-05-03,823387,"Reynolds, Bryan",668804,4,0,695505,R,5.0,1.0,0,0,0,4,0.211864406779661,0.2711864406779661,8.0,32.0,0.25,3.0,5.0,9.0,23.0,0.3333333333333333,0.21739130434782608,0
2026-05-05,825092,"Reynolds, Bryan",668804,4,0,593958,L,6.0,2.0,0,0,4,0,0.21138211382113822,0.13821138211382114,8.0,32.0,0.25,3.0,5.0,6.0,26.0,0.5,0.19230769230769232,1
2026-05-06,825091,"Reynolds, Bryan",668804,4,2,647336,R,6.0,1.0,0,2,0,4,0.26495726495726496,0.2222222222222222,8.0,32.0,0.25,3.0,5.0,10.0,22.0,0.3,0.22727272727272727,0
2026-05-07,825090,"Reynolds, Bryan",668804,4,0,668678,R,6.0,1.0,0,0,1,3,0.297029702970297,0.15841584158415842,8.0,32.0,0.25,3.0,5.0,9.0,23.0,0.3333333333333333,0.21739130434782608,0
2026-05-08,823225,"Reynolds, Bryan",668804,4,0,592662,L,7.0,1.0,0,0,4,0,0.17391304347826086,0.25217391304347825,8.0,31.0,0.25806451612903225,3.0,5.0,9.0,22.0,0.3333333333333333,0.22727272727272727,1
2026-05-09,823224,"Reynolds, Bryan",668804,5,1,694738,R,7.0,1.0,1,0,2,3,0.14655172413793102,0.25,6.0,30.0,0.2,2.0,4.0,11.0,19.0,0.18181818181818182,0.21052631578947367,0
2026-05-10,823221,"Reynolds, Bryan",668804,1,0,668873,R,2.0,1.0,0,0,0,1,0.21428571428571427,0.14285714285714285,5.0,30.0,0.16666666666666666,3.0,2.0,13.0,17.0,0.23076923076923078,0.11764705882352941,0
2026-05-12,823385,"Reynolds, Bryan",668804,4,1,547179,R,6.0,2.0,0,1,0,4,0.3130434782608696,0.1391304347826087,3.0,26.0,0.11538461538461539,1.0,2.0,11.0,15.0,0.09090909090909091,0.13333333333333333,0
2026-05-13,823386,"Reynolds, Bryan",668804,4,1,500779,L,6.0,1.0,1,0,2,2,0.21296296296296297,0.1111111111111111,4.0,26.0,0.15384615384615385,1.0,3.0,11.0,15.0,0.09090909090909091,0.2,1
2026-05-14,823383,"Reynolds, Bryan",668804,4,1,685299,R,5.0,1.0,0,1,1,3,0.2702702702702703,0.2702702702702703,5.0,26.0,0.19230769230769232,2.0,3.0,9.0,17.0,0.2222222222222222,0.17647058823529413,0
2026-05-15,823384,"Reynolds, Bryan",668804,5,2,605400,R,6.0,1.0,1,1,2,3,0.2807017543859649,0.21929824561403508,4.0,26.0,0.15384615384615385,2.0,2.0,10.0,16.0,0.2,0.125,0
2026-05-16,823382,"Reynolds, Bryan",668804,4,2,650911,L,6.0,1.0,2,0,4,0,0.23404255319148937,0.2553191489361702,6.0,27.0,0.2222222222222222,3.0,3.0,11.0,16.0,0.2727272727272727,0.1875,1
2026-05-17,823381,"Reynolds, Bryan",668804,4,0,554430,R,5.0,1.0,0,0,1,3,,,8.0,27.0,0.2962962962962963,5.0,3.0,11.0,16.0,0.45454545454545453,0.1875,0
2026-05-19,823059,"Reynolds, Bryan",668804,5,1,669461,L,6.0,2.0,1,0,3,2,0.2545454545454545,0.2,7.0,26.0,0.2692307692307692,4.0,3.0,10.0,16.0,0.4,0.1875,1
2026-05-20,823057,"Reynolds, Bryan",668804,5,1,700241,R,6.0,1.0,0,1,1,4,0.1743119266055046,0.22018348623853212,8.0,30.0,0.26666666666666666,5.0,3.0,13.0,17.0,0.38461538461538464,0.17647058823529413,0
2026-05-21,823056,"Reynolds, Bryan",668804,5,0,669160,R,6.0,1.0,0,0,1,4,0.22131147540983606,0.16393442622950818,8.0,31.0,0.25806451612903225,5.0,3.0,14.0,17.0,0.35714285714285715,0.17647058823529413,0
2026-05-22,822816,"Reynolds, Bryan",668804,1,0,686973,R,2.0,1.0,0,0,0,1,0.2222222222222222,0.2962962962962963,7.0,32.0,0.21875,4.0,3.0,13.0,19.0,0.3076923076923077,0.15789473684210525,0
2026-05-23,822814,"Reynolds, Bryan",668804,4,2,571578,L,5.0,1.0,2,0,3,1,0.29357798165137616,0.11926605504587157,6.0,29.0,0.20689655172413793,4.0,2.0,12.0,17.0,0.3333333333333333,0.11764705882352941,1
2026-05-24,822813,"Reynolds, Bryan",668804,4,1,656302,R,5.0,1.0,0,1,1,3,0.20155038759689922,0.31007751937984496,6.0,28.0,0.21428571428571427,5.0,1.0,13.0,15.0,0.38461538461538464,0.06666666666666667,0
2026-05-25,823380,"Reynolds, Bryan",668804,4,1,676962,R,6.0,1.0,0,1,0,4,0.140625,0.28125,5.0,28.0,0.17857142857142858,3.0,2.0,10.0,18.0,0.3,0.1111111111111111,0
2026-05-26,823379,"Reynolds, Bryan",668804,4,2,696136,L,3.0,1.0,2,0,4,0,,,6.0,28.0,0.21428571428571427,3.0,3.0,9.0,19.0,0.3333333333333333,0.15789473684210525,1
2026-05-27,823376,"Reynolds, Bryan",668804,4,3,592791,R,5.0,1.0,1,2,1,3,0.23931623931623933,0.18803418803418803,7.0,27.0,0.25925925925925924,4.0,3.0,10.0,17.0,0.4,0.17647058823529413,0
2026-05-28,823378,"Reynolds, Bryan",668804,4,2,607067,R,5.0,1.0,0,2,1,3,0.26495726495726496,0.17094017094017094,9.0,26.0,0.34615384615384615,5.0,4.0,10.0,16.0,0.5,0.25,0
2026-05-29,823377,"Reynolds, Bryan",668804,5,1,671737,R,6.0,1.0,1,0,2,3,0.18548387096774194,0.24193548387096775,11.0,25.0,0.44,5.0,6.0,10.0,15.0,0.5,0.4,0
2026-05-30,823375,"Reynolds, Bryan",668804,5,2,641927,R,6.0,1.0,0,2,1,4,0.2066115702479339,0.1322314049586777,12.0,29.0,0.41379310344827586,6.0,6.0,12.0,17.0,0.5,0.35294117647058826,0
2026-05-31,823373,"Reynolds, Bryan",668804,5,0,805673,R,6.0,1.0,0,0,0,5,,,12.0,30.0,0.4,4.0,8.0,10.0,20.0,0.4,0.4,0
2026-06-02,824189,"Reynolds, Bryan",668804,5,0,681347,R,6.0,2.0,0,0,1,4,0.22727272727272727,0.1590909090909091,11.0,31.0,0.3548387096774194,4.0,7.0,9.0,22.0,0.4444444444444444,0.3181818181818182,0
2026-06-03,824188,"Reynolds, Bryan",668804,5,1,681293,R,6.0,1.0,0,1,0,5,0.1322314049586777,0.18181818181818182,10.0,32.0,0.3125,4.0,6.0,10.0,22.0,0.4,0.2727272727272727,0
2026-06-04,824185,"Reynolds, Bryan",668804,4,1,678906,R,6.0,1.0,0,1,1,3,0.14942528735632185,0.26436781609195403,9.0,33.0,0.2727272727272727,2.0,7.0,6.0,27.0,0.3333333333333333,0.25925925925925924,0
2026-06-05,824914,"Reynolds, Bryan",668804,4,0,527048,L,6.0,1.0,0,0,2,2,0.19718309859154928,0.2535211267605634,7.0,33.0,0.21212121212121213,1.0,6.0,6.0,27.0,0.16666666666666666,0.2222222222222222,1
2026-06-06,824915,"Reynolds, Bryan",668804,4,1,675911,R,6.0,1.0,0,1,0,4,0.16666666666666666,0.3148148148148148,5.0,33.0,0.15151515151515152,1.0,4.0,7.0,26.0,0.14285714285714285,0.15384615384615385,0
2026-06-07,824916,"Reynolds, Bryan",668804,4,0,693821,R,5.0,1.0,0,0,0,4,0.224,0.176,5.0,32.0,0.15625,0.0,5.0,5.0,27.0,0.0,0.18518518518518517,0
2026-06-09,823374,"Reynolds, Bryan",668804,4,2,641778,L,7.0,2.0,2,0,3,1,0.2376237623762376,0.1188118811881188,3.0,31.0,0.0967741935483871,0.0,3.0,4.0,27.0,0.0,0.1111111111111111,1
2026-06-10,823372,"Reynolds, Bryan",668804,5,1,660271,R,7.0,1.0,1,0,2,3,0.11403508771929824,0.2894736842105263,5.0,30.0,0.16666666666666666,2.0,3.0,7.0,23.0,0.2857142857142857,0.13043478260869565,0
2026-06-11,823371,"Reynolds, Bryan",668804,5,1,680736,L,7.0,1.0,1,0,5,0,0.22137404580152673,0.22137404580152673,6.0,30.0,0.2,3.0,3.0,8.0,22.0,0.375,0.13636363636363635,1
2026-06-12,823370,"Reynolds, Bryan",668804,4,1,645261,R,5.0,1.0,0,1,0,4,0.2857142857142857,0.17293233082706766,6.0,30.0,0.2,4.0,2.0,13.0,17.0,0.3076923076923077,0.11764705882352941,0
2026-06-13,823369,"Reynolds, Bryan",668804,4,1,656848,R,2.0,1.0,1,0,2,2,0.13043478260869565,0.34782608695652173,6.0,30.0,0.2,4.0,2.0,12.0,18.0,0.3333333333333333,0.1111111111111111,0
2026-06-14,823368,"Reynolds, Bryan",668804,5,2,676974,R,5.0,1.0,0,2,0,5,0.15447154471544716,0.2601626016260163,7.0,30.0,0.23333333333333334,5.0,2.0,12.0,18.0,0.4166666666666667,0.1111111111111111,0
2026-06-15,824993,"Reynolds, Bryan",668804,4,1,669372,R,6.0,1.0,0,1,0,4,0.1391304347826087,0.26956521739130435,8.0,31.0,0.25806451612903225,5.0,3.0,12.0,19.0,0.4166666666666667,0.15789473684210525,0
2026-06-16,824991,"Reynolds, Bryan",668804,5,4,678022,R,6.0,1.0,1,3,1,4,0.2028985507246377,0.2753623188405797,9.0,31.0,0.2903225806451613,5.0,4.0,12.0,19.0,0.4166666666666667,0.21052631578947367,0
2026-06-17,824992,"Reynolds, Bryan",668804,5,2,650644,R,23.0,1.0,0,2,2,3,0.2894736842105263,0.13157894736842105,11.0,32.0,0.34375,4.0,7.0,10.0,22.0,0.4,0.3181818181818182,0
2026-06-19,824345,"Reynolds, Bryan",668804,1,1,677955,R,3.0,2.0,0,1,0,1,0.2727272727272727,0.13636363636363635,12.0,32.0,0.375,3.0,9.0,10.0,22.0,0.3,0.4090909090909091,0
2026-06-20,824342,"Reynolds, Bryan",668804,4,1,608372,R,6.0,1.0,1,0,1,3,0.2627118644067797,0.13559322033898305,12.0,28.0,0.42857142857142855,2.0,10.0,5.0,23.0,0.4,0.43478260869565216,0
2026-06-21,824343,"Reynolds, Bryan",668804,5,2,547179,R,6.0,1.0,0,2,0,5,0.2857142857142857,0.22857142857142856,12.0,28.0,0.42857142857142855,3.0,9.0,6.0,22.0,0.5,0.4090909090909091,0
2026-06-23,823365,"Reynolds, Bryan",668804,4,1,669923,R,6.0,2.0,0,1,1,3,0.31451612903225806,0.20967741935483872,13.0,29.0,0.4482758620689655,2.0,11.0,4.0,25.0,0.5,0.44,0
2026-06-24,823367,"Reynolds, Bryan",668804,5,2,693433,R,6.0,1.0,0,2,0,5,0.2231404958677686,0.2727272727272727,12.0,28.0,0.42857142857142855,2.0,10.0,5.0,23.0,0.4,0.43478260869565216,0
2026-06-25,823366,"Reynolds, Bryan",668804,4,1,682243,R,6.0,1.0,0,1,0,4,0.14432989690721648,0.3402061855670103,13.0,29.0,0.4482758620689655,2.0,11.0,5.0,24.0,0.4,0.4583333333333333,0
2026-06-26,823363,"Reynolds, Bryan",668804,5,1,671096,L,6.0,1.0,1,0,5,0,0.20168067226890757,0.2184873949579832,10.0,28.0,0.35714285714285715,1.0,9.0,4.0,24.0,0.25,0.375,1
2026-06-27,823364,"Reynolds, Bryan",668804,5,1,695505,R,6.0,1.0,0,1,1,4,0.20353982300884957,0.336283185840708,9.0,28.0,0.32142857142857145,2.0,7.0,7.0,21.0,0.2857142857142857,0.3333333333333333,0
2026-06-28,823362,"Reynolds, Bryan",668804,5,0,663903,R,6.0,1.0,0,0,0,5,0.168141592920354,0.22123893805309736,9.0,32.0,0.28125,2.0,7.0,8.0,24.0,0.25,0.2916666666666667,0
2026-06-29,823444,"Reynolds, Bryan",668804,5,1,605400,R,5.0,1.0,0,1,1,4,0.23853211009174313,0.23853211009174313,8.0,33.0,0.24242424242424243,1.0,7.0,7.0,26.0,0.14285714285714285,0.2692307692307692,0
2026-06-30,823445,"Reynolds, Bryan",668804,4,0,650911,L,5.0,1.0,0,0,3,1,0.2222222222222222,0.25396825396825395,7.0,33.0,0.21212121212121213,1.0,6.0,8.0,25.0,0.125,0.24,1
2026-07-01,823446,"Reynolds, Bryan",668804,5,1,554430,R,5.0,1.0,0,1,0,5,0.15,0.2833333333333333,6.0,33.0,0.18181818181818182,1.0,5.0,10.0,23.0,0.1,0.21739130434782608,0
2026-07-02,823442,"Reynolds, Bryan",668804,5,1,660604,R,5.0,1.0,0,1,2,3,,,5.0,33.0,0.15151515151515152,1.0,4.0,10.0,23.0,0.1,0.17391304347826086,0
2026-07-03,822714,"Reynolds, Bryan",668804,5,2,656492,L,6.0,1.0,1,1,2,3,0.175,0.275,5.0,34.0,0.14705882352941177,1.0,4.0,12.0,22.0,0.08333333333333333,0.18181818181818182,1
2026-07-04,822716,"Reynolds, Bryan",668804,5,2,641793,R,6.0,1.0,1,1,1,4,0.23595505617977527,0.15730337078651685,6.0,34.0,0.17647058823529413,1.0,5.0,9.0,25.0,0.1111111111111111,0.2,0
2026-07-05,822715,"Reynolds, Bryan",668804,5,1,676917,R,5.0,1.0,0,1,0,5,0.2169811320754717,0.2641509433962264,7.0,34.0,0.20588235294117646,2.0,5.0,9.0,25.0,0.2222222222222222,0.2,0
2026-07-07,823361,"Reynolds, Bryan",668804,4,0,694462,R,5.0,2.0,0,0,1,3,,,8.0,34.0,0.23529411764705882,2.0,6.0,9.0,25.0,0.2222222222222222,0.24,0
2026-07-08,823360,"Reynolds, Bryan",668804,4,1,656550,R,5.0,1.0,0,1,1,3,0.19540229885057472,0.16091954022988506,7.0,33.0,0.21212121212121213,2.0,5.0,9.0,24.0,0.2222222222222222,0.20833333333333334,0
2026-07-09,823359,"Reynolds, Bryan",668804,5,1,693821,R,12.0,1.0,0,1,1,4,0.28688524590163933,0.18032786885245902,8.0,33.0,0.24242424242424243,2.0,6.0,7.0,26.0,0.2857142857142857,0.23076923076923078,0
2026-07-11,823356,"Reynolds, Bryan",668804,4,2,675660,L,5.0,0.0,2,0,3,1,0.24778761061946902,0.21238938053097345,8.0,33.0,0.24242424242424243,2.0,6.0,8.0,25.0,0.25,0.24,1
2026-07-11,823357,"Reynolds, Bryan",668804,4,0,687075,R,6.0,2.0,0,0,1,3,0.16494845360824742,0.30927835051546393,9.0,32.0,0.28125,4.0,5.0,9.0,23.0,0.4444444444444444,0.21739130434782608,0
2026-07-12,823358,"Reynolds, Bryan",668804,4,1,688107,L,5.0,1.0,1,0,3,1,0.2066115702479339,0.23140495867768596,7.0,31.0,0.22580645161290322,3.0,4.0,8.0,23.0,0.375,0.17391304347826086,1
2026-07-18,824412,"Reynolds, Bryan",668804,4,1,671106,L,54.0,0.0,1,0,2,2,,,6.0,30.0,0.2,3.0,3.0,10.0,20.0,0.3,0.15,1
2026-07-18,824414,"Reynolds, Bryan",668804,4,2,668909,R,9.0,6.0,0,2,0,4,0.22608695652173913,0.30434782608695654,6.0,29.0,0.20689655172413793,4.0,2.0,12.0,17.0,0.3333333333333333,0.11764705882352941,0
2026-07-19,824411,"Reynolds, Bryan",668804,5,0,676282,L,7.0,1.0,0,0,4,1,0.17796610169491525,0.3220338983050847,8.0,29.0,0.27586206896551724,4.0,4.0,11.0,18.0,0.36363636363636365,0.2222222222222222,1
2026-07-20,823522,"Reynolds, Bryan",668804,4,1,677960,L,10.0,1.0,1,0,4,0,0.2692307692307692,0.25961538461538464,7.0,30.0,0.23333333333333334,4.0,3.0,14.0,16.0,0.2857142857142857,0.1875,1
2026-07-22,823518,"Reynolds, Bryan",668804,5,0,543037,R,5.0,2.0,0,0,0,5,0.2711864406779661,0.2627118644067797,7.0,29.0,0.2413793103448276,5.0,2.0,17.0,12.0,0.29411764705882354,0.16666666666666666,0
2026-07-22,823519,"Reynolds, Bryan",668804,4,0,608331,L,70.0,0.0,0,0,2,2,0.21238938053097345,0.23893805309734514,5.0,30.0,0.16666666666666666,3.0,2.0,14.0,16.0,0.21428571428571427,0.125,1
2026-07-24,823352,"Reynolds, Bryan",668804,5,0,571510,L,6.0,2.0,0,0,3,2,0.20512820512820512,0.17094017094017094,5.0,30.0,0.16666666666666666,3.0,2.0,15.0,15.0,0.2,0.13333333333333333,1
2026-07-25,823355,"Reynolds, Bryan",668804,3,0,684007,L,6.0,1.0,0,0,3,0,0.2608695652173913,0.21739130434782608,4.0,31.0,0.12903225806451613,2.0,2.0,15.0,16.0,0.13333333333333333,0.125,1
2026-07-26,823354,"Reynolds, Bryan",668804,4,1,592791,R,6.0,1.0,0,1,1,3,0.26804123711340205,0.23711340206185566,3.0,30.0,0.1,1.0,2.0,16.0,14.0,0.0625,0.14285714285714285,0
2026-07-27,823353,"Reynolds, Bryan",668804,4,1,518876,R,5.0,1.0,0,1,0,4,0.23931623931623933,0.1794871794871795,2.0,30.0,0.06666666666666667,1.0,1.0,17.0,13.0,0.058823529411764705,0.07692307692307693,0
2026-07-28,823350,"Reynolds, Bryan",668804,6,1,694297,R,5.0,1.0,0,1,0,6,0.23853211009174313,0.12844036697247707,3.0,29.0,0.10344827586206896,1.0,2.0,13.0,16.0,0.07692307692307693,0.125,0
2026-07-29,823351,"Reynolds, Bryan",668804,4,1,593958,L,5.0,1.0,1,0,4,0,0.2627118644067797,0.13559322033898305,3.0,31.0,0.0967741935483871,0.0,3.0,9.0,22.0,0.0,0.13636363636363635,1
2026-07-30,824488,"Reynolds, Bryan",668804,4,0,695076,R,6.0,1.0,0,0,0,4,0.25,0.1323529411764706,4.0,30.0,0.13333333333333333,1.0,3.0,13.0,17.0,0.07692307692307693,0.17647058823529413,0
2026-07-31,824486,"Reynolds, Bryan",668804,5,2,668881,R,6.0,1.0,0,2,1,4,,,4.0,30.0,0.13333333333333333,1.0,3.0,11.0,19.0,0.09090909090909091,0.15789473684210525,0
2026-08-01,824485,"Reynolds, Bryan",668804,5,1,671096,L,6.0,1.0,1,0,5,0,0.1826086956521739,0.20869565217391303,6.0,30.0,0.2,1.0,5.0,9.0,21.0,0.1111111111111111,0.23809523809523808,1
2026-08-02,824483,"Reynolds, Bryan",668804,4,1,695505,R,5.0,1.0,0,1,0,4,0.20869565217391303,0.22608695652173913,7.0,32.0,0.21875,2.0,5.0,11.0,21.0,0.18181818181818182,0.23809523809523808,0
2026-08-03,823757,"Reynolds, Bryan",668804,5,2,687075,R,7.0,1.0,0,2,1,4,0.2,0.21904761904761905,7.0,32.0,0.21875,2.0,5.0,10.0,22.0,0.2,0.22727272727272727,0
2026-08-04,823756,"Reynolds, Bryan",668804,4,0,701656,R,7.0,1.0,0,0,0,4,0.15151515151515152,0.31313131313131315,8.0,33.0,0.24242424242424243,2.0,6.0,11.0,22.0,0.18181818181818182,0.2727272727272727,0
2026-08-05,823753,"Reynolds, Bryan",668804,4,1,690986,L,28.0,1.0,1,0,3,1,0.2,0.25263157894736843,7.0,31.0,0.22580645161290322,2.0,5.0,11.0,20.0,0.18181818181818182,0.25,1
2026-08-06,823754,"Reynolds, Bryan",668804,4,0,669160,R,8.0,1.0,0,0,1,3,0.2037037037037037,0.25925925925925924,7.0,31.0,0.22580645161290322,2.0,5.0,10.0,21.0,0.2,0.23809523809523808,0
2026-08-07,823349,"Reynolds, Bryan",668804,6,2,804267,L,6.0,1.0,1,1,3,3,0.19130434782608696,0.1826086956521739,7.0,31.0,0.22580645161290322,2.0,5.0,11.0,20.0,0.18181818181818182,0.25,1
2026-08-08,823348,"Reynolds, Bryan",668804,5,1,476594,R,6.0,1.0,0,1,0,5,,,7.0,32.0,0.21875,3.0,4.0,13.0,19.0,0.23076923076923078,0.21052631578947367,0
2026-08-09,823345,"Reynolds, Bryan",668804,3,1,640455,L,5.0,1.0,1,0,3,0,0.2440944881889764,0.2125984251968504,7.0,32.0,0.21875,2.0,5.0,8.0,24.0,0.25,0.20833333333333334,1
2026-08-11,823832,"Reynolds, Bryan",668804,4,0,691587,R,6.0,2.0,0,0,0,4,0.20967741935483872,0.25806451612903225,7.0,31.0,0.22580645161290322,3.0,4.0,11.0,20.0,0.2727272727272727,0.2,0
2026-08-12,823833,"Reynolds, Bryan",668804,4,0,676083,R,6.0,1.0,0,0,0,4,0.24210526315789474,0.2,5.0,30.0,0.16666666666666666,3.0,2.0,10.0,20.0,0.3,0.1,0
2026-08-13,823829,"Reynolds, Bryan",668804,5,0,663969,R,6.0,1.0,0,0,1,4,0.25,0.17857142857142858,5.0,30.0,0.16666666666666666,3.0,2.0,10.0,20.0,0.3,0.1,0
2026-08-14,823346,"Reynolds, Bryan",668804,4,2,687562,L,6.0,1.0,2,0,4,0,0.21951219512195122,0.16260162601626016,4.0,31.0,0.12903225806451613,2.0,2.0,8.0,23.0,0.25,0.08695652173913043,1
2026-08-15,823347,"Reynolds, Bryan",668804,4,0,543243,R,5.0,1.0,0,0,1,3,0.2421875,0.1953125,6.0,31.0,0.1935483870967742,4.0,2.0,11.0,20.0,0.36363636363636365,0.1,0
2026-08-16,823344,"Reynolds, Bryan",668804,4,2,663776,L,5.0,1.0,2,0,4,0,0.28205128205128205,0.20512820512820512,4.0,29.0,0.13793103448275862,3.0,1.0,9.0,20.0,0.3333333333333333,0.05,1
2026-08-17,823343,"Reynolds, Bryan",668804,5,0,664285,L,5.0,1.0,0,0,3,2,0.2457627118644068,0.16101694915254236,5.0,28.0,0.17857142857142858,5.0,0.0,13.0,15.0,0.38461538461538464,0.0,1
2026-08-18,823341,"Reynolds, Bryan",668804,4,1,672456,R,5.0,1.0,1,0,1,3,0.1896551724137931,0.13793103448275862,4.0,30.0,0.13333333333333333,4.0,0.0,13.0,17.0,0.3076923076923077,0.0,0
2026-08-19,823342,"Reynolds, Bryan",668804,4,1,695549,R,5.0,1.0,0,1,0,4,,,5.0,30.0,0.16666666666666666,5.0,0.0,14.0,16.0,0.35714285714285715,0.0,0
2026-08-21,823911,"Reynolds, Bryan",668804,5,2,808967,R,7.0,2.0,0,2,0,5,0.15267175572519084,0.22900763358778625,6.0,30.0,0.2,5.0,1.0,14.0,16.0,0.35714285714285715,0.0625,0
2026-08-22,823910,"Reynolds, Bryan",668804,4,1,669373,L,6.0,1.0,1,0,3,1,0.184,0.296,8.0,30.0,0.26666666666666666,5.0,3.0,13.0,17.0,0.38461538461538464,0.17647058823529413,1
2026-08-23,823909,"Reynolds, Bryan",668804,4,0,605483,L,6.0,1.0,0,0,3,1,,,7.0,30.0,0.23333333333333334,4.0,3.0,12.0,18.0,0.3333333333333333,0.16666666666666666,1
2026-08-24,823260,"Reynolds, Bryan",668804,6,1,592662,L,6.0,1.0,1,0,5,1,0.19469026548672566,0.18584070796460178,7.0,30.0,0.23333333333333334,4.0,3.0,14.0,16.0,0.2857142857142857,0.1875,1
2026-08-25,823259,"Reynolds, Bryan",668804,4,2,650633,R,6.0,1.0,0,2,0,4,0.2184873949579832,0.21008403361344538,6.0,32.0,0.1875,3.0,3.0,15.0,17.0,0.2,0.17647058823529413,0
2026-08-26,823255,"Reynolds, Bryan",668804,4,1,681190,R,5.0,1.0,0,1,1,3,0.1568627450980392,0.10784313725490197,8.0,31.0,0.25806451612903225,3.0,5.0,12.0,19.0,0.25,0.2631578947368421,0
2026-08-28,823013,"Reynolds, Bryan",668804,4,0,687273,L,6.0,2.0,0,0,3,1,,,8.0,31.0,0.25806451612903225,2.0,6.0,12.0,19.0,0.16666666666666666,0.3157894736842105,1
2026-08-29,823011,"Reynolds, Bryan",668804,5,1,681517,R,6.0,1.0,0,1,1,4,0.25252525252525254,0.2727272727272727,7.0,31.0,0.22580645161290322,2.0,5.0,15.0,16.0,0.13333333333333333,0.3125,0
2026-08-30,823010,"Reynolds, Bryan",668804,5,2,669461,L,5.0,1.0,1,1,3,2,0.2336448598130841,0.29906542056074764,6.0,31.0,0.1935483870967742,2.0,4.0,16.0,15.0,0.125,0.26666666666666666,1
2026-09-01,823340,"Reynolds, Bryan",668804,6,1,702885,L,6.0,2.0,0,1,2,4,,,7.0,32.0,0.21875,2.0,5.0,16.0,16.0,0.125,0.3125,1
2026-09-02,823339,"Reynolds, Bryan",668804,5,2,694738,R,6.0,1.0,0,2,1,4,0.18181818181818182,0.15702479338842976,8.0,34.0,0.23529411764705882,2.0,6.0,15.0,19.0,0.13333333333333333,0.3157894736842105,0
2026-09-03,823337,"Reynolds, Bryan",668804,4,0,694918,R,6.0,1.0,0,0,0,4,0.21495327102803738,0.19626168224299065,9.0,33.0,0.2727272727272727,1.0,8.0,11.0,22.0,0.09090909090909091,0.36363636363636365,0
2026-09-04,823338,"Reynolds, Bryan",668804,4,2,696270,R,6.0,1.0,1,1,1,3,0.13333333333333333,0.14285714285714285,7.0,33.0,0.21212121212121213,1.0,6.0,11.0,22.0,0.09090909090909091,0.2727272727272727,0
2026-09-05,823335,"Reynolds, Bryan",668804,4,3,579328,L,6.0,1.0,2,1,3,1,0.23300970873786409,0.23300970873786409,8.0,33.0,0.24242424242424243,2.0,6.0,11.0,22.0,0.18181818181818182,0.2727272727272727,1
2026-09-06,823336,"Reynolds, Bryan",668804,3,0,700712,R,6.0,1.0,0,0,0,3,0.18446601941747573,0.24271844660194175,11.0,33.0,0.3333333333333333,4.0,7.0,11.0,22.0,0.36363636363636365,0.3181818181818182,0
2026-09-08,824551,"Reynolds, Bryan",668804,5,2,664353,R,5.0,2.0,0,2,1,4,0.21794871794871795,0.1794871794871795,10.0,31.0,0.3225806451612903,4.0,6.0,10.0,21.0,0.4,0.2857142857142857,0
2026-09-09,824549,"Reynolds, Bryan",668804,4,0,663436,R,7.0,1.0,0,0,2,2,0.26666666666666666,0.15555555555555556,10.0,31.0,0.3225806451612903,3.0,7.0,8.0,23.0,0.375,0.30434782608695654,0
2026-09-10,824550,"Reynolds, Bryan",668804,4,0,607200,R,6.0,1.0,0,0,2,2,0.18888888888888888,0.15555555555555556,9.0,29.0,0.3103448275862069,3.0,6.0,8.0,21.0,0.375,0.2857142857142857,0
2026-09-11,824631,"Reynolds, Bryan",668804,4,1,684007,L,7.0,1.0,1,0,3,1,0.23076923076923078,0.25961538461538464,7.0,28.0,0.25,3.0,4.0,9.0,19.0,0.3333333333333333,0.21052631578947367,1
2026-09-12,824630,"Reynolds, Bryan",668804,5,1,605280,R,6.0,1.0,0,1,0,5,0.1724137931034483,0.14655172413793102,8.0,28.0,0.2857142857142857,4.0,4.0,12.0,16.0,0.3333333333333333,0.25,0
2026-09-13,824628,"Reynolds, Bryan",668804,5,2,571510,L,6.0,1.0,2,0,3,2,0.21487603305785125,0.1652892561983471,7.0,29.0,0.2413793103448276,3.0,4.0,11.0,18.0,0.2727272727272727,0.2222222222222222,1
2026-09-15,823333,"Reynolds, Bryan",668804,4,0,694819,R,7.0,2.0,0,0,2,2,0.17543859649122806,0.2807017543859649,6.0,30.0,0.2,3.0,3.0,11.0,19.0,0.2727272727272727,0.15789473684210525,0
2026-09-16,823332,"Reynolds, Bryan",668804,4,0,701656,R,7.0,1.0,0,0,1,3,0.125,0.26785714285714285,6.0,31.0,0.1935483870967742,3.0,3.0,13.0,18.0,0.23076923076923078,0.16666666666666666,0
2026-09-17,823334,"Reynolds, Bryan",668804,5,1,690986,L,5.0,1.0,1,0,4,1,0.33695652173913043,0.21739130434782608,4.0,30.0,0.13333333333333333,3.0,1.0,13.0,17.0,0.23076923076923078,0.058823529411764705,1
2026-09-18,823331,"Reynolds, Bryan",668804,5,2,677976,R,6.0,1.0,0,2,2,3,0.23478260869565218,0.19130434782608696,5.0,31.0,0.16129032258064516,4.0,1.0,15.0,16.0,0.26666666666666666,0.0625,0
2026-09-19,823330,"Reynolds, Bryan",668804,4,0,702070,L,6.0,1.0,0,0,3,1,0.17857142857142858,0.20535714285714285,7.0,32.0,0.21875,4.0,3.0,15.0,17.0,0.26666666666666666,0.17647058823529413,1
2026-09-20,823329,"Reynolds, Bryan",668804,4,1,608379,R,5.0,1.0,0,1,1,3,0.15625,0.2265625,6.0,32.0,0.1875,3.0,3.0,15.0,17.0,0.2,0.17647058823529413,0
2026-09-22,823328,"Reynolds, Bryan",668804,5,1,669467,R,7.0,2.0,0,1,0,5,0.25663716814159293,0.12389380530973451,6.0,31.0,0.1935483870967742,3.0,3.0,16.0,15.0,0.1875,0.2,0
2026-09-23,823327,"Reynolds, Bryan",668804,4,0,669461,L,,,0,0,3,1,0.2767857142857143,0.20535714285714285,5.0,31.0,0.16129032258064516,1.0,4.0,13.0,18.0,0.07692307692307693,0.2222222222222222,1
2026-03-26,823649,"Triolo, Jared",669707,4,1,642547,R,,,0,1,0,4,,,,,,,,,,,,0
2026-03-28,823651,"Triolo, Jared",669707,6,1,656849,L,,2.0,1,0,4,2,,,,,,,,,,,,1
2026-03-29,823647,"Triolo, Jared",669707,5,0,690997,R,1.0,1.0,0,0,2,3,,,,,,,,,,,,0
2026-03-30,824539,"Triolo, Jared",669707,4,0,695505,R,2.0,1.0,0,0,0,4,,,,,,,,,,,,0
2026-04-01,824536,"Triolo, Jared",669707,4,1,671096,L,6.0,2.0,1,0,2,2,,,,,,,,,,,,1
2026-04-03,823406,"Triolo, Jared",669707,3,2,680694,R,6.0,2.0,0,2,0,3,,,,,,,,,,,,0
2026-05-02,823388,"Triolo, Jared",669707,1,0,624431,R,1.0,29.0,0,0,0,1,,,,,,,,,,,,0
2026-05-05,825092,"Triolo, Jared",669707,3,1,593958,L,6.0,3.0,1,0,2,1,0.21138211382113822,0.13821138211382114,5.0,27.0,0.18518518518518517,2.0,3.0,8.0,19.0,0.25,0.15789473684210525,1
2026-05-07,825090,"Triolo, Jared",669707,4,0,668678,R,6.0,2.0,0,0,0,4,0.297029702970297,0.15841584158415842,5.0,26.0,0.19230769230769232,3.0,2.0,10.0,16.0,0.3,0.125,0
2026-05-08,823225,"Triolo, Jared",669707,4,0,592662,L,7.0,1.0,0,0,4,0,0.17391304347826086,0.25217391304347825,4.0,24.0,0.16666666666666666,2.0,2.0,6.0,18.0,0.3333333333333333,0.1111111111111111,1
2026-05-09,823224,"Triolo, Jared",669707,1,1,683766,R,35.0,1.0,0,1,0,1,,,4.0,23.0,0.17391304347826086,2.0,2.0,8.0,15.0,0.25,0.13333333333333333,0
2026-05-13,823386,"Triolo, Jared",669707,2,1,500779,L,6.0,4.0,1,0,2,0,0.21296296296296297,0.1111111111111111,5.0,20.0,0.25,2.0,3.0,8.0,12.0,0.25,0.25,1
2026-05-14,823383,"Triolo, Jared",669707,4,2,685299,R,5.0,1.0,0,2,0,4,0.2702702702702703,0.2702702702702703,5.0,18.0,0.2777777777777778,2.0,3.0,8.0,10.0,0.25,0.3,0
2026-05-15,823384,"Triolo, Jared",669707,4,1,605400,R,6.0,1.0,0,1,0,4,0.2807017543859649,0.21929824561403508,5.0,19.0,0.2631578947368421,2.0,3.0,8.0,11.0,0.25,0.2727272727272727,0
2026-05-16,823382,"Triolo, Jared",669707,3,0,650911,L,6.0,1.0,0,0,3,0,0.23404255319148937,0.2553191489361702,6.0,22.0,0.2727272727272727,2.0,4.0,8.0,14.0,0.25,0.2857142857142857,1
2026-05-17,823381,"Triolo, Jared",669707,3,0,554430,R,5.0,1.0,0,0,0,3,,,5.0,22.0,0.22727272727272727,1.0,4.0,9.0,13.0,0.1111111111111111,0.3076923076923077,0
2026-05-19,823059,"Triolo, Jared",669707,4,3,669461,L,6.0,2.0,2,1,3,1,0.2545454545454545,0.2,5.0,21.0,0.23809523809523808,1.0,4.0,9.0,12.0,0.1111111111111111,0.3333333333333333,1
2026-05-21,823056,"Triolo, Jared",669707,4,1,669160,R,6.0,2.0,0,1,0,4,0.22131147540983606,0.16393442622950818,8.0,21.0,0.38095238095238093,3.0,5.0,8.0,13.0,0.375,0.38461538461538464,0
2026-05-23,822814,"Triolo, Jared",669707,2,0,571578,L,5.0,2.0,0,0,2,0,0.29357798165137616,0.11926605504587157,8.0,24.0,0.3333333333333333,3.0,5.0,8.0,16.0,0.375,0.3125,1
2026-05-24,822813,"Triolo, Jared",669707,4,0,656302,R,5.0,1.0,0,0,0,4,0.20155038759689922,0.31007751937984496,7.0,24.0,0.2916666666666667,2.0,5.0,8.0,16.0,0.25,0.3125,0
2026-05-26,823379,"Triolo, Jared",669707,1,1,571948,L,4.0,2.0,1,0,1,0,0.19047619047619047,0.19047619047619047,5.0,24.0,0.20833333333333334,2.0,3.0,8.0,16.0,0.25,0.1875,1
2026-05-28,823378,"Triolo, Jared",669707,4,1,607067,R,5.0,2.0,0,1,1,3,0.26495726495726496,0.17094017094017094,5.0,21.0,0.23809523809523808,3.0,2.0,9.0,12.0,0.3333333333333333,0.16666666666666666,0
2026-05-29,823377,"Triolo, Jared",669707,4,0,671737,R,6.0,1.0,0,0,0,4,0.18548387096774194,0.24193548387096775,6.0,22.0,0.2727272727272727,3.0,3.0,7.0,15.0,0.42857142857142855,0.2,0
2026-05-30,823375,"Triolo, Jared",669707,5,1,641927,R,6.0,1.0,0,1,0,5,0.2066115702479339,0.1322314049586777,6.0,23.0,0.2608695652173913,3.0,3.0,7.0,16.0,0.42857142857142855,0.1875,0
2026-05-31,823373,"Triolo, Jared",669707,4,1,805673,R,6.0,1.0,0,1,0,4,,,4.0,24.0,0.16666666666666666,1.0,3.0,4.0,20.0,0.25,0.15,0
2026-06-02,824189,"Triolo, Jared",669707,4,0,681347,R,6.0,2.0,0,0,0,4,0.22727272727272727,0.1590909090909091,4.0,24.0,0.16666666666666666,1.0,3.0,4.0,20.0,0.25,0.15,0
2026-06-03,824188,"Triolo, Jared",669707,5,1,681293,R,6.0,1.0,1,0,2,3,0.1322314049586777,0.18181818181818182,4.0,26.0,0.15384615384615385,1.0,3.0,2.0,24.0,0.5,0.125,0
2026-06-04,824185,"Triolo, Jared",669707,4,0,678906,R,6.0,1.0,0,0,1,3,0.14942528735632185,0.26436781609195403,5.0,27.0,0.18518518518518517,2.0,3.0,4.0,23.0,0.5,0.13043478260869565,0
2026-06-05,824914,"Triolo, Jared",669707,3,1,527048,L,6.0,1.0,1,0,3,0,0.19718309859154928,0.2535211267605634,4.0,30.0,0.13333333333333333,1.0,3.0,4.0,26.0,0.25,0.11538461538461539,1
2026-06-06,824915,"Triolo, Jared",669707,3,1,675911,R,6.0,1.0,0,1,1,2,0.16666666666666666,0.3148148148148148,4.0,29.0,0.13793103448275862,2.0,2.0,6.0,23.0,0.3333333333333333,0.08695652173913043,0
2026-06-07,824916,"Triolo, Jared",669707,4,0,693821,R,5.0,1.0,0,0,0,4,0.224,0.176,5.0,28.0,0.17857142857142858,2.0,3.0,7.0,21.0,0.2857142857142857,0.14285714285714285,0
2026-06-09,823374,"Triolo, Jared",669707,3,1,641778,L,7.0,2.0,1,0,2,1,0.2376237623762376,0.1188118811881188,4.0,27.0,0.14814814814814814,2.0,2.0,7.0,20.0,0.2857142857142857,0.1,1
2026-06-10,823372,"Triolo, Jared",669707,4,1,660271,R,7.0,1.0,0,1,0,4,0.11403508771929824,0.2894736842105263,4.0,26.0,0.15384615384615385,3.0,1.0,9.0,17.0,0.3333333333333333,0.058823529411764705,0
2026-06-11,823371,"Triolo, Jared",669707,4,1,680736,L,7.0,1.0,1,0,2,2,0.22137404580152673,0.22137404580152673,5.0,26.0,0.19230769230769232,3.0,2.0,9.0,17.0,0.3333333333333333,0.11764705882352941,1
2026-06-12,823370,"Triolo, Jared",669707,3,1,645261,R,5.0,1.0,0,1,0,3,0.2857142857142857,0.17293233082706766,5.0,25.0,0.2,3.0,2.0,9.0,16.0,0.3333333333333333,0.125,0
2026-06-13,823369,"Triolo, Jared",669707,4,0,669199,R,3.0,1.0,0,0,0,4,0.16279069767441862,0.32558139534883723,6.0,24.0,0.25,3.0,3.0,8.0,16.0,0.375,0.1875,0
2026-06-14,823368,"Triolo, Jared",669707,4,1,676974,R,5.0,1.0,0,1,0,4,0.15447154471544716,0.2601626016260163,5.0,25.0,0.2,2.0,3.0,5.0,20.0,0.4,0.15,0
2026-06-16,824991,"Triolo, Jared",669707,4,0,678022,R,6.0,2.0,0,0,1,3,0.2028985507246377,0.2753623188405797,5.0,26.0,0.19230769230769232,2.0,3.0,4.0,22.0,0.5,0.13636363636363635,0
2026-06-17,824992,"Triolo, Jared",669707,5,2,650644,R,23.0,1.0,0,2,1,4,0.2894736842105263,0.13157894736842105,5.0,26.0,0.19230769230769232,2.0,3.0,5.0,21.0,0.4,0.14285714285714285,0
2026-06-19,824345,"Triolo, Jared",669707,4,2,607536,L,6.0,2.0,2,0,3,1,0.3305785123966942,0.1487603305785124,6.0,28.0,0.21428571428571427,1.0,5.0,4.0,24.0,0.25,0.20833333333333334,1
2026-06-20,824342,"Triolo, Jared",669707,3,0,608372,R,6.0,1.0,0,0,0,3,0.2627118644067797,0.13559322033898305,7.0,28.0,0.25,3.0,4.0,7.0,21.0,0.42857142857142855,0.19047619047619047,0
2026-06-21,824343,"Triolo, Jared",669707,4,1,547179,R,6.0,1.0,0,1,0,4,0.2857142857142857,0.22857142857142856,6.0,27.0,0.2222222222222222,2.0,4.0,5.0,22.0,0.4,0.18181818181818182,0
2026-06-23,823365,"Triolo, Jared",669707,3,0,669923,R,6.0,2.0,0,0,0,3,0.31451612903225806,0.20967741935483872,6.0,28.0,0.21428571428571427,2.0,4.0,5.0,23.0,0.4,0.17391304347826086,0
2026-06-24,823367,"Triolo, Jared",669707,4,0,693433,R,6.0,1.0,0,0,0,4,0.2231404958677686,0.2727272727272727,6.0,27.0,0.2222222222222222,2.0,4.0,5.0,22.0,0.4,0.18181818181818182,0
2026-06-25,823366,"Triolo, Jared",669707,3,1,682243,R,6.0,1.0,0,1,0,3,0.14432989690721648,0.3402061855670103,5.0,27.0,0.18518518518518517,2.0,3.0,5.0,22.0,0.4,0.13636363636363635,0
2026-06-26,823363,"Triolo, Jared",669707,2,0,671096,L,6.0,1.0,0,0,2,0,0.20168067226890757,0.2184873949579832,6.0,26.0,0.23076923076923078,2.0,4.0,4.0,22.0,0.5,0.18181818181818182,1
2026-06-27,823364,"Triolo, Jared",669707,4,3,695505,R,6.0,1.0,0,3,1,3,0.20353982300884957,0.336283185840708,4.0,23.0,0.17391304347826086,2.0,2.0,5.0,18.0,0.4,0.1111111111111111,0
2026-06-29,823444,"Triolo, Jared",669707,4,1,605400,R,5.0,2.0,0,1,1,3,0.23853211009174313,0.23853211009174313,5.0,23.0,0.21739130434782608,0.0,5.0,3.0,20.0,0.0,0.25,0
2026-06-30,823445,"Triolo, Jared",669707,4,0,650911,L,5.0,1.0,0,0,3,1,0.2222222222222222,0.25396825396825395,6.0,24.0,0.25,0.0,6.0,4.0,20.0,0.0,0.3,1
2026-07-01,823446,"Triolo, Jared",669707,3,1,686751,R,2.0,1.0,0,1,1,2,0.13636363636363635,0.36363636363636365,5.0,24.0,0.20833333333333334,0.0,5.0,7.0,17.0,0.0,0.29411764705882354,0
2026-07-02,823442,"Triolo, Jared",669707,5,0,660604,R,5.0,1.0,0,0,1,4,,,6.0,24.0,0.25,0.0,6.0,8.0,16.0,0.0,0.375,0
2026-07-03,822714,"Triolo, Jared",669707,4,2,656492,L,6.0,1.0,0,2,2,2,0.175,0.275,6.0,25.0,0.24,0.0,6.0,9.0,16.0,0.0,0.375,1
2026-07-05,822715,"Triolo, Jared",669707,3,1,695418,R,4.0,2.0,0,1,1,2,0.24074074074074073,0.2777777777777778,7.0,26.0,0.2692307692307692,0.0,7.0,11.0,15.0,0.0,0.4666666666666667,0
2026-07-07,823361,"Triolo, Jared",669707,5,1,694462,R,5.0,2.0,0,1,2,3,,,8.0,27.0,0.2962962962962963,0.0,8.0,10.0,17.0,0.0,0.47058823529411764,0
2026-07-08,823360,"Triolo, Jared",669707,3,0,656550,R,5.0,1.0,0,0,1,2,0.19540229885057472,0.16091954022988506,6.0,28.0,0.21428571428571427,0.0,6.0,11.0,17.0,0.0,0.35294117647058826,0
2026-07-09,823359,"Triolo, Jared",669707,4,0,693821,R,12.0,1.0,0,0,0,4,0.28688524590163933,0.18032786885245902,5.0,27.0,0.18518518518518517,0.0,5.0,11.0,16.0,0.0,0.3125,0
2026-07-11,823356,"Triolo, Jared",669707,3,0,675660,L,5.0,0.0,0,0,2,1,0.24778761061946902,0.21238938053097345,5.0,27.0,0.18518518518518517,0.0,5.0,8.0,19.0,0.0,0.2631578947368421,1
2026-07-11,823357,"Triolo, Jared",669707,4,0,687075,R,6.0,2.0,0,0,0,4,0.16494845360824742,0.30927835051546393,4.0,27.0,0.14814814814814814,0.0,4.0,9.0,18.0,0.0,0.2222222222222222,0
2026-07-12,823358,"Triolo, Jared",669707,5,3,688107,L,5.0,1.0,1,2,2,3,0.2066115702479339,0.23140495867768596,4.0,26.0,0.15384615384615385,0.0,4.0,8.0,18.0,0.0,0.2222222222222222,1
2026-07-18,824412,"Triolo, Jared",669707,3,1,671106,L,54.0,6.0,1,0,2,1,,,5.0,27.0,0.18518518518518517,1.0,4.0,8.0,19.0,0.125,0.21052631578947367,1
2026-07-19,824411,"Triolo, Jared",669707,5,2,676282,L,7.0,1.0,2,0,4,1,0.17796610169491525,0.3220338983050847,5.0,27.0,0.18518518518518517,2.0,3.0,9.0,18.0,0.2222222222222222,0.16666666666666666,1
2026-07-20,823522,"Triolo, Jared",669707,2,1,677960,L,10.0,1.0,1,0,2,0,0.2692307692307692,0.25961538461538464,6.0,27.0,0.2222222222222222,4.0,2.0,11.0,16.0,0.36363636363636365,0.125,1
2026-07-22,823518,"Triolo, Jared",669707,2,1,518585,R,2.0,2.0,0,1,1,1,0.11764705882352941,0.4117647058823529,7.0,26.0,0.2692307692307692,5.0,2.0,12.0,14.0,0.4166666666666667,0.14285714285714285,0
2026-07-22,823519,"Triolo, Jared",669707,3,1,608331,L,70.0,0.0,0,1,2,1,0.21238938053097345,0.23893805309734514,8.0,24.0,0.3333333333333333,5.0,3.0,13.0,11.0,0.38461538461538464,0.2727272727272727,1
2026-07-24,823352,"Triolo, Jared",669707,4,1,571510,L,6.0,2.0,1,0,4,0,0.20512820512820512,0.17094017094017094,9.0,24.0,0.375,5.0,4.0,13.0,11.0,0.38461538461538464,0.36363636363636365,1
2026-07-25,823355,"Triolo, Jared",669707,4,0,684007,L,6.0,1.0,0,0,2,2,0.2608695652173913,0.21739130434782608,10.0,24.0,0.4166666666666667,6.0,4.0,17.0,7.0,0.35294117647058826,0.5714285714285714,1
2026-07-27,823353,"Triolo, Jared",669707,2,0,518876,R,5.0,2.0,0,0,0,2,0.23931623931623933,0.1794871794871795,7.0,23.0,0.30434782608695654,5.0,2.0,17.0,6.0,0.29411764705882354,0.3333333333333333,0
2026-07-28,823350,"Triolo, Jared",669707,2,0,805299,L,2.0,1.0,0,0,1,1,0.29411764705882354,0.29411764705882354,6.0,22.0,0.2727272727272727,4.0,2.0,15.0,7.0,0.26666666666666666,0.2857142857142857,1
2026-07-29,823351,"Triolo, Jared",669707,3,2,593958,L,5.0,1.0,2,0,3,0,0.2627118644067797,0.13559322033898305,4.0,19.0,0.21052631578947367,2.0,2.0,12.0,7.0,0.16666666666666666,0.2857142857142857,1
2026-07-30,824488,"Triolo, Jared",669707,2,0,656271,L,2.0,1.0,0,0,1,1,0.1111111111111111,0.16666666666666666,5.0,20.0,0.25,3.0,2.0,13.0,7.0,0.23076923076923078,0.2857142857142857,1
2026-07-31,824486,"Triolo, Jared",669707,1,0,572955,R,2.0,1.0,0,0,0,1,0.2631578947368421,0.15789473684210525,4.0,20.0,0.2,3.0,1.0,13.0,7.0,0.23076923076923078,0.14285714285714285,0
2026-08-01,824485,"Triolo, Jared",669707,4,0,671096,L,6.0,1.0,0,0,2,2,0.1826086956521739,0.20869565217391303,3.0,18.0,0.16666666666666666,3.0,0.0,11.0,7.0,0.2727272727272727,0.0,1
2026-08-02,824483,"Triolo, Jared",669707,1,1,622088,R,3.0,1.0,0,1,0,1,0.16,0.2,2.0,18.0,0.1111111111111111,2.0,0.0,9.0,9.0,0.2222222222222222,0.0,0
2026-08-04,823756,"Triolo, Jared",669707,3,0,701656,R,7.0,2.0,0,0,0,3,0.15151515151515152,0.31313131313131315,3.0,15.0,0.2,2.0,1.0,7.0,8.0,0.2857142857142857,0.125,0
2026-08-05,823753,"Triolo, Jared",669707,2,0,690986,L,28.0,1.0,0,0,2,0,0.2,0.25263157894736843,3.0,16.0,0.1875,2.0,1.0,7.0,9.0,0.2857142857142857,0.1111111111111111,1
2026-08-06,823754,"Triolo, Jared",669707,1,0,669084,L,1.0,1.0,0,0,1,0,0.17142857142857143,0.2,3.0,16.0,0.1875,2.0,1.0,8.0,8.0,0.25,0.125,1
2026-08-07,823349,"Triolo, Jared",669707,3,2,804267,L,6.0,1.0,2,0,3,0,0.19130434782608696,0.1826086956521739,1.0,14.0,0.07142857142857142,0.0,1.0,6.0,8.0,0.0,0.125,1
2026-08-09,823345,"Triolo, Jared",669707,3,0,640455,L,5.0,2.0,0,0,2,1,0.2440944881889764,0.2125984251968504,3.0,15.0,0.2,2.0,1.0,8.0,7.0,0.25,0.14285714285714285,1
2026-08-13,823829,"Triolo, Jared",669707,5,3,663969,R,6.0,4.0,1,2,2,3,0.25,0.17857142857142858,3.0,17.0,0.17647058823529413,2.0,1.0,10.0,7.0,0.2,0.14285714285714285,0
2026-08-14,823346,"Triolo, Jared",669707,4,0,687562,L,6.0,1.0,0,0,4,0,0.21951219512195122,0.16260162601626016,6.0,18.0,0.3333333333333333,3.0,3.0,10.0,8.0,0.3,0.375,1
2026-08-15,823347,"Triolo, Jared",669707,3,0,543243,R,5.0,1.0,0,0,1,2,0.2421875,0.1953125,5.0,21.0,0.23809523809523808,3.0,2.0,14.0,7.0,0.21428571428571427,0.2857142857142857,0
2026-08-16,823344,"Triolo, Jared",669707,5,1,663776,L,5.0,1.0,1,0,5,0,0.28205128205128205,0.20512820512820512,5.0,21.0,0.23809523809523808,3.0,2.0,15.0,6.0,0.2,0.3333333333333333,1
2026-08-17,823343,"Triolo, Jared",669707,3,0,664285,L,5.0,1.0,0,0,3,0,0.2457627118644068,0.16101694915254236,6.0,24.0,0.25,4.0,2.0,18.0,6.0,0.2222222222222222,0.3333333333333333,1
2026-08-18,823341,"Triolo, Jared",669707,3,1,672456,R,5.0,1.0,0,1,0,3,0.1896551724137931,0.13793103448275862,6.0,26.0,0.23076923076923078,4.0,2.0,20.0,6.0,0.2,0.3333333333333333,0
2026-08-19,823342,"Triolo, Jared",669707,3,0,695549,R,5.0,1.0,0,0,0,3,,,5.0,26.0,0.19230769230769232,2.0,3.0,17.0,9.0,0.11764705882352941,0.3333333333333333,0
2026-08-21,823911,"Triolo, Jared",669707,4,0,808967,R,7.0,2.0,0,0,0,4,0.15267175572519084,0.22900763358778625,5.0,26.0,0.19230769230769232,2.0,3.0,15.0,11.0,0.13333333333333333,0.2727272727272727,0
2026-08-22,823910,"Triolo, Jared",669707,3,1,669373,L,6.0,1.0,1,0,3,0,0.184,0.296,2.0,25.0,0.08,1.0,1.0,13.0,12.0,0.07692307692307693,0.08333333333333333,1
2026-08-23,823909,"Triolo, Jared",669707,2,0,605483,L,6.0,1.0,0,0,2,0,,,3.0,24.0,0.125,2.0,1.0,12.0,12.0,0.16666666666666666,0.08333333333333333,1
2026-08-24,823260,"Triolo, Jared",669707,5,2,592662,L,6.0,1.0,2,0,4,1,0.19469026548672566,0.18584070796460178,3.0,23.0,0.13043478260869565,2.0,1.0,13.0,10.0,0.15384615384615385,0.1,1
2026-08-25,823259,"Triolo, Jared",669707,3,1,650633,R,6.0,1.0,0,1,0,3,0.2184873949579832,0.21008403361344538,4.0,23.0,0.17391304347826086,3.0,1.0,12.0,11.0,0.25,0.09090909090909091,0
2026-08-26,823255,"Triolo, Jared",669707,2,1,699134,R,2.0,1.0,1,0,1,1,0.19047619047619047,0.42857142857142855,5.0,23.0,0.21739130434782608,3.0,2.0,9.0,14.0,0.3333333333333333,0.14285714285714285,0
2026-08-28,823013,"Triolo, Jared",669707,3,2,687273,L,6.0,2.0,2,0,3,0,,,5.0,22.0,0.22727272727272727,4.0,1.0,10.0,12.0,0.4,0.08333333333333333,1
2026-08-29,823011,"Triolo, Jared",669707,4,1,802408,L,96.0,1.0,1,0,2,2,,,7.0,22.0,0.3181818181818182,6.0,1.0,13.0,9.0,0.46153846153846156,0.1111111111111111,1
2026-08-30,823010,"Triolo, Jared",669707,5,1,669461,L,5.0,1.0,1,0,3,2,0.2336448598130841,0.29906542056074764,8.0,22.0,0.36363636363636365,7.0,1.0,15.0,7.0,0.4666666666666667,0.14285714285714285,1
2026-09-01,823340,"Triolo, Jared",669707,5,1,657277,R,6.0,2.0,0,1,1,4,0.20512820512820512,0.21367521367521367,8.0,24.0,0.3333333333333333,7.0,1.0,15.0,9.0,0.4666666666666667,0.1111111111111111,0
2026-09-02,823339,"Triolo, Jared",669707,3,0,694738,R,6.0,1.0,0,0,0,3,0.18181818181818182,0.15702479338842976,9.0,27.0,0.3333333333333333,7.0,2.0,14.0,13.0,0.5,0.15384615384615385,0
2026-09-03,823337,"Triolo, Jared",669707,4,0,694918,R,6.0,1.0,0,0,1,3,0.21495327102803738,0.19626168224299065,7.0,25.0,0.28,5.0,2.0,10.0,15.0,0.5,0.13333333333333333,0
2026-09-05,823335,"Triolo, Jared",669707,2,1,579328,L,6.0,2.0,1,0,2,0,0.23300970873786409,0.23300970873786409,6.0,26.0,0.23076923076923078,5.0,1.0,11.0,15.0,0.45454545454545453,0.06666666666666667,1
2026-09-09,824549,"Triolo, Jared",669707,1,1,670950,R,4.0,4.0,0,1,0,1,0.21052631578947367,0.18421052631578946,6.0,26.0,0.23076923076923078,5.0,1.0,12.0,14.0,0.4166666666666667,0.07142857142857142,0
2026-09-10,824550,"Triolo, Jared",669707,3,1,607200,R,6.0,1.0,0,1,0,3,0.18888888888888888,0.15555555555555556,5.0,24.0,0.20833333333333334,3.0,2.0,9.0,15.0,0.3333333333333333,0.13333333333333333,0
2026-09-11,824631,"Triolo, Jared",669707,4,0,684007,L,7.0,1.0,0,0,2,2,0.23076923076923078,0.25961538461538464,5.0,23.0,0.21739130434782608,2.0,3.0,7.0,16.0,0.2857142857142857,0.1875,1
2026-09-12,824630,"Triolo, Jared",669707,1,0,669020,L,4.0,1.0,0,0,1,0,0.19047619047619047,0.14285714285714285,4.0,22.0,0.18181818181818182,1.0,3.0,6.0,16.0,0.16666666666666666,0.1875,1
2026-09-13,824628,"Triolo, Jared",669707,2,0,571510,L,6.0,1.0,0,0,2,0,0.21487603305785125,0.1652892561983471,3.0,18.0,0.16666666666666666,1.0,2.0,6.0,12.0,0.16666666666666666,0.16666666666666666,1
2026-09-15,823333,"Triolo, Jared",669707,1,0,676879,L,3.0,2.0,0,0,1,0,0.35,0.2,3.0,17.0,0.17647058823529413,1.0,2.0,8.0,9.0,0.125,0.2222222222222222,1
2026-09-16,823332,"Triolo, Jared",669707,1,0,622608,R,3.0,1.0,0,0,0,1,0.3157894736842105,0.10526315789473684,3.0,14.0,0.21428571428571427,1.0,2.0,8.0,6.0,0.125,0.3333333333333333,0
2026-09-17,823334,"Triolo, Jared",669707,4,1,690986,L,5.0,1.0,1,0,2,2,0.33695652173913043,0.21739130434782608,2.0,13.0,0.15384615384615385,0.0,2.0,6.0,7.0,0.0,0.2857142857142857,1
2026-09-18,823331,"Triolo, Jared",669707,1,0,668674,R,3.0,1.0,0,0,0,1,0.2631578947368421,0.15789473684210525,2.0,16.0,0.125,1.0,1.0,8.0,8.0,0.125,0.125,0
2026-09-22,823328,"Triolo, Jared",669707,1,0,677865,L,3.0,4.0,0,0,1,0,0.15789473684210525,0.15789473684210525,1.0,14.0,0.07142857142857142,1.0,0.0,8.0,6.0,0.125,0.0,1
2026-09-23,823327,"Triolo, Jared",669707,3,1,669461,L,,,1,0,2,1,0.2767857142857143,0.20535714285714285,1.0,11.0,0.09090909090909091,1.0,0.0,7.0,4.0,0.14285714285714285,0.0,1
2026-03-26,823649,"Davis, Henry",680779,4,1,642547,R,,,0,1,0,4,,,,,,,,,,,,0
2026-03-28,823651,"Davis, Henry",680779,1,0,472610,R,2.0,2.0,0,0,0,1,,,,,,,,,,,,0
2026-03-29,823647,"Davis, Henry",680779,5,1,690997,R,1.0,1.0,1,0,1,4,,,,,,,,,,,,0
2026-03-30,824539,"Davis, Henry",680779,3,0,695505,R,2.0,1.0,0,0,0,3,,,,,,,,,,,,0
2026-04-01,824536,"Davis, Henry",680779,4,0,671096,L,6.0,2.0,0,0,2,2,,,,,,,,,,,,1
2026-04-03,823406,"Davis, Henry",680779,3,1,680694,R,6.0,2.0,0,1,0,3,,,,,,,,,,,,0
2026-04-05,823405,"Davis, Henry",680779,4,1,700249,L,6.0,2.0,0,1,3,1,,,,,,,,,,,,1
2026-04-06,823401,"Davis, Henry",680779,3,0,608566,R,6.0,1.0,0,0,0,3,,,4.0,24.0,0.16666666666666666,1.0,3.0,6.0,18.0,0.16666666666666666,0.16666666666666666,0
2026-04-07,823402,"Davis, Henry",680779,4,2,601713,R,6.0,1.0,1,1,1,3,,,3.0,23.0,0.13043478260869565,1.0,2.0,6.0,17.0,0.16666666666666666,0.11764705882352941,0
2026-04-11,824697,"Davis, Henry",680779,4,0,665795,R,6.0,4.0,0,0,0,4,,,5.0,26.0,0.19230769230769232,2.0,3.0,7.0,19.0,0.2857142857142857,0.15789473684210525,0
2026-04-13,823400,"Davis, Henry",680779,5,2,676917,R,6.0,2.0,0,2,0,5,,,4.0,25.0,0.16,1.0,3.0,6.0,19.0,0.16666666666666666,0.15789473684210525,0
2026-04-15,823399,"Davis, Henry",680779,3,0,663623,R,5.0,2.0,0,0,0,3,,,6.0,27.0,0.2222222222222222,1.0,5.0,6.0,21.0,0.16666666666666666,0.23809523809523808,0
2026-04-17,823397,"Davis, Henry",680779,4,0,607259,R,6.0,2.0,0,0,0,4,,,6.0,26.0,0.23076923076923078,1.0,5.0,4.0,22.0,0.25,0.22727272727272727,0
2026-04-18,823394,"Davis, Henry",680779,4,0,656876,R,6.0,1.0,0,0,0,4,,,5.0,27.0,0.18518518518518517,1.0,4.0,4.0,23.0,0.25,0.17391304347826086,0
2026-04-21,822914,"Davis, Henry",680779,3,0,677958,R,6.0,3.0,0,0,0,3,,,4.0,27.0,0.14814814814814814,1.0,3.0,1.0,26.0,1.0,0.11538461538461539,0
2026-04-22,822913,"Davis, Henry",680779,3,0,683004,R,6.0,1.0,0,0,1,2,,,4.0,27.0,0.14814814814814814,1.0,3.0,1.0,26.0,1.0,0.11538461538461539,0
2026-04-24,823800,"Davis, Henry",680779,4,1,605540,R,6.0,2.0,0,1,2,2,,,2.0,26.0,0.07692307692307693,0.0,2.0,1.0,25.0,0.0,0.08,0
2026-04-25,823799,"Davis, Henry",680779,4,0,694819,R,6.0,1.0,0,0,1,3,0.15315315315315314,0.3783783783783784,3.0,26.0,0.11538461538461539,0.0,3.0,3.0,23.0,0.0,0.13043478260869565,0
2026-04-27,823395,"Davis, Henry",680779,3,1,669160,R,6.0,2.0,0,1,0,3,0.3055555555555556,0.18518518518518517,1.0,25.0,0.04,0.0,1.0,4.0,21.0,0.0,0.047619047619047616,0
2026-04-28,823390,"Davis, Henry",680779,3,0,681517,R,6.0,1.0,0,0,0,3,0.26126126126126126,0.13513513513513514,2.0,25.0,0.08,0.0,2.0,4.0,21.0,0.0,0.09523809523809523,0
2026-04-30,823391,"Davis, Henry",680779,3,0,690928,R,2.0,2.0,0,0,0,3,,,2.0,24.0,0.08333333333333333,0.0,2.0,4.0,20.0,0.0,0.1,0
2026-05-01,823389,"Davis, Henry",680779,4,2,663903,R,6.0,1.0,0,2,0,4,0.30434782608695654,0.12173913043478261,2.0,23.0,0.08695652173913043,0.0,2.0,4.0,19.0,0.0,0.10526315789473684,0
2026-05-02,823388,"Davis, Henry",680779,6,0,695076,R,6.0,1.0,0,0,2,4,0.225,0.16666666666666666,4.0,24.0,0.16666666666666666,0.0,4.0,4.0,20.0,0.0,0.2,0
2026-05-06,825091,"Davis, Henry",680779,4,0,647336,R,6.0,4.0,0,0,0,4,0.26495726495726496,0.2222222222222222,4.0,27.0,0.14814814814814814,0.0,4.0,5.0,22.0,0.0,0.18181818181818182,0
2026-05-10,823221,"Davis, Henry",680779,5,1,641816,R,7.0,4.0,0,1,0,5,0.2033898305084746,0.211864406779661,3.0,27.0,0.1111111111111111,0.0,3.0,3.0,24.0,0.0,0.125,0
2026-05-12,823385,"Davis, Henry",680779,4,0,547179,R,6.0,2.0,0,0,0,4,0.3130434782608696,0.1391304347826087,4.0,28.0,0.14285714285714285,0.0,4.0,2.0,26.0,0.0,0.15384615384615385,0
2026-05-13,823386,"Davis, Henry",680779,3,0,500779,L,6.0,1.0,0,0,2,1,0.21296296296296297,0.1111111111111111,3.0,29.0,0.10344827586206896,0.0,3.0,2.0,27.0,0.0,0.1111111111111111,1
2026-05-16,823382,"Davis, Henry",680779,3,0,650911,L,6.0,3.0,0,0,3,0,0.23404255319148937,0.2553191489361702,3.0,29.0,0.10344827586206896,0.0,3.0,4.0,25.0,0.0,0.12,1
2026-05-17,823381,"Davis, Henry",680779,3,0,554430,R,5.0,1.0,0,0,0,3,,,3.0,29.0,0.10344827586206896,0.0,3.0,7.0,22.0,0.0,0.13636363636363635,0
2026-05-19,823059,"Davis, Henry",680779,3,0,669461,L,6.0,2.0,0,0,2,1,0.2545454545454545,0.2,1.0,28.0,0.03571428571428571,0.0,1.0,7.0,21.0,0.0,0.047619047619047616,1
2026-05-21,823056,"Davis, Henry",680779,4,1,669160,R,6.0,2.0,1,0,1,3,0.22131147540983606,0.16393442622950818,1.0,25.0,0.04,0.0,1.0,7.0,18.0,0.0,0.05555555555555555,0
2026-05-23,822814,"Davis, Henry",680779,3,0,571578,L,5.0,2.0,0,0,2,1,0.29357798165137616,0.11926605504587157,2.0,25.0,0.08,1.0,1.0,8.0,17.0,0.125,0.058823529411764705,1
2026-05-25,823380,"Davis, Henry",680779,3,1,676962,R,6.0,2.0,0,1,0,3,0.140625,0.28125,1.0,23.0,0.043478260869565216,1.0,0.0,10.0,13.0,0.1,0.0,0
2026-05-26,823379,"Davis, Henry",680779,4,0,696136,L,6.0,1.0,0,0,3,1,,,2.0,22.0,0.09090909090909091,1.0,1.0,10.0,12.0,0.1,0.08333333333333333,1
2026-05-28,823378,"Davis, Henry",680779,4,0,607067,R,5.0,2.0,0,0,1,3,0.26495726495726496,0.17094017094017094,2.0,23.0,0.08695652173913043,1.0,1.0,11.0,12.0,0.09090909090909091,0.08333333333333333,0
2026-05-31,823373,"Davis, Henry",680779,4,1,805673,R,6.0,3.0,0,1,0,4,,,2.0,24.0,0.08333333333333333,1.0,1.0,9.0,15.0,0.1111111111111111,0.06666666666666667,0
2026-06-03,824188,"Davis, Henry",680779,4,1,681293,R,6.0,3.0,0,1,1,3,0.1322314049586777,0.18181818181818182,3.0,25.0,0.12,1.0,2.0,9.0,16.0,0.1111111111111111,0.125,0
2026-06-05,824914,"Davis, Henry",680779,2,0,527048,L,6.0,2.0,0,0,2,0,0.19718309859154928,0.2535211267605634,4.0,26.0,0.15384615384615385,1.0,3.0,8.0,18.0,0.125,0.16666666666666666,1
2026-06-07,824916,"Davis, Henry",680779,2,0,693821,R,5.0,2.0,0,0,0,2,0.224,0.176,3.0,24.0,0.125,0.0,3.0,9.0,15.0,0.0,0.2,0
2026-06-09,823374,"Davis, Henry",680779,3,0,641778,L,7.0,2.0,0,0,2,1,0.2376237623762376,0.1188118811881188,3.0,23.0,0.13043478260869565,0.0,3.0,7.0,16.0,0.0,0.1875,1
2026-06-14,823368,"Davis, Henry",680779,3,0,676974,R,5.0,5.0,0,0,0,3,0.15447154471544716,0.2601626016260163,2.0,23.0,0.08695652173913043,0.0,2.0,9.0,14.0,0.0,0.14285714285714285,0
2026-06-17,824992,"Davis, Henry",680779,5,1,650644,R,23.0,3.0,1,0,1,4,0.2894736842105263,0.13157894736842105,2.0,22.0,0.09090909090909091,0.0,2.0,6.0,16.0,0.0,0.125,0
2026-06-20,824342,"Davis, Henry",680779,2,0,608372,R,6.0,3.0,0,0,0,2,0.2627118644067797,0.13559322033898305,3.0,23.0,0.13043478260869565,1.0,2.0,6.0,17.0,0.16666666666666666,0.11764705882352941,0
2026-06-25,823366,"Davis, Henry",680779,3,2,682243,R,6.0,5.0,0,2,0,3,0.14432989690721648,0.3402061855670103,2.0,21.0,0.09523809523809523,1.0,1.0,6.0,15.0,0.16666666666666666,0.06666666666666667,0
2026-06-26,823363,"Davis, Henry",680779,2,0,671096,L,6.0,1.0,0,0,2,0,0.20168067226890757,0.2184873949579832,3.0,20.0,0.15,1.0,2.0,5.0,15.0,0.2,0.13333333333333333,1
2026-06-28,823362,"Davis, Henry",680779,4,1,663903,R,6.0,2.0,0,1,1,3,0.168141592920354,0.22123893805309736,3.0,20.0,0.15,1.0,2.0,5.0,15.0,0.2,0.13333333333333333,0
2026-06-30,823445,"Davis, Henry",680779,2,0,650911,L,5.0,2.0,0,0,2,0,0.2222222222222222,0.25396825396825395,4.0,22.0,0.18181818181818182,1.0,3.0,6.0,16.0,0.16666666666666666,0.1875,1
2026-07-01,823446,"Davis, Henry",680779,4,1,554430,R,5.0,1.0,0,1,1,3,0.15,0.2833333333333333,4.0,21.0,0.19047619047619047,1.0,3.0,6.0,15.0,0.16666666666666666,0.2,0
2026-07-04,822716,"Davis, Henry",680779,4,1,641793,R,6.0,3.0,0,1,0,4,0.23595505617977527,0.15730337078651685,5.0,22.0,0.22727272727272727,1.0,4.0,7.0,15.0,0.14285714285714285,0.26666666666666666,0
2026-07-05,822715,"Davis, Henry",680779,1,1,664875,R,2.0,1.0,0,1,0,1,0.3448275862068966,0.2413793103448276,5.0,21.0,0.23809523809523808,0.0,5.0,6.0,15.0,0.0,0.3333333333333333,0
2026-07-07,823361,"Davis, Henry",680779,5,0,694462,R,5.0,2.0,0,0,2,3,,,6.0,20.0,0.3,0.0,6.0,6.0,14.0,0.0,0.42857142857142855,0
2026-07-08,823360,"Davis, Henry",680779,3,0,656550,R,5.0,1.0,0,0,1,2,0.19540229885057472,0.16091954022988506,4.0,22.0,0.18181818181818182,0.0,4.0,8.0,14.0,0.0,0.2857142857142857,0
2026-07-11,823357,"Davis, Henry",680779,4,1,687075,R,6.0,3.0,0,1,0,4,0.16494845360824742,0.30927835051546393,4.0,23.0,0.17391304347826086,0.0,4.0,7.0,16.0,0.0,0.25,0
2026-07-12,823358,"Davis, Henry",680779,4,2,688107,L,5.0,1.0,2,0,2,2,0.2066115702479339,0.23140495867768596,4.0,23.0,0.17391304347826086,0.0,4.0,6.0,17.0,0.0,0.23529411764705882,1
2026-07-18,824414,"Davis, Henry",680779,4,1,668909,R,9.0,6.0,0,1,0,4,0.22608695652173913,0.30434782608695654,6.0,25.0,0.24,2.0,4.0,6.0,19.0,0.3333333333333333,0.21052631578947367,0
2026-07-19,824411,"Davis, Henry",680779,4,0,676282,L,7.0,1.0,0,0,3,1,0.17796610169491525,0.3220338983050847,6.0,25.0,0.24,2.0,4.0,5.0,20.0,0.4,0.2,1
2026-07-20,823522,"Davis, Henry",680779,3,1,677960,L,10.0,1.0,1,0,2,1,0.2692307692307692,0.25961538461538464,5.0,25.0,0.2,2.0,3.0,8.0,17.0,0.25,0.17647058823529413,1
2026-07-22,823518,"Davis, Henry",680779,3,0,543037,R,5.0,2.0,0,0,1,2,0.2711864406779661,0.2627118644067797,5.0,27.0,0.18518518518518517,3.0,2.0,10.0,17.0,0.3,0.11764705882352941,0
2026-07-24,823352,"Davis, Henry",680779,4,2,571510,L,6.0,2.0,2,0,4,0,0.20512820512820512,0.17094017094017094,5.0,25.0,0.2,3.0,2.0,9.0,16.0,0.3333333333333333,0.125,1
2026-07-25,823355,"Davis, Henry",680779,3,1,684007,L,6.0,1.0,1,0,2,1,0.2608695652173913,0.21739130434782608,7.0,26.0,0.2692307692307692,5.0,2.0,12.0,14.0,0.4166666666666667,0.14285714285714285,1
2026-07-27,823353,"Davis, Henry",680779,2,0,518876,R,5.0,2.0,0,0,0,2,0.23931623931623933,0.1794871794871795,7.0,25.0,0.28,6.0,1.0,14.0,11.0,0.42857142857142855,0.09090909090909091,0
2026-07-29,823351,"Davis, Henry",680779,3,0,593958,L,5.0,2.0,0,0,3,0,0.2627118644067797,0.13559322033898305,5.0,23.0,0.21739130434782608,4.0,1.0,12.0,11.0,0.3333333333333333,0.09090909090909091,1
2026-07-31,824486,"Davis, Henry",680779,4,1,668881,R,6.0,2.0,0,1,0,4,,,4.0,22.0,0.18181818181818182,4.0,0.0,15.0,7.0,0.26666666666666666,0.0,0
2026-08-01,824485,"Davis, Henry",680779,4,1,671096,L,6.0,1.0,0,1,2,2,0.1826086956521739,0.20869565217391303,5.0,22.0,0.22727272727272727,4.0,1.0,12.0,10.0,0.3333333333333333,0.1,1
2026-08-03,823757,"Davis, Henry",680779,4,0,676879,L,5.0,2.0,0,0,1,3,0.25,0.3,5.0,23.0,0.21739130434782608,3.0,2.0,12.0,11.0,0.25,0.18181818181818182,1
2026-08-06,823754,"Davis, Henry",680779,3,0,669160,R,8.0,3.0,0,0,1,2,0.2037037037037037,0.25925925925925924,5.0,24.0,0.20833333333333334,3.0,2.0,12.0,12.0,0.25,0.16666666666666666,0
2026-08-08,823348,"Davis, Henry",680779,6,2,476594,R,6.0,2.0,0,2,0,6,,,3.0,23.0,0.13043478260869565,1.0,2.0,9.0,14.0,0.1111111111111111,0.14285714285714285,0
2026-08-09,823345,"Davis, Henry",680779,3,0,640455,L,5.0,1.0,0,0,2,1,0.2440944881889764,0.2125984251968504,4.0,26.0,0.15384615384615385,0.0,4.0,7.0,19.0,0.0,0.21052631578947367,1
2026-08-11,823832,"Davis, Henry",680779,3,1,691587,R,6.0,2.0,0,1,0,3,0.20967741935483872,0.25806451612903225,4.0,27.0,0.14814814814814814,0.0,4.0,9.0,18.0,0.0,0.2222222222222222,0
2026-08-12,823833,"Davis, Henry",680779,3,0,676083,R,6.0,1.0,0,0,0,3,0.24210526315789474,0.2,5.0,27.0,0.18518518518518517,0.0,5.0,6.0,21.0,0.0,0.23809523809523808,0
2026-08-14,823346,"Davis, Henry",680779,3,0,687562,L,6.0,2.0,0,0,3,0,0.21951219512195122,0.16260162601626016,4.0,26.0,0.15384615384615385,0.0,4.0,6.0,20.0,0.0,0.2,1
2026-08-16,823344,"Davis, Henry",680779,4,0,663776,L,5.0,2.0,0,0,4,0,0.28205128205128205,0.20512820512820512,3.0,25.0,0.12,0.0,3.0,7.0,18.0,0.0,0.16666666666666666,1
2026-08-17,823343,"Davis, Henry",680779,4,1,664285,L,5.0,1.0,0,1,3,1,0.2457627118644068,0.16101694915254236,3.0,25.0,0.12,0.0,3.0,10.0,15.0,0.0,0.2,1
2026-08-19,823342,"Davis, Henry",680779,2,0,695549,R,5.0,2.0,0,0,0,2,,,4.0,26.0,0.15384615384615385,0.0,4.0,12.0,14.0,0.0,0.2857142857142857,0
2026-08-21,823911,"Davis, Henry",680779,1,0,623465,R,3.0,2.0,0,0,0,1,0.2631578947368421,0.2631578947368421,2.0,22.0,0.09090909090909091,0.0,2.0,12.0,10.0,0.0,0.2,0
2026-08-22,823910,"Davis, Henry",680779,3,0,669373,L,6.0,1.0,0,0,3,0,0.184,0.296,2.0,20.0,0.1,0.0,2.0,10.0,10.0,0.0,0.2,1
2026-08-25,823259,"Davis, Henry",680779,2,0,650633,R,6.0,3.0,0,0,0,2,0.2184873949579832,0.21008403361344538,1.0,20.0,0.05,0.0,1.0,13.0,7.0,0.0,0.14285714285714285,0
2026-08-28,823013,"Davis, Henry",680779,2,0,687273,L,6.0,3.0,0,0,2,0,,,1.0,19.0,0.05263157894736842,0.0,1.0,13.0,6.0,0.0,0.16666666666666666,1
2026-09-01,823340,"Davis, Henry",680779,4,1,657277,R,6.0,4.0,0,1,2,2,0.20512820512820512,0.21367521367521367,1.0,18.0,0.05555555555555555,0.0,1.0,12.0,6.0,0.0,0.16666666666666666,0
2026-09-04,823338,"Davis, Henry",680779,3,0,696270,R,6.0,3.0,0,0,1,2,0.13333333333333333,0.14285714285714285,2.0,18.0,0.1111111111111111,0.0,2.0,10.0,8.0,0.0,0.25,0
2026-09-06,823336,"Davis, Henry",680779,3,1,700712,R,6.0,2.0,0,1,0,3,0.18446601941747573,0.24271844660194175,1.0,17.0,0.058823529411764705,0.0,1.0,8.0,9.0,0.0,0.1111111111111111,0
2026-09-11,824631,"Davis, Henry",680779,2,0,684007,L,7.0,5.0,0,0,2,0,0.23076923076923078,0.25961538461538464,2.0,18.0,0.1111111111111111,0.0,2.0,8.0,10.0,0.0,0.2,1
2026-09-12,824630,"Davis, Henry",680779,3,0,605280,R,6.0,1.0,0,0,0,3,0.1724137931034483,0.14655172413793102,2.0,19.0,0.10526315789473684,0.0,2.0,10.0,9.0,0.0,0.2222222222222222,0
2026-09-13,824628,"Davis, Henry",680779,4,0,571510,L,6.0,1.0,0,0,2,2,0.21487603305785125,0.1652892561983471,2.0,19.0,0.10526315789473684,0.0,2.0,7.0,12.0,0.0,0.16666666666666666,1
2026-09-17,823334,"Davis, Henry",680779,4,1,690986,L,5.0,4.0,1,0,2,2,0.33695652173913043,0.21739130434782608,2.0,21.0,0.09523809523809523,0.0,2.0,9.0,12.0,0.0,0.16666666666666666,1
2026-09-18,823331,"Davis, Henry",680779,4,1,677976,R,6.0,1.0,0,1,1,3,0.23478260869565218,0.19130434782608696,3.0,23.0,0.13043478260869565,1.0,2.0,9.0,14.0,0.1111111111111111,0.14285714285714285,0
2026-03-26,823649,"Horwitz, Spencer",687462,4,0,642547,R,,,0,0,0,4,,,,,,,,,,,,0
2026-03-29,823647,"Horwitz, Spencer",687462,3,0,690997,R,1.0,3.0,0,0,0,3,,,,,,,,,,,,0
2026-03-30,824539,"Horwitz, Spencer",687462,4,1,695505,R,2.0,1.0,0,1,0,4,,,,,,,,,,,,0
2026-03-31,824537,"Horwitz, Spencer",687462,1,0,572955,R,2.0,1.0,0,0,0,1,,,,,,,,,,,,0
2026-04-01,824536,"Horwitz, Spencer",687462,4,1,671096,L,6.0,1.0,0,1,2,2,,,,,,,,,,,,1
2026-04-03,823406,"Horwitz, Spencer",687462,4,0,680694,R,6.0,2.0,0,0,1,3,,,,,,,,,,,,0
2026-04-04,823404,"Horwitz, Spencer",687462,4,1,669358,R,6.0,1.0,0,1,0,4,,,,,,,,,,,,0
2026-04-05,823405,"Horwitz, Spencer",687462,4,1,700249,L,6.0,1.0,1,0,3,1,,,3.0,24.0,0.125,0.0,3.0,3.0,21.0,0.0,0.14285714285714285,1
2026-04-06,823401,"Horwitz, Spencer",687462,4,2,608566,R,6.0,1.0,0,2,0,4,,,4.0,24.0,0.16666666666666666,1.0,3.0,6.0,18.0,0.16666666666666666,0.16666666666666666,0
2026-04-07,823402,"Horwitz, Spencer",687462,3,1,601713,R,6.0,1.0,0,1,1,2,,,6.0,25.0,0.24,1.0,5.0,6.0,19.0,0.16666666666666666,0.2631578947368421,0
2026-04-08,823403,"Horwitz, Spencer",687462,2,0,650633,R,5.0,1.0,0,0,0,2,,,6.0,24.0,0.25,1.0,5.0,7.0,17.0,0.14285714285714285,0.29411764705882354,0
2026-04-11,824697,"Horwitz, Spencer",687462,4,1,665795,R,6.0,3.0,0,1,0,4,,,6.0,25.0,0.24,1.0,5.0,7.0,18.0,0.14285714285714285,0.2777777777777778,0
2026-04-12,824696,"Horwitz, Spencer",687462,4,0,592791,R,6.0,1.0,0,0,0,4,,,6.0,25.0,0.24,1.0,5.0,5.0,20.0,0.2,0.25,0
2026-04-13,823400,"Horwitz, Spencer",687462,5,2,671131,R,6.0,1.0,0,2,0,5,,,6.0,25.0,0.24,1.0,5.0,4.0,21.0,0.25,0.23809523809523808,0
2026-04-14,823398,"Horwitz, Spencer",687462,2,0,571945,R,6.0,1.0,0,0,0,2,,,7.0,26.0,0.2692307692307692,1.0,6.0,4.0,22.0,0.25,0.2727272727272727,0
2026-04-15,823399,"Horwitz, Spencer",687462,3,0,663623,R,5.0,1.0,0,0,0,3,,,6.0,24.0,0.25,0.0,6.0,1.0,23.0,0.0,0.2608695652173913,0
2026-04-16,823396,"Horwitz, Spencer",687462,1,0,687606,R,3.0,1.0,0,0,0,1,,,4.0,23.0,0.17391304347826086,0.0,4.0,1.0,22.0,0.0,0.18181818181818182,0
2026-04-17,823397,"Horwitz, Spencer",687462,4,3,607259,R,6.0,1.0,0,3,0,4,,,3.0,21.0,0.14285714285714285,0.0,3.0,0.0,21.0,0.14285714285714285,0.14285714285714285,0
2026-04-18,823394,"Horwitz, Spencer",687462,6,0,641329,R,2.0,1.0,0,0,1,5,0.25,0.15,6.0,23.0,0.2608695652173913,0.0,6.0,0.0,23.0,0.2608695652173913,0.2608695652173913,0
2026-04-19,823393,"Horwitz, Spencer",687462,2,1,693855,L,1.0,1.0,0,1,1,1,0.2222222222222222,0.3333333333333333,5.0,25.0,0.2,0.0,5.0,1.0,24.0,0.0,0.20833333333333334,1
2026-04-22,822913,"Horwitz, Spencer",687462,4,2,683004,R,6.0,3.0,0,2,1,3,,,6.0,23.0,0.2608695652173913,0.0,6.0,2.0,21.0,0.0,0.2857142857142857,0
2026-04-23,822912,"Horwitz, Spencer",687462,4,0,594798,R,6.0,1.0,0,0,0,4,,,6.0,22.0,0.2727272727272727,0.0,6.0,3.0,19.0,0.0,0.3157894736842105,0
2026-04-24,823800,"Horwitz, Spencer",687462,4,1,605540,R,6.0,1.0,1,0,2,2,,,6.0,24.0,0.25,0.0,6.0,3.0,21.0,0.0,0.2857142857142857,0
2026-04-25,823799,"Horwitz, Spencer",687462,5,1,694819,R,6.0,1.0,0,1,1,4,0.15315315315315314,0.3783783783783784,7.0,25.0,0.28,1.0,6.0,5.0,20.0,0.2,0.3,0
2026-04-26,823797,"Horwitz, Spencer",687462,1,0,682842,R,1.0,1.0,0,0,0,1,0.07142857142857142,0.2857142857142857,8.0,29.0,0.27586206896551724,1.0,7.0,6.0,23.0,0.16666666666666666,0.30434782608695654,0
2026-04-27,823395,"Horwitz, Spencer",687462,4,1,669160,R,6.0,1.0,0,1,0,4,0.3055555555555556,0.18518518518518517,5.0,26.0,0.19230769230769232,1.0,4.0,6.0,20.0,0.16666666666666666,0.2,0
2026-04-28,823390,"Horwitz, Spencer",687462,4,1,681517,R,6.0,1.0,0,1,1,3,0.26126126126126126,0.13513513513513514,6.0,24.0,0.25,1.0,5.0,5.0,19.0,0.2,0.2631578947368421,0
2026-04-29,823392,"Horwitz, Spencer",687462,4,1,669467,R,5.0,1.0,0,1,0,4,0.19298245614035087,0.17543859649122806,6.0,26.0,0.23076923076923078,1.0,5.0,5.0,21.0,0.2,0.23809523809523808,0
2026-04-30,823391,"Horwitz, Spencer",687462,4,0,690928,R,2.0,1.0,0,0,0,4,,,5.0,26.0,0.19230769230769232,1.0,4.0,4.0,22.0,0.25,0.18181818181818182,0
2026-05-01,823389,"Horwitz, Spencer",687462,5,0,663903,R,6.0,1.0,0,0,0,5,0.30434782608695654,0.12173913043478261,5.0,26.0,0.19230769230769232,1.0,4.0,4.0,22.0,0.25,0.18181818181818182,0
2026-05-02,823388,"Horwitz, Spencer",687462,6,2,594580,L,1.0,1.0,1,1,2,4,0.23529411764705882,0.23529411764705882,4.0,27.0,0.14814814814814814,0.0,4.0,2.0,25.0,0.0,0.16,1
2026-05-03,823387,"Horwitz, Spencer",687462,3,0,695505,R,5.0,1.0,0,0,0,3,0.211864406779661,0.2711864406779661,5.0,28.0,0.17857142857142858,1.0,4.0,3.0,25.0,0.3333333333333333,0.16,0
2026-05-06,825091,"Horwitz, Spencer",687462,4,1,647336,R,6.0,3.0,0,1,0,4,0.26495726495726496,0.2222222222222222,5.0,30.0,0.16666666666666666,1.0,4.0,3.0,27.0,0.3333333333333333,0.14814814814814814,0
2026-05-07,825090,"Horwitz, Spencer",687462,4,1,668678,R,6.0,1.0,0,1,0,4,0.297029702970297,0.15841584158415842,5.0,30.0,0.16666666666666666,1.0,4.0,3.0,27.0,0.3333333333333333,0.14814814814814814,0
2026-05-08,823225,"Horwitz, Spencer",687462,1,1,668873,R,4.0,1.0,0,1,0,1,0.23076923076923078,0.15384615384615385,5.0,30.0,0.16666666666666666,1.0,4.0,2.0,28.0,0.5,0.14285714285714285,0
2026-05-09,823224,"Horwitz, Spencer",687462,5,1,694738,R,7.0,1.0,0,1,0,5,0.14655172413793102,0.25,5.0,27.0,0.18518518518518517,1.0,4.0,2.0,25.0,0.5,0.16,0
2026-05-10,823221,"Horwitz, Spencer",687462,6,2,641816,R,7.0,1.0,0,2,1,5,0.2033898305084746,0.211864406779661,6.0,28.0,0.21428571428571427,1.0,5.0,2.0,26.0,0.5,0.19230769230769232,0
2026-05-12,823385,"Horwitz, Spencer",687462,4,2,547179,R,6.0,2.0,0,2,0,4,0.3130434782608696,0.1391304347826087,8.0,29.0,0.27586206896551724,1.0,7.0,3.0,26.0,0.3333333333333333,0.2692307692307692,0
2026-05-13,823386,"Horwitz, Spencer",687462,2,0,622608,R,6.0,1.0,0,0,1,1,0.15789473684210525,0.13157894736842105,8.0,27.0,0.2962962962962963,0.0,8.0,1.0,26.0,0.0,0.3076923076923077,0
2026-05-14,823383,"Horwitz, Spencer",687462,4,1,685299,R,5.0,1.0,0,1,1,3,0.2702702702702703,0.2702702702702703,8.0,26.0,0.3076923076923077,0.0,8.0,2.0,24.0,0.0,0.3333333333333333,0
2026-05-15,823384,"Horwitz, Spencer",687462,4,2,605400,R,6.0,1.0,0,2,0,4,0.2807017543859649,0.21929824561403508,8.0,26.0,0.3076923076923077,0.0,8.0,3.0,23.0,0.0,0.34782608695652173,0
2026-05-17,823381,"Horwitz, Spencer",687462,4,1,554430,R,5.0,2.0,0,1,1,3,,,9.0,26.0,0.34615384615384615,0.0,9.0,3.0,23.0,0.0,0.391304347826087,0
2026-05-19,823059,"Horwitz, Spencer",687462,1,1,676617,R,4.0,2.0,0,1,0,1,0.16666666666666666,0.3333333333333333,9.0,29.0,0.3103448275862069,0.0,9.0,4.0,25.0,0.0,0.36,0
2026-05-20,823057,"Horwitz, Spencer",687462,5,1,700241,R,6.0,1.0,0,1,1,4,0.1743119266055046,0.22018348623853212,9.0,25.0,0.36,0.0,9.0,4.0,21.0,0.0,0.42857142857142855,0
2026-05-21,823056,"Horwitz, Spencer",687462,4,1,669160,R,6.0,1.0,0,1,1,3,0.22131147540983606,0.16393442622950818,8.0,24.0,0.3333333333333333,0.0,8.0,4.0,20.0,0.0,0.4,0
2026-05-22,822816,"Horwitz, Spencer",687462,3,0,592332,R,5.0,1.0,0,0,0,3,0.2542372881355932,0.15254237288135594,7.0,24.0,0.2916666666666667,0.0,7.0,5.0,19.0,0.0,0.3684210526315789,0
2026-05-23,822814,"Horwitz, Spencer",687462,4,1,571578,L,5.0,1.0,1,0,4,0,0.29357798165137616,0.11926605504587157,7.0,25.0,0.28,0.0,7.0,4.0,21.0,0.0,0.3333333333333333,1
2026-05-24,822813,"Horwitz, Spencer",687462,5,1,656302,R,5.0,1.0,0,1,0,5,0.20155038759689922,0.31007751937984496,7.0,25.0,0.28,1.0,6.0,7.0,18.0,0.14285714285714285,0.3333333333333333,0
2026-05-25,823380,"Horwitz, Spencer",687462,4,2,676962,R,6.0,1.0,0,2,0,4,0.140625,0.28125,6.0,26.0,0.23076923076923078,1.0,5.0,7.0,19.0,0.14285714285714285,0.2631578947368421,0
2026-05-26,823379,"Horwitz, Spencer",687462,4,2,696136,L,3.0,1.0,1,1,3,1,,,7.0,26.0,0.2692307692307692,1.0,6.0,6.0,20.0,0.16666666666666666,0.3,1
2026-05-27,823376,"Horwitz, Spencer",687462,4,1,592791,R,5.0,1.0,0,1,0,4,0.23931623931623933,0.18803418803418803,8.0,29.0,0.27586206896551724,2.0,6.0,9.0,20.0,0.2222222222222222,0.3,0
2026-05-28,823378,"Horwitz, Spencer",687462,5,0,607067,R,5.0,1.0,0,0,1,4,0.26495726495726496,0.17094017094017094,8.0,28.0,0.2857142857142857,2.0,6.0,8.0,20.0,0.25,0.3,0
2026-05-29,823377,"Horwitz, Spencer",687462,5,2,671737,R,6.0,1.0,1,1,1,4,0.18548387096774194,0.24193548387096775,7.0,29.0,0.2413793103448276,2.0,5.0,8.0,21.0,0.25,0.23809523809523808,0
2026-05-30,823375,"Horwitz, Spencer",687462,5,2,641927,R,6.0,1.0,0,2,1,4,0.2066115702479339,0.1322314049586777,9.0,31.0,0.2903225806451613,3.0,6.0,9.0,22.0,0.3333333333333333,0.2727272727272727,0
2026-05-31,823373,"Horwitz, Spencer",687462,5,1,805673,R,6.0,1.0,0,1,0,5,,,10.0,32.0,0.3125,2.0,8.0,6.0,26.0,0.3333333333333333,0.3076923076923077,0
2026-06-02,824189,"Horwitz, Spencer",687462,5,0,681347,R,6.0,2.0,0,0,0,5,0.22727272727272727,0.1590909090909091,10.0,32.0,0.3125,2.0,8.0,6.0,26.0,0.3333333333333333,0.3076923076923077,0
2026-06-03,824188,"Horwitz, Spencer",687462,5,3,681293,R,6.0,1.0,1,2,1,4,0.1322314049586777,0.18181818181818182,8.0,33.0,0.24242424242424243,2.0,6.0,6.0,27.0,0.3333333333333333,0.2222222222222222,0
2026-06-04,824185,"Horwitz, Spencer",687462,5,0,678906,R,6.0,1.0,0,0,1,4,0.14942528735632185,0.26436781609195403,9.0,34.0,0.2647058823529412,2.0,7.0,4.0,30.0,0.5,0.23333333333333334,0
2026-06-05,824914,"Horwitz, Spencer",687462,3,0,527048,L,6.0,1.0,0,0,3,0,0.19718309859154928,0.2535211267605634,8.0,35.0,0.22857142857142856,2.0,6.0,5.0,30.0,0.4,0.2,1
2026-06-06,824915,"Horwitz, Spencer",687462,5,1,675911,R,6.0,1.0,0,1,1,4,0.16666666666666666,0.3148148148148148,8.0,33.0,0.24242424242424243,2.0,6.0,7.0,26.0,0.2857142857142857,0.23076923076923078,0
2026-06-07,824916,"Horwitz, Spencer",687462,4,2,693821,R,5.0,1.0,0,2,0,4,0.224,0.176,7.0,33.0,0.21212121212121213,1.0,6.0,7.0,26.0,0.14285714285714285,0.23076923076923078,0
2026-06-10,823372,"Horwitz, Spencer",687462,5,2,660271,R,7.0,3.0,1,1,1,4,0.11403508771929824,0.2894736842105263,7.0,32.0,0.21875,1.0,6.0,6.0,26.0,0.16666666666666666,0.23076923076923078,0
2026-06-11,823371,"Horwitz, Spencer",687462,5,2,680736,L,7.0,1.0,1,1,4,1,0.22137404580152673,0.22137404580152673,8.0,32.0,0.25,2.0,6.0,7.0,25.0,0.2857142857142857,0.24,1
2026-06-12,823370,"Horwitz, Spencer",687462,4,0,645261,R,5.0,1.0,0,0,0,4,0.2857142857142857,0.17293233082706766,10.0,32.0,0.3125,3.0,7.0,11.0,21.0,0.2727272727272727,0.3333333333333333,0
2026-06-13,823369,"Horwitz, Spencer",687462,5,1,669622,R,2.0,1.0,1,0,2,3,0.1111111111111111,0.5,7.0,31.0,0.22580645161290322,2.0,5.0,10.0,21.0,0.2,0.23809523809523808,0
2026-06-14,823368,"Horwitz, Spencer",687462,5,0,676974,R,5.0,1.0,0,0,0,5,0.15447154471544716,0.2601626016260163,8.0,31.0,0.25806451612903225,3.0,5.0,11.0,20.0,0.2727272727272727,0.25,0
2026-06-15,824993,"Horwitz, Spencer",687462,5,1,669372,R,6.0,1.0,0,1,0,5,0.1391304347826087,0.26956521739130435,8.0,33.0,0.24242424242424243,3.0,5.0,8.0,25.0,0.375,0.2,0
2026-06-16,824991,"Horwitz, Spencer",687462,5,0,678022,R,6.0,1.0,0,0,1,4,0.2028985507246377,0.2753623188405797,8.0,33.0,0.24242424242424243,3.0,5.0,7.0,26.0,0.42857142857142855,0.19230769230769232,0
2026-06-17,824992,"Horwitz, Spencer",687462,6,2,650644,R,23.0,1.0,0,2,1,5,0.2894736842105263,0.13157894736842105,6.0,34.0,0.17647058823529413,3.0,3.0,8.0,26.0,0.375,0.11538461538461539,0
2026-06-19,824345,"Horwitz, Spencer",687462,4,0,607536,L,6.0,2.0,0,0,3,1,0.3305785123966942,0.1487603305785124,6.0,35.0,0.17142857142857143,2.0,4.0,8.0,27.0,0.25,0.14814814814814814,1
2026-06-20,824342,"Horwitz, Spencer",687462,4,2,608372,R,6.0,1.0,0,2,1,3,0.2627118644067797,0.13559322033898305,4.0,34.0,0.11764705882352941,1.0,3.0,7.0,27.0,0.14285714285714285,0.1111111111111111,0
2026-06-21,824343,"Horwitz, Spencer",687462,5,2,547179,R,6.0,1.0,0,2,0,5,0.2857142857142857,0.22857142857142856,6.0,34.0,0.17647058823529413,1.0,5.0,8.0,26.0,0.125,0.19230769230769232,0
2026-06-23,823365,"Horwitz, Spencer",687462,5,1,669923,R,6.0,2.0,0,1,1,4,0.31451612903225806,0.20967741935483872,7.0,34.0,0.20588235294117646,0.0,7.0,6.0,28.0,0.0,0.25,0
2026-06-24,823367,"Horwitz, Spencer",687462,2,0,693433,R,6.0,1.0,0,0,0,2,0.2231404958677686,0.2727272727272727,8.0,34.0,0.23529411764705882,0.0,8.0,7.0,27.0,0.0,0.2962962962962963,0
2026-08-02,824483,"Horwitz, Spencer",687462,4,0,695505,R,5.0,39.0,0,0,1,3,0.20869565217391303,0.22608695652173913,7.0,31.0,0.22580645161290322,0.0,7.0,7.0,24.0,0.0,0.2916666666666667,0
2026-08-03,823757,"Horwitz, Spencer",687462,4,1,687075,R,7.0,1.0,0,1,1,3,0.2,0.21904761904761905,7.0,30.0,0.23333333333333334,0.0,7.0,7.0,23.0,0.0,0.30434782608695654,0
2026-08-04,823756,"Horwitz, Spencer",687462,4,0,701656,R,7.0,1.0,0,0,0,4,0.15151515151515152,0.31313131313131315,6.0,28.0,0.21428571428571427,0.0,6.0,7.0,21.0,0.0,0.2857142857142857,0
2026-08-05,823753,"Horwitz, Spencer",687462,1,0,682842,R,1.0,1.0,0,0,0,1,0.2631578947368421,0.42105263157894735,6.0,28.0,0.21428571428571427,0.0,6.0,4.0,24.0,0.0,0.25,0
2026-08-06,823754,"Horwitz, Spencer",687462,4,1,669160,R,8.0,1.0,0,1,0,4,0.2037037037037037,0.25925925925925924,4.0,25.0,0.16,0.0,4.0,3.0,22.0,0.0,0.18181818181818182,0
2026-08-07,823349,"Horwitz, Spencer",687462,4,1,804267,L,6.0,1.0,0,1,2,2,0.19130434782608696,0.1826086956521739,3.0,24.0,0.125,0.0,3.0,3.0,21.0,0.0,0.14285714285714285,1
2026-08-08,823348,"Horwitz, Spencer",687462,5,0,476594,R,6.0,1.0,0,0,0,5,,,3.0,23.0,0.13043478260869565,0.0,3.0,4.0,19.0,0.0,0.15789473684210525,0
2026-08-11,823832,"Horwitz, Spencer",687462,4,0,691587,R,6.0,3.0,0,0,0,4,0.20967741935483872,0.25806451612903225,3.0,26.0,0.11538461538461539,0.0,3.0,4.0,22.0,0.0,0.13636363636363635,0
2026-08-12,823833,"Horwitz, Spencer",687462,4,0,676083,R,6.0,1.0,0,0,0,4,0.24210526315789474,0.2,3.0,26.0,0.11538461538461539,0.0,3.0,3.0,23.0,0.0,0.13043478260869565,0
2026-08-13,823829,"Horwitz, Spencer",687462,6,2,663969,R,6.0,1.0,0,2,2,4,0.25,0.17857142857142858,2.0,26.0,0.07692307692307693,0.0,2.0,2.0,24.0,0.0,0.08333333333333333,0
2026-08-15,823347,"Horwitz, Spencer",687462,4,0,543243,R,5.0,2.0,0,0,1,3,0.2421875,0.1953125,4.0,28.0,0.14285714285714285,0.0,4.0,4.0,24.0,0.0,0.16666666666666666,0
2026-08-18,823341,"Horwitz, Spencer",687462,4,1,672456,R,5.0,3.0,0,1,1,3,0.1896551724137931,0.13793103448275862,4.0,31.0,0.12903225806451613,0.0,4.0,5.0,26.0,0.0,0.15384615384615385,0
2026-08-19,823342,"Horwitz, Spencer",687462,5,0,695549,R,5.0,1.0,0,0,0,5,,,4.0,31.0,0.12903225806451613,0.0,4.0,6.0,25.0,0.0,0.16,0
2026-08-21,823911,"Horwitz, Spencer",687462,5,0,808967,R,7.0,2.0,0,0,0,5,0.15267175572519084,0.22900763358778625,3.0,32.0,0.09375,0.0,3.0,4.0,28.0,0.0,0.10714285714285714,0
2026-08-23,823909,"Horwitz, Spencer",687462,4,1,605483,L,6.0,2.0,1,0,3,1,,,3.0,32.0,0.09375,0.0,3.0,4.0,28.0,0.0,0.10714285714285714,1
2026-08-24,823260,"Horwitz, Spencer",687462,5,1,592662,L,6.0,1.0,1,0,4,1,0.19469026548672566,0.18584070796460178,4.0,32.0,0.125,1.0,3.0,7.0,25.0,0.14285714285714285,0.12,1
2026-08-25,823259,"Horwitz, Spencer",687462,4,1,650633,R,6.0,1.0,0,1,1,3,0.2184873949579832,0.21008403361344538,5.0,33.0,0.15151515151515152,2.0,3.0,11.0,22.0,0.18181818181818182,0.13636363636363635,0
2026-08-26,823255,"Horwitz, Spencer",687462,5,2,681190,R,5.0,1.0,1,1,2,3,0.1568627450980392,0.10784313725490197,4.0,31.0,0.12903225806451613,2.0,2.0,10.0,21.0,0.2,0.09523809523809523,0
2026-08-28,823013,"Horwitz, Spencer",687462,1,0,681676,R,3.0,2.0,0,0,0,1,0.27586206896551724,0.1724137931034483,6.0,32.0,0.1875,3.0,3.0,11.0,21.0,0.2727272727272727,0.14285714285714285,0
2026-08-29,823011,"Horwitz, Spencer",687462,5,0,802408,L,96.0,1.0,0,0,2,3,,,5.0,29.0,0.1724137931034483,3.0,2.0,10.0,19.0,0.3,0.10526315789473684,1
2026-08-30,823010,"Horwitz, Spencer",687462,4,0,669461,L,5.0,1.0,0,0,3,1,0.2336448598130841,0.29906542056074764,5.0,29.0,0.1724137931034483,3.0,2.0,12.0,17.0,0.25,0.11764705882352941,1
2026-09-01,823340,"Horwitz, Spencer",687462,6,2,702885,L,6.0,2.0,0,2,2,4,,,5.0,28.0,0.17857142857142858,3.0,2.0,15.0,13.0,0.2,0.15384615384615385,1
2026-09-02,823339,"Horwitz, Spencer",687462,5,1,694738,R,6.0,1.0,0,1,0,5,0.18181818181818182,0.15702479338842976,6.0,30.0,0.2,2.0,4.0,14.0,16.0,0.14285714285714285,0.25,0
2026-09-03,823337,"Horwitz, Spencer",687462,5,1,694918,R,6.0,1.0,0,1,1,4,0.21495327102803738,0.19626168224299065,6.0,30.0,0.2,1.0,5.0,10.0,20.0,0.1,0.25,0
2026-09-04,823338,"Horwitz, Spencer",687462,4,0,696270,R,6.0,1.0,0,0,1,3,0.13333333333333333,0.14285714285714285,6.0,31.0,0.1935483870967742,1.0,5.0,10.0,21.0,0.1,0.23809523809523808,0
2026-09-05,823335,"Horwitz, Spencer",687462,2,0,820862,R,1.0,1.0,0,0,0,2,0.23809523809523808,0.3333333333333333,4.0,30.0,0.13333333333333333,0.0,4.0,9.0,21.0,0.0,0.19047619047619047,0
2026-09-06,823336,"Horwitz, Spencer",687462,3,0,700712,R,6.0,1.0,0,0,0,3,0.18446601941747573,0.24271844660194175,4.0,31.0,0.12903225806451613,0.0,4.0,9.0,22.0,0.0,0.18181818181818182,0
2026-09-08,824551,"Horwitz, Spencer",687462,5,2,805326,L,3.0,2.0,1,1,2,3,0.2558139534883721,0.13953488372093023,4.0,29.0,0.13793103448275862,0.0,4.0,7.0,22.0,0.0,0.18181818181818182,1
2026-09-09,824549,"Horwitz, Spencer",687462,4,1,663436,R,7.0,1.0,1,0,1,3,0.26666666666666666,0.15555555555555556,6.0,30.0,0.2,1.0,5.0,6.0,24.0,0.16666666666666666,0.20833333333333334,0
2026-09-10,824550,"Horwitz, Spencer",687462,3,1,607200,R,6.0,1.0,1,0,1,2,0.18888888888888888,0.15555555555555556,5.0,28.0,0.17857142857142858,2.0,3.0,5.0,23.0,0.4,0.13043478260869565,0
2026-09-12,824630,"Horwitz, Spencer",687462,4,1,605280,R,6.0,2.0,0,1,1,3,0.1724137931034483,0.14655172413793102,5.0,26.0,0.19230769230769232,3.0,2.0,6.0,20.0,0.5,0.1,0
2026-09-15,823333,"Horwitz, Spencer",687462,2,0,694819,R,7.0,3.0,0,0,0,2,0.17543859649122806,0.2807017543859649,5.0,25.0,0.2,3.0,2.0,6.0,19.0,0.5,0.10526315789473684,0
2026-09-16,823332,"Horwitz, Spencer",687462,1,0,656730,R,1.0,1.0,0,0,0,1,0.3333333333333333,0.2857142857142857,5.0,23.0,0.21739130434782608,3.0,2.0,5.0,18.0,0.6,0.1111111111111111,0
2026-09-18,823331,"Horwitz, Spencer",687462,4,2,677976,R,6.0,2.0,1,1,1,3,0.23478260869565218,0.19130434782608696,5.0,22.0,0.22727272727272727,3.0,2.0,5.0,17.0,0.6,0.11764705882352941,0
2026-09-20,823329,"Horwitz, Spencer",687462,4,1,608379,R,5.0,2.0,0,1,0,4,0.15625,0.2265625,7.0,23.0,0.30434782608695654,4.0,3.0,6.0,17.0,0.6666666666666666,0.17647058823529413,0
2026-09-22,823328,"Horwitz, Spencer",687462,3,1,669467,R,7.0,2.0,0,1,1,2,0.25663716814159293,0.12389380530973451,6.0,22.0,0.2727272727272727,3.0,3.0,4.0,18.0,0.75,0.16666666666666666,0
2026-03-26,823649,"Gonzales, Nick",693304,4,2,642547,R,,,0,2,0,4,,,,,,,,,,,,0
2026-03-28,823651,"Gonzales, Nick",693304,6,2,656849,L,2.0,2.0,1,1,5,1,,,,,,,,,,,,1
2026-03-29,823647,"Gonzales, Nick",693304,5,0,690997,R,1.0,1.0,0,0,2,3,,,,,,,,,,,,0
2026-03-30,824539,"Gonzales, Nick",693304,4,1,695505,R,2.0,1.0,0,1,0,4,,,,,,,,,,,,0
2026-03-31,824537,"Gonzales, Nick",693304,4,2,682227,L,2.0,1.0,1,1,3,1,,,,,,,,,,,,1
2026-04-01,824536,"Gonzales, Nick",693304,5,2,671096,L,6.0,1.0,0,2,3,2,,,,,,,,,,,,1
2026-04-04,823404,"Gonzales, Nick",693304,4,0,669358,R,6.0,3.0,0,0,0,4,,,,,,,,,,,,0
2026-04-06,823401,"Gonzales, Nick",693304,4,1,608566,R,6.0,2.0,0,1,0,4,,,9.0,32.0,0.28125,2.0,7.0,13.0,19.0,0.15384615384615385,0.3684210526315789,0
2026-04-07,823402,"Gonzales, Nick",693304,4,1,601713,R,6.0,1.0,1,0,1,3,,,8.0,32.0,0.25,2.0,6.0,13.0,19.0,0.15384615384615385,0.3157894736842105,0
2026-04-08,823403,"Gonzales, Nick",693304,4,1,650633,R,5.0,1.0,0,1,0,4,,,7.0,30.0,0.23333333333333334,2.0,5.0,9.0,21.0,0.2222222222222222,0.23809523809523808,0
2026-04-10,824695,"Gonzales, Nick",693304,3,0,684007,L,5.0,2.0,0,0,3,0,,,8.0,29.0,0.27586206896551724,2.0,6.0,7.0,22.0,0.2857142857142857,0.2727272727272727,1
2026-04-11,824697,"Gonzales, Nick",693304,1,0,694037,R,6.0,1.0,0,0,0,1,,,7.0,28.0,0.25,2.0,5.0,10.0,18.0,0.2,0.2777777777777778,0
2026-04-13,823400,"Gonzales, Nick",693304,1,0,686894,R,,2.0,0,0,0,1,,,5.0,25.0,0.2,1.0,4.0,7.0,18.0,0.14285714285714285,0.2222222222222222,0
2026-04-14,823398,"Gonzales, Nick",693304,4,0,571945,R,6.0,1.0,0,0,1,3,,,3.0,21.0,0.14285714285714285,1.0,2.0,4.0,17.0,0.25,0.11764705882352941,0
2026-04-15,823399,"Gonzales, Nick",693304,4,1,663623,R,5.0,1.0,0,1,0,4,,,3.0,21.0,0.14285714285714285,1.0,2.0,5.0,16.0,0.2,0.125,0
2026-04-16,823396,"Gonzales, Nick",693304,4,2,656492,L,5.0,1.0,2,0,4,0,,,3.0,21.0,0.14285714285714285,1.0,2.0,5.0,16.0,0.2,0.125,1
2026-04-17,823397,"Gonzales, Nick",693304,4,0,607259,R,6.0,1.0,0,0,0,4,,,4.0,21.0,0.19047619047619047,2.0,2.0,8.0,13.0,0.25,0.15384615384615385,0
2026-04-18,823394,"Gonzales, Nick",693304,1,0,687330,R,2.0,1.0,0,0,0,1,0.10526315789473684,0.2631578947368421,3.0,21.0,0.14285714285714285,2.0,1.0,8.0,13.0,0.25,0.07692307692307693,0
2026-04-19,823393,"Gonzales, Nick",693304,4,2,663556,L,5.0,1.0,2,0,3,1,,,3.0,19.0,0.15789473684210525,2.0,1.0,5.0,14.0,0.4,0.07142857142857142,1
2026-04-21,822914,"Gonzales, Nick",693304,4,2,677958,R,6.0,2.0,0,2,0,4,,,5.0,22.0,0.22727272727272727,4.0,1.0,8.0,14.0,0.5,0.07142857142857142,0
2026-04-22,822913,"Gonzales, Nick",693304,4,1,683004,R,6.0,1.0,0,1,1,3,,,7.0,25.0,0.28,4.0,3.0,8.0,17.0,0.5,0.17647058823529413,0
2026-04-23,822912,"Gonzales, Nick",693304,4,2,594798,R,6.0,1.0,0,2,0,4,,,8.0,25.0,0.32,4.0,4.0,8.0,17.0,0.5,0.23529411764705882,0
2026-04-24,823800,"Gonzales, Nick",693304,4,1,605540,R,6.0,1.0,0,1,2,2,,,9.0,25.0,0.36,4.0,5.0,8.0,17.0,0.5,0.29411764705882354,0
2026-04-25,823799,"Gonzales, Nick",693304,5,3,694819,R,6.0,1.0,0,3,1,4,0.15315315315315314,0.3783783783783784,8.0,25.0,0.32,2.0,6.0,6.0,19.0,0.3333333333333333,0.3157894736842105,0
2026-04-26,823797,"Gonzales, Nick",693304,4,1,690986,L,5.0,1.0,0,1,3,1,,,11.0,26.0,0.4230769230769231,2.0,9.0,7.0,19.0,0.2857142857142857,0.47368421052631576,1
2026-04-27,823395,"Gonzales, Nick",693304,4,3,669160,R,6.0,1.0,0,3,0,4,0.3055555555555556,0.18518518518518517,12.0,29.0,0.41379310344827586,2.0,10.0,10.0,19.0,0.2,0.5263157894736842,0
2026-04-28,823390,"Gonzales, Nick",693304,4,2,681517,R,6.0,1.0,1,1,1,3,0.26126126126126126,0.13513513513513514,13.0,29.0,0.4482758620689655,0.0,13.0,7.0,22.0,0.0,0.5909090909090909,0
2026-04-29,823392,"Gonzales, Nick",693304,5,1,669467,R,5.0,1.0,0,1,0,5,0.19298245614035087,0.17543859649122806,13.0,29.0,0.4482758620689655,1.0,12.0,8.0,21.0,0.125,0.5714285714285714,0
2026-04-30,823391,"Gonzales, Nick",693304,4,0,690928,R,2.0,1.0,0,0,0,4,,,13.0,30.0,0.43333333333333335,1.0,12.0,7.0,23.0,0.14285714285714285,0.5217391304347826,0
2026-05-01,823389,"Gonzales, Nick",693304,5,3,663903,R,6.0,1.0,0,3,0,5,0.30434782608695654,0.12173913043478261,11.0,30.0,0.36666666666666664,1.0,10.0,7.0,23.0,0.14285714285714285,0.43478260869565216,0
2026-05-02,823388,"Gonzales, Nick",693304,6,2,656271,L,4.0,1.0,1,1,2,4,0.1,0.3,13.0,31.0,0.41935483870967744,1.0,12.0,5.0,26.0,0.2,0.46153846153846156,1
2026-05-03,823387,"Gonzales, Nick",693304,3,0,695505,R,5.0,1.0,0,0,0,3,0.211864406779661,0.2711864406779661,12.0,32.0,0.375,2.0,10.0,6.0,26.0,0.3333333333333333,0.38461538461538464,0
2026-05-05,825092,"Gonzales, Nick",693304,4,0,593958,L,6.0,2.0,0,0,3,1,0.21138211382113822,0.13821138211382114,11.0,31.0,0.3548387096774194,2.0,9.0,3.0,28.0,0.6666666666666666,0.32142857142857145,1
2026-05-06,825091,"Gonzales, Nick",693304,4,0,647336,R,6.0,1.0,0,0,0,4,0.26495726495726496,0.2222222222222222,8.0,31.0,0.25806451612903225,2.0,6.0,6.0,25.0,0.3333333333333333,0.24,0
2026-05-08,823225,"Gonzales, Nick",693304,4,0,592662,L,7.0,2.0,0,0,4,0,0.17391304347826086,0.25217391304347825,6.0,31.0,0.1935483870967742,1.0,5.0,5.0,26.0,0.2,0.19230769230769232,1
2026-05-09,823224,"Gonzales, Nick",693304,6,4,694738,R,7.0,1.0,0,4,0,6,0.14655172413793102,0.25,5.0,30.0,0.16666666666666666,1.0,4.0,9.0,21.0,0.1111111111111111,0.19047619047619047,0
2026-05-10,823221,"Gonzales, Nick",693304,6,1,641816,R,7.0,1.0,0,1,2,4,0.2033898305084746,0.211864406779661,9.0,32.0,0.28125,1.0,8.0,9.0,23.0,0.1111111111111111,0.34782608695652173,0
2026-05-12,823385,"Gonzales, Nick",693304,4,2,547179,R,6.0,2.0,0,2,0,4,0.3130434782608696,0.1391304347826087,7.0,33.0,0.21212121212121213,1.0,6.0,11.0,22.0,0.09090909090909091,0.2727272727272727,0
2026-05-13,823386,"Gonzales, Nick",693304,4,0,500779,L,6.0,1.0,0,0,3,1,0.21296296296296297,0.1111111111111111,7.0,31.0,0.22580645161290322,0.0,7.0,9.0,22.0,0.0,0.3181818181818182,1
2026-05-15,823384,"Gonzales, Nick",693304,1,0,689147,R,2.0,2.0,0,0,0,1,0.21428571428571427,0.14285714285714285,7.0,32.0,0.21875,0.0,7.0,12.0,20.0,0.0,0.35,0
2026-05-16,823382,"Gonzales, Nick",693304,3,2,650911,L,6.0,1.0,2,0,3,0,0.23404255319148937,0.2553191489361702,7.0,29.0,0.2413793103448276,0.0,7.0,9.0,20.0,0.0,0.35,1
2026-05-17,823381,"Gonzales, Nick",693304,4,1,554430,R,5.0,1.0,0,1,1,3,,,9.0,28.0,0.32142857142857145,2.0,7.0,12.0,16.0,0.16666666666666666,0.4375,0
2026-05-19,823059,"Gonzales, Nick",693304,6,1,669461,L,6.0,2.0,0,1,3,3,0.2545454545454545,0.2,10.0,28.0,0.35714285714285715,2.0,8.0,9.0,19.0,0.2222222222222222,0.42105263157894735,1
2026-05-20,823057,"Gonzales, Nick",693304,5,2,700241,R,6.0,1.0,0,2,1,4,0.1743119266055046,0.22018348623853212,7.0,28.0,0.25,2.0,5.0,12.0,16.0,0.16666666666666666,0.3125,0
2026-05-22,822816,"Gonzales, Nick",693304,4,2,592332,R,5.0,2.0,1,1,1,3,0.2542372881355932,0.15254237288135594,8.0,27.0,0.2962962962962963,2.0,6.0,11.0,16.0,0.18181818181818182,0.375,0
2026-05-23,822814,"Gonzales, Nick",693304,4,0,571578,L,5.0,1.0,0,0,3,1,0.29357798165137616,0.11926605504587157,8.0,27.0,0.2962962962962963,3.0,5.0,12.0,15.0,0.25,0.3333333333333333,1
2026-05-24,822813,"Gonzales, Nick",693304,4,0,656302,R,5.0,1.0,0,0,1,3,0.20155038759689922,0.31007751937984496,8.0,27.0,0.2962962962962963,3.0,5.0,12.0,15.0,0.25,0.3333333333333333,0
2026-05-25,823380,"Gonzales, Nick",693304,4,0,676962,R,6.0,1.0,0,0,0,4,0.140625,0.28125,8.0,30.0,0.26666666666666666,3.0,5.0,13.0,17.0,0.23076923076923078,0.29411764705882354,0
2026-05-26,823379,"Gonzales, Nick",693304,5,2,696136,L,3.0,1.0,2,0,5,0,,,6.0,31.0,0.1935483870967742,1.0,5.0,10.0,21.0,0.1,0.23809523809523808,1
2026-05-27,823376,"Gonzales, Nick",693304,4,0,592791,R,5.0,1.0,0,0,1,3,0.23931623931623933,0.18803418803418803,7.0,32.0,0.21875,3.0,4.0,14.0,18.0,0.21428571428571427,0.2222222222222222,0
2026-05-28,823378,"Gonzales, Nick",693304,1,0,607067,R,5.0,1.0,0,0,0,1,0.26495726495726496,0.17094017094017094,6.0,30.0,0.2,3.0,3.0,12.0,18.0,0.25,0.16666666666666666,0
2026-05-29,823377,"Gonzales, Nick",693304,4,1,671737,R,6.0,1.0,0,1,1,3,0.18548387096774194,0.24193548387096775,4.0,26.0,0.15384615384615385,3.0,1.0,11.0,15.0,0.2727272727272727,0.06666666666666667,0
2026-05-30,823375,"Gonzales, Nick",693304,5,3,641927,R,6.0,1.0,1,2,1,4,0.2066115702479339,0.1322314049586777,3.0,26.0,0.11538461538461539,2.0,1.0,11.0,15.0,0.18181818181818182,0.06666666666666667,0
2026-05-31,823373,"Gonzales, Nick",693304,4,1,805673,R,6.0,1.0,0,1,0,4,,,6.0,27.0,0.2222222222222222,3.0,3.0,9.0,18.0,0.3333333333333333,0.16666666666666666,0
2026-06-02,824189,"Gonzales, Nick",693304,5,3,681347,R,6.0,2.0,0,3,1,4,0.22727272727272727,0.1590909090909091,7.0,27.0,0.25925925925925924,3.0,4.0,8.0,19.0,0.375,0.21052631578947367,0
2026-06-03,824188,"Gonzales, Nick",693304,5,2,681293,R,6.0,1.0,0,2,0,5,0.1322314049586777,0.18181818181818182,10.0,28.0,0.35714285714285715,3.0,7.0,9.0,19.0,0.3333333333333333,0.3684210526315789,0
2026-06-04,824185,"Gonzales, Nick",693304,4,1,678906,R,6.0,1.0,0,1,0,4,0.14942528735632185,0.26436781609195403,10.0,28.0,0.35714285714285715,1.0,9.0,4.0,24.0,0.25,0.375,0
2026-06-05,824914,"Gonzales, Nick",693304,4,1,527048,L,6.0,1.0,1,0,3,1,0.19718309859154928,0.2535211267605634,11.0,28.0,0.39285714285714285,1.0,10.0,3.0,25.0,0.3333333333333333,0.4,1
2026-06-06,824915,"Gonzales, Nick",693304,4,2,675911,R,6.0,1.0,0,2,1,3,0.16666666666666666,0.3148148148148148,12.0,31.0,0.3870967741935484,2.0,10.0,6.0,25.0,0.3333333333333333,0.4,0
2026-06-07,824916,"Gonzales, Nick",693304,4,0,693821,R,5.0,1.0,0,0,0,4,0.224,0.176,13.0,31.0,0.41935483870967744,2.0,11.0,6.0,25.0,0.3333333333333333,0.44,0
2026-06-09,823374,"Gonzales, Nick",693304,4,0,641778,L,7.0,2.0,0,0,3,1,0.2376237623762376,0.1188118811881188,10.0,30.0,0.3333333333333333,1.0,9.0,5.0,25.0,0.2,0.36,1
2026-06-10,823372,"Gonzales, Nick",693304,4,0,660271,R,7.0,1.0,0,0,0,4,0.11403508771929824,0.2894736842105263,9.0,30.0,0.3,1.0,8.0,8.0,22.0,0.125,0.36363636363636365,0
2026-06-11,823371,"Gonzales, Nick",693304,5,2,680736,L,7.0,1.0,1,1,3,2,0.22137404580152673,0.22137404580152673,6.0,29.0,0.20689655172413793,1.0,5.0,7.0,22.0,0.14285714285714285,0.22727272727272727,1
2026-06-12,823370,"Gonzales, Nick",693304,4,1,645261,R,5.0,1.0,1,0,1,3,0.2857142857142857,0.17293233082706766,6.0,29.0,0.20689655172413793,2.0,4.0,10.0,19.0,0.2,0.21052631578947367,0
2026-06-13,823369,"Gonzales, Nick",693304,4,0,669199,R,3.0,1.0,0,0,1,3,0.16279069767441862,0.32558139534883723,6.0,29.0,0.20689655172413793,3.0,3.0,11.0,18.0,0.2727272727272727,0.16666666666666666,0
2026-06-14,823368,"Gonzales, Nick",693304,4,2,676974,R,5.0,1.0,0,2,0,4,0.15447154471544716,0.2601626016260163,5.0,29.0,0.1724137931034483,2.0,3.0,9.0,20.0,0.2222222222222222,0.15,0
2026-06-15,824993,"Gonzales, Nick",693304,4,0,669372,R,6.0,1.0,0,0,0,4,0.1391304347826087,0.26956521739130435,5.0,29.0,0.1724137931034483,2.0,3.0,8.0,21.0,0.25,0.14285714285714285,0
2026-06-16,824991,"Gonzales, Nick",693304,4,0,678022,R,6.0,1.0,0,0,1,3,0.2028985507246377,0.2753623188405797,5.0,29.0,0.1724137931034483,2.0,3.0,8.0,21.0,0.25,0.14285714285714285,0
2026-06-17,824992,"Gonzales, Nick",693304,5,2,650644,R,23.0,1.0,1,1,1,4,0.2894736842105263,0.13157894736842105,5.0,29.0,0.1724137931034483,2.0,3.0,6.0,23.0,0.3333333333333333,0.13043478260869565,0
2026-06-19,824345,"Gonzales, Nick",693304,4,1,607536,L,6.0,2.0,0,1,3,1,0.3305785123966942,0.1487603305785124,7.0,30.0,0.23333333333333334,3.0,4.0,7.0,23.0,0.42857142857142855,0.17391304347826086,1
2026-06-20,824342,"Gonzales, Nick",693304,4,0,608372,R,6.0,1.0,0,0,0,4,0.2627118644067797,0.13559322033898305,6.0,29.0,0.20689655172413793,2.0,4.0,7.0,22.0,0.2857142857142857,0.18181818181818182,0
2026-06-21,824343,"Gonzales, Nick",693304,4,2,547179,R,6.0,1.0,0,2,0,4,0.2857142857142857,0.22857142857142856,5.0,29.0,0.1724137931034483,1.0,4.0,6.0,23.0,0.16666666666666666,0.17391304347826086,0
2026-06-23,823365,"Gonzales, Nick",693304,4,2,669923,R,6.0,2.0,0,2,0,4,0.31451612903225806,0.20967741935483872,7.0,29.0,0.2413793103448276,1.0,6.0,5.0,24.0,0.2,0.25,0
2026-06-24,823367,"Gonzales, Nick",693304,5,2,693433,R,6.0,1.0,0,2,0,5,0.2231404958677686,0.2727272727272727,7.0,29.0,0.2413793103448276,1.0,6.0,5.0,24.0,0.2,0.25,0
2026-06-25,823366,"Gonzales, Nick",693304,4,1,682243,R,6.0,1.0,0,1,0,4,0.14432989690721648,0.3402061855670103,9.0,30.0,0.3,1.0,8.0,5.0,25.0,0.2,0.32,0
2026-06-26,823363,"Gonzales, Nick",693304,2,0,572955,R,3.0,1.0,0,0,0,2,0.1111111111111111,0.2777777777777778,10.0,30.0,0.3333333333333333,1.0,9.0,4.0,26.0,0.25,0.34615384615384615,0
2026-06-27,823364,"Gonzales, Nick",693304,5,1,695505,R,6.0,1.0,0,1,1,4,0.20353982300884957,0.336283185840708,8.0,27.0,0.2962962962962963,0.0,8.0,3.0,24.0,0.0,0.3333333333333333,0
2026-06-28,823362,"Gonzales, Nick",693304,5,1,663903,R,6.0,1.0,0,1,0,5,0.168141592920354,0.22123893805309736,8.0,28.0,0.2857142857142857,0.0,8.0,1.0,27.0,0.0,0.2962962962962963,0
2026-06-29,823444,"Gonzales, Nick",693304,2,0,663767,R,1.0,1.0,0,0,1,1,0.36363636363636365,0.2727272727272727,9.0,29.0,0.3103448275862069,0.0,9.0,1.0,28.0,0.0,0.32142857142857145,0
2026-06-30,823445,"Gonzales, Nick",693304,4,1,650911,L,5.0,1.0,1,0,3,1,0.2222222222222222,0.25396825396825395,7.0,27.0,0.25925925925925924,0.0,7.0,2.0,25.0,0.0,0.28,1
2026-07-01,823446,"Gonzales, Nick",693304,5,3,554430,R,5.0,1.0,0,3,0,5,0.15,0.2833333333333333,6.0,27.0,0.2222222222222222,1.0,5.0,5.0,22.0,0.2,0.22727272727272727,0
2026-07-02,823442,"Gonzales, Nick",693304,5,3,660604,R,5.0,1.0,2,1,2,3,,,7.0,27.0,0.25925925925925924,1.0,6.0,5.0,22.0,0.2,0.2727272727272727,0
2026-07-03,822714,"Gonzales, Nick",693304,5,1,656492,L,6.0,1.0,0,1,2,3,0.175,0.275,9.0,28.0,0.32142857142857145,3.0,6.0,7.0,21.0,0.42857142857142855,0.2857142857142857,1
2026-07-04,822716,"Gonzales, Nick",693304,4,2,641793,R,6.0,1.0,1,1,1,3,0.23595505617977527,0.15730337078651685,10.0,31.0,0.3225806451612903,3.0,7.0,9.0,22.0,0.3333333333333333,0.3181818181818182,0
2026-07-05,822715,"Gonzales, Nick",693304,5,3,676917,R,5.0,1.0,1,2,1,4,0.2169811320754717,0.2641509433962264,11.0,30.0,0.36666666666666664,4.0,7.0,9.0,21.0,0.4444444444444444,0.3333333333333333,0
2026-07-07,823361,"Gonzales, Nick",693304,5,2,694462,R,5.0,2.0,0,2,2,3,,,13.0,30.0,0.43333333333333335,5.0,8.0,10.0,20.0,0.5,0.4,0
2026-07-08,823360,"Gonzales, Nick",693304,4,0,656550,R,5.0,1.0,0,0,0,4,0.19540229885057472,0.16091954022988506,15.0,33.0,0.45454545454545453,5.0,10.0,11.0,22.0,0.45454545454545453,0.45454545454545453,0
2026-07-09,823359,"Gonzales, Nick",693304,4,0,693821,R,12.0,1.0,0,0,0,4,0.28688524590163933,0.18032786885245902,14.0,33.0,0.42424242424242425,4.0,10.0,8.0,25.0,0.5,0.4,0
2026-07-11,823356,"Gonzales, Nick",693304,4,0,675660,L,5.0,0.0,0,0,3,1,0.24778761061946902,0.21238938053097345,11.0,32.0,0.34375,4.0,7.0,8.0,24.0,0.5,0.2916666666666667,1
2026-07-11,823357,"Gonzales, Nick",693304,4,1,687075,R,6.0,2.0,0,1,1,3,0.16494845360824742,0.30927835051546393,8.0,31.0,0.25806451612903225,2.0,6.0,9.0,22.0,0.2222222222222222,0.2727272727272727,0
2026-07-12,823358,"Gonzales, Nick",693304,5,2,688107,L,5.0,1.0,0,2,2,3,0.2066115702479339,0.23140495867768596,8.0,30.0,0.26666666666666666,2.0,6.0,8.0,22.0,0.25,0.2727272727272727,1
2026-07-18,824412,"Gonzales, Nick",693304,4,1,671106,L,54.0,0.0,1,0,2,2,,,8.0,31.0,0.25806451612903225,1.0,7.0,9.0,22.0,0.1111111111111111,0.3181818181818182,1
2026-07-18,824414,"Gonzales, Nick",693304,4,2,668909,R,9.0,6.0,0,2,0,4,0.22608695652173913,0.30434782608695654,6.0,30.0,0.2,1.0,5.0,10.0,20.0,0.1,0.25,0
2026-07-19,824411,"Gonzales, Nick",693304,5,2,676282,L,7.0,1.0,2,0,4,1,0.17796610169491525,0.3220338983050847,6.0,29.0,0.20689655172413793,1.0,5.0,8.0,21.0,0.125,0.23809523809523808,1
2026-07-20,823522,"Gonzales, Nick",693304,5,1,677960,L,10.0,1.0,1,0,3,2,0.2692307692307692,0.25961538461538464,8.0,30.0,0.26666666666666666,3.0,5.0,12.0,18.0,0.25,0.2777777777777778,1
2026-07-22,823518,"Gonzales, Nick",693304,4,2,543037,R,5.0,2.0,0,2,0,4,0.2711864406779661,0.2627118644067797,9.0,31.0,0.2903225806451613,4.0,5.0,15.0,16.0,0.26666666666666666,0.3125,0
2026-07-22,823519,"Gonzales, Nick",693304,4,2,608331,L,70.0,0.0,1,1,2,2,0.21238938053097345,0.23893805309734514,11.0,31.0,0.3548387096774194,4.0,7.0,12.0,19.0,0.3333333333333333,0.3684210526315789,1
2026-07-24,823352,"Gonzales, Nick",693304,5,1,571510,L,6.0,2.0,1,0,4,1,0.20512820512820512,0.17094017094017094,12.0,31.0,0.3870967741935484,5.0,7.0,13.0,18.0,0.38461538461538464,0.3888888888888889,1
2026-07-25,823355,"Gonzales, Nick",693304,4,1,684007,L,6.0,1.0,1,0,3,1,0.2608695652173913,0.21739130434782608,11.0,31.0,0.3548387096774194,6.0,5.0,15.0,16.0,0.4,0.3125,1
2026-07-26,823354,"Gonzales, Nick",693304,4,2,592791,R,6.0,1.0,1,1,1,3,0.26804123711340205,0.23711340206185566,11.0,31.0,0.3548387096774194,6.0,5.0,16.0,15.0,0.375,0.3333333333333333,0
2026-07-27,823353,"Gonzales, Nick",693304,4,2,518876,R,5.0,1.0,0,2,0,4,0.23931623931623933,0.1794871794871795,11.0,31.0,0.3548387096774194,7.0,4.0,17.0,14.0,0.4117647058823529,0.2857142857142857,0
2026-07-28,823350,"Gonzales, Nick",693304,6,2,694297,R,5.0,1.0,0,2,0,6,0.23853211009174313,0.12844036697247707,11.0,30.0,0.36666666666666664,5.0,6.0,13.0,17.0,0.38461538461538464,0.35294117647058826,0
2026-07-29,823351,"Gonzales, Nick",693304,4,1,593958,L,5.0,1.0,1,0,4,0,0.2627118644067797,0.13559322033898305,12.0,31.0,0.3870967741935484,4.0,8.0,10.0,21.0,0.4,0.38095238095238093,1
2026-07-30,824488,"Gonzales, Nick",693304,4,2,695076,R,6.0,1.0,0,2,1,3,0.25,0.1323529411764706,11.0,31.0,0.3548387096774194,5.0,6.0,14.0,17.0,0.35714285714285715,0.35294117647058826,0
2026-07-31,824486,"Gonzales, Nick",693304,5,2,668881,R,6.0,1.0,1,1,1,4,,,11.0,31.0,0.3548387096774194,4.0,7.0,13.0,18.0,0.3076923076923077,0.3888888888888889,0
2026-08-01,824485,"Gonzales, Nick",693304,4,0,671096,L,6.0,1.0,0,0,4,0,0.1826086956521739,0.20869565217391303,12.0,31.0,0.3870967741935484,4.0,8.0,10.0,21.0,0.4,0.38095238095238093,1
2026-08-02,824483,"Gonzales, Nick",693304,4,0,695505,R,5.0,1.0,0,0,1,3,0.20869565217391303,0.22608695652173913,11.0,31.0,0.3548387096774194,3.0,8.0,11.0,20.0,0.2727272727272727,0.4,0
2026-08-03,823757,"Gonzales, Nick",693304,4,0,687075,R,7.0,1.0,0,0,1,3,0.2,0.21904761904761905,9.0,31.0,0.2903225806451613,2.0,7.0,11.0,20.0,0.18181818181818182,0.35,0
2026-08-04,823756,"Gonzales, Nick",693304,4,0,701656,R,7.0,1.0,0,0,0,4,0.15151515151515152,0.31313131313131315,7.0,31.0,0.22580645161290322,2.0,5.0,12.0,19.0,0.16666666666666666,0.2631578947368421,0
2026-08-05,823753,"Gonzales, Nick",693304,3,1,690986,L,28.0,1.0,1,0,3,0,0.2,0.25263157894736843,5.0,29.0,0.1724137931034483,2.0,3.0,12.0,17.0,0.16666666666666666,0.17647058823529413,1
2026-08-06,823754,"Gonzales, Nick",693304,4,2,669160,R,8.0,1.0,1,1,1,3,0.2037037037037037,0.25925925925925924,5.0,28.0,0.17857142857142858,2.0,3.0,11.0,17.0,0.18181818181818182,0.17647058823529413,0
2026-08-07,823349,"Gonzales, Nick",693304,4,2,804267,L,6.0,1.0,1,1,2,2,0.19130434782608696,0.1826086956521739,5.0,28.0,0.17857142857142858,3.0,2.0,11.0,17.0,0.2727272727272727,0.11764705882352941,1
2026-08-08,823348,"Gonzales, Nick",693304,5,1,476594,R,6.0,1.0,0,1,0,5,,,5.0,27.0,0.18518518518518517,3.0,2.0,12.0,15.0,0.25,0.13333333333333333,0
2026-08-09,823345,"Gonzales, Nick",693304,4,0,640455,L,5.0,1.0,0,0,3,1,0.2440944881889764,0.2125984251968504,6.0,28.0,0.21428571428571427,3.0,3.0,8.0,20.0,0.375,0.15,1
2026-08-11,823832,"Gonzales, Nick",693304,3,0,691587,R,6.0,2.0,0,0,0,3,0.20967741935483872,0.25806451612903225,6.0,28.0,0.21428571428571427,3.0,3.0,10.0,18.0,0.3,0.16666666666666666,0
2026-08-12,823833,"Gonzales, Nick",693304,4,2,676083,R,6.0,1.0,0,2,0,4,0.24210526315789474,0.2,6.0,27.0,0.2222222222222222,3.0,3.0,9.0,18.0,0.3333333333333333,0.16666666666666666,0
2026-08-13,823829,"Gonzales, Nick",693304,5,2,663969,R,6.0,1.0,0,2,1,4,0.25,0.17857142857142858,8.0,27.0,0.2962962962962963,3.0,5.0,9.0,18.0,0.3333333333333333,0.2777777777777778,0
2026-08-14,823346,"Gonzales, Nick",693304,3,0,687562,L,6.0,1.0,0,0,3,0,0.21951219512195122,0.16260162601626016,9.0,29.0,0.3103448275862069,2.0,7.0,7.0,22.0,0.2857142857142857,0.3181818181818182,1
2026-08-17,823343,"Gonzales, Nick",693304,4,1,664285,L,5.0,3.0,1,0,3,1,0.2457627118644068,0.16101694915254236,7.0,28.0,0.25,1.0,6.0,9.0,19.0,0.1111111111111111,0.3157894736842105,1
2026-08-19,823342,"Gonzales, Nick",693304,4,2,695549,R,5.0,2.0,1,1,1,3,,,6.0,28.0,0.21428571428571427,1.0,5.0,10.0,18.0,0.1,0.2777777777777778,0
2026-08-21,823911,"Gonzales, Nick",693304,5,2,808967,R,7.0,2.0,0,2,0,5,0.15267175572519084,0.22900763358778625,7.0,27.0,0.25925925925925924,2.0,5.0,11.0,16.0,0.18181818181818182,0.3125,0
2026-08-22,823910,"Gonzales, Nick",693304,4,0,669373,L,6.0,1.0,0,0,3,1,0.184,0.296,9.0,28.0,0.32142857142857145,2.0,7.0,8.0,20.0,0.25,0.35,1
2026-08-23,823909,"Gonzales, Nick",693304,4,0,605483,L,6.0,1.0,0,0,3,1,,,9.0,29.0,0.3103448275862069,2.0,7.0,11.0,18.0,0.18181818181818182,0.3888888888888889,1
2026-08-24,823260,"Gonzales, Nick",693304,6,2,592662,L,6.0,1.0,0,2,4,2,0.19469026548672566,0.18584070796460178,7.0,29.0,0.2413793103448276,2.0,5.0,14.0,15.0,0.14285714285714285,0.3333333333333333,1
2026-08-25,823259,"Gonzales, Nick",693304,4,1,650633,R,6.0,1.0,0,1,0,4,0.2184873949579832,0.21008403361344538,7.0,30.0,0.23333333333333334,2.0,5.0,17.0,13.0,0.11764705882352941,0.38461538461538464,0
2026-08-26,823255,"Gonzales, Nick",693304,4,0,681190,R,5.0,1.0,0,0,0,4,0.1568627450980392,0.10784313725490197,8.0,31.0,0.25806451612903225,2.0,6.0,14.0,17.0,0.14285714285714285,0.35294117647058826,0
2026-08-28,823013,"Gonzales, Nick",693304,4,1,687273,L,6.0,2.0,1,0,3,1,,,7.0,31.0,0.22580645161290322,1.0,6.0,11.0,20.0,0.09090909090909091,0.3,1
2026-08-29,823011,"Gonzales, Nick",693304,5,2,681517,R,6.0,1.0,0,2,1,4,0.25252525252525254,0.2727272727272727,6.0,31.0,0.1935483870967742,1.0,5.0,13.0,18.0,0.07692307692307693,0.2777777777777778,0
2026-09-01,823340,"Gonzales, Nick",693304,6,3,702885,L,6.0,3.0,0,3,2,4,,,6.0,31.0,0.1935483870967742,1.0,5.0,14.0,17.0,0.07142857142857142,0.29411764705882354,1
2026-09-02,823339,"Gonzales, Nick",693304,5,1,694738,R,6.0,1.0,0,1,1,4,0.18181818181818182,0.15702479338842976,9.0,33.0,0.2727272727272727,1.0,8.0,13.0,20.0,0.07692307692307693,0.4,0
2026-09-03,823337,"Gonzales, Nick",693304,4,1,694918,R,6.0,1.0,0,1,0,4,0.21495327102803738,0.19626168224299065,10.0,34.0,0.29411764705882354,1.0,9.0,11.0,23.0,0.09090909090909091,0.391304347826087,0
2026-09-04,823338,"Gonzales, Nick",693304,4,0,696270,R,6.0,1.0,0,0,1,3,0.13333333333333333,0.14285714285714285,9.0,32.0,0.28125,1.0,8.0,7.0,25.0,0.14285714285714285,0.32,0
2026-09-05,823335,"Gonzales, Nick",693304,5,1,579328,L,6.0,1.0,1,0,3,2,0.23300970873786409,0.23300970873786409,8.0,32.0,0.25,1.0,7.0,8.0,24.0,0.125,0.2916666666666667,1
2026-09-06,823336,"Gonzales, Nick",693304,3,0,700712,R,6.0,1.0,0,0,0,3,0.18446601941747573,0.24271844660194175,9.0,33.0,0.2727272727272727,2.0,7.0,11.0,22.0,0.18181818181818182,0.3181818181818182,0
2026-09-09,824549,"Gonzales, Nick",693304,4,1,663436,R,7.0,3.0,1,0,1,3,0.26666666666666666,0.15555555555555556,8.0,32.0,0.25,1.0,7.0,8.0,24.0,0.125,0.2916666666666667,0
2026-09-10,824550,"Gonzales, Nick",693304,4,1,607200,R,6.0,1.0,0,1,1,3,0.18888888888888888,0.15555555555555556,7.0,31.0,0.22580645161290322,2.0,5.0,8.0,23.0,0.25,0.21739130434782608,0
2026-09-11,824631,"Gonzales, Nick",693304,4,1,684007,L,7.0,1.0,0,1,3,1,0.23076923076923078,0.25961538461538464,5.0,29.0,0.1724137931034483,2.0,3.0,7.0,22.0,0.2857142857142857,0.13636363636363635,1
2026-09-13,824628,"Gonzales, Nick",693304,4,1,571510,L,6.0,2.0,1,0,3,1,0.21487603305785125,0.1652892561983471,5.0,28.0,0.17857142857142858,2.0,3.0,9.0,19.0,0.2222222222222222,0.15789473684210525,1
2026-09-15,823333,"Gonzales, Nick",693304,4,2,694819,R,7.0,2.0,1,1,2,2,0.17543859649122806,0.2807017543859649,5.0,28.0,0.17857142857142858,3.0,2.0,12.0,16.0,0.25,0.125,0
2026-09-17,823334,"Gonzales, Nick",693304,4,0,668831,R,6.0,2.0,0,0,1,3,0.075,0.275,7.0,28.0,0.25,4.0,3.0,13.0,15.0,0.3076923076923077,0.2,0
2026-09-18,823331,"Gonzales, Nick",693304,4,1,677976,R,6.0,1.0,1,0,1,3,0.23478260869565218,0.19130434782608696,6.0,27.0,0.2222222222222222,3.0,3.0,11.0,16.0,0.2727272727272727,0.1875,0
2026-09-19,823330,"Gonzales, Nick",693304,4,1,702070,L,6.0,1.0,1,0,3,1,0.17857142857142858,0.20535714285714285,7.0,28.0,0.25,4.0,3.0,12.0,16.0,0.3333333333333333,0.1875,1
2026-09-20,823329,"Gonzales, Nick",693304,4,0,608379,R,5.0,1.0,0,0,0,4,0.15625,0.2265625,7.0,28.0,0.25,4.0,3.0,14.0,14.0,0.2857142857142857,0.21428571428571427,0
2026-09-23,823327,"Gonzales, Nick",693304,4,1,669461,L,,,1,0,2,2,0.2767857142857143,0.20535714285714285,6.0,28.0,0.21428571428571427,4.0,2.0,13.0,15.0,0.3076923076923077,0.13333333333333333,1
2026-05-31,824592,"Gonzalez, Jacob",694378,3,1,672456,R,5.0,,0,1,0,3,0.19130434782608696,0.1391304347826087,,,,,,,,,,0
2026-06-01,823702,"Gonzalez, Jacob",694378,4,0,657746,R,6.0,1.0,0,0,0,4,0.1485148514851485,0.3069306930693069,,,,,,,,,,0
2026-06-02,823700,"Gonzalez, Jacob",694378,4,1,687570,L,6.0,1.0,1,0,4,0,0.22522522522522523,0.21621621621621623,,,,,,,,,,1
2026-06-03,823701,"Gonzalez, Jacob",694378,5,2,671737,R,5.0,1.0,0,2,1,4,0.19491525423728814,0.2627118644067797,,,,,,,,,,0
2026-06-05,823455,"Gonzalez, Jacob",694378,1,1,641745,R,2.0,2.0,0,1,0,1,0.25,0.16666666666666666,,,,,,,,,,0
2026-06-06,823454,"Gonzalez, Jacob",694378,4,1,691725,R,6.0,1.0,0,1,1,3,0.2621359223300971,0.14563106796116504,,,,,,,,,,0
2026-06-07,823453,"Gonzalez, Jacob",694378,2,0,605400,R,5.0,1.0,0,0,0,2,0.2621359223300971,0.23300970873786409,,,,,,,,,,0
2026-06-09,824591,"Gonzalez, Jacob",694378,5,2,656550,R,6.0,2.0,0,2,1,4,0.22018348623853212,0.25688073394495414,6.0,23.0,0.2608695652173913,1.0,5.0,6.0,17.0,0.16666666666666666,0.29411764705882354,0
2026-06-10,824590,"Gonzalez, Jacob",694378,3,0,519242,L,6.0,1.0,0,0,3,0,0.22900763358778625,0.2824427480916031,7.0,25.0,0.28,1.0,6.0,7.0,18.0,0.14285714285714285,0.3333333333333333,1
2026-06-12,824588,"Gonzalez, Jacob",694378,4,0,808963,R,7.0,2.0,0,0,0,4,0.168141592920354,0.3008849557522124,7.0,24.0,0.2916666666666667,1.0,6.0,10.0,14.0,0.1,0.42857142857142855,0
2026-06-13,824587,"Gonzalez, Jacob",694378,3,0,808967,R,7.0,1.0,0,0,0,3,0.1746031746031746,0.2619047619047619,6.0,24.0,0.25,0.0,6.0,6.0,18.0,0.0,0.3333333333333333,0
2026-06-14,824586,"Gonzalez, Jacob",694378,4,0,686218,R,7.0,1.0,0,0,1,3,0.1875,0.21875,4.0,22.0,0.18181818181818182,0.0,4.0,5.0,17.0,0.0,0.23529411764705882,0
2026-06-16,823535,"Gonzalez, Jacob",694378,3,0,543037,R,7.0,2.0,0,0,1,2,,,3.0,25.0,0.12,0.0,3.0,6.0,19.0,0.0,0.15789473684210525,0
2026-06-17,823536,"Gonzalez, Jacob",694378,2,0,621112,R,8.0,1.0,0,0,1,1,0.25,0.1875,2.0,24.0,0.08333333333333333,0.0,2.0,6.0,18.0,0.0,0.1111111111111111,0
2026-06-18,823533,"Gonzalez, Jacob",694378,2,0,666808,R,4.0,1.0,0,0,1,1,0.23529411764705882,0.35294117647058826,2.0,24.0,0.08333333333333333,0.0,2.0,7.0,17.0,0.0,0.11764705882352941,0
2026-06-20,824263,"Gonzalez, Jacob",694378,2,0,675512,R,11.0,2.0,0,0,0,2,,,0.0,21.0,0.0,0.0,0.0,7.0,14.0,0.0,0.0,0
2026-06-21,824260,"Gonzalez, Jacob",694378,4,0,672456,R,5.0,1.0,0,0,0,4,0.2222222222222222,0.18181818181818182,0.0,20.0,0.0,0.0,0.0,4.0,16.0,0.0,0.0,0
2026-06-22,824585,"Gonzalez, Jacob",694378,1,0,671922,R,4.0,1.0,0,0,0,1,0.125,0.375,0.0,20.0,0.0,0.0,0.0,4.0,16.0,0.0,0.0,0
2026-06-24,824583,"Gonzalez, Jacob",694378,4,2,676440,R,5.0,2.0,0,2,0,4,0.20175438596491227,0.22807017543859648,0.0,18.0,0.0,0.0,0.0,4.0,14.0,0.0,0.0,0
2026-06-26,824582,"Gonzalez, Jacob",694378,5,3,687765,R,11.0,2.0,0,3,0,5,,,2.0,18.0,0.1111111111111111,0.0,2.0,3.0,15.0,0.0,0.13333333333333333,0
2026-06-27,824581,"Gonzalez, Jacob",694378,4,1,608379,R,5.0,1.0,0,1,0,4,0.2857142857142857,0.12781954887218044,5.0,20.0,0.25,0.0,5.0,2.0,18.0,0.0,0.2777777777777778,0
2026-06-28,824580,"Gonzalez, Jacob",694378,4,0,679883,R,5.0,1.0,0,0,0,4,0.16304347826086957,0.20652173913043478,6.0,22.0,0.2727272727272727,0.0,6.0,1.0,21.0,0.0,0.2857142857142857,0
2026-06-29,824822,"Gonzalez, Jacob",694378,4,2,669358,R,6.0,1.0,0,2,0,4,0.234375,0.1875,6.0,24.0,0.25,0.0,6.0,0.0,24.0,0.25,0.25,0
2026-06-30,824819,"Gonzalez, Jacob",694378,5,3,694346,R,6.0,1.0,1,2,1,4,0.22018348623853212,0.1926605504587156,8.0,26.0,0.3076923076923077,0.0,8.0,0.0,26.0,0.3076923076923077,0.3076923076923077,0
2026-07-01,824818,"Gonzalez, Jacob",694378,3,0,665152,R,74.0,1.0,0,0,0,3,,,11.0,27.0,0.4074074074074074,1.0,10.0,1.0,26.0,1.0,0.38461538461538464,0
2026-07-02,824416,"Gonzalez, Jacob",694378,4,1,677944,R,5.0,1.0,0,1,0,4,0.19130434782608696,0.17391304347826086,11.0,29.0,0.3793103448275862,1.0,10.0,1.0,28.0,1.0,0.35714285714285715,0
2026-07-03,824417,"Gonzalez, Jacob",694378,3,1,668909,R,5.0,1.0,0,1,0,3,0.23214285714285715,0.25892857142857145,10.0,29.0,0.3448275862068966,1.0,9.0,1.0,28.0,1.0,0.32142857142857145,0
2026-07-05,824413,"Gonzalez, Jacob",694378,2,0,676440,R,5.0,2.0,0,0,0,2,0.14049586776859505,0.18181818181818182,8.0,27.0,0.2962962962962963,1.0,7.0,1.0,26.0,1.0,0.2692307692307692,0
2026-07-07,824579,"Gonzalez, Jacob",694378,1,0,686580,R,2.0,2.0,0,0,0,1,0.391304347826087,0.30434782608695654,7.0,25.0,0.28,1.0,6.0,1.0,24.0,1.0,0.25,0
2026-07-09,824577,"Gonzalez, Jacob",694378,2,0,594027,R,4.0,2.0,0,0,1,1,0.13636363636363635,0.18181818181818182,7.0,22.0,0.3181818181818182,1.0,6.0,1.0,21.0,1.0,0.2857142857142857,0
2026-07-12,823358,"Gonzalez, Jacob",694378,1,0,669060,R,1.0,3.0,0,0,0,1,,,5.0,20.0,0.25,1.0,4.0,2.0,18.0,0.5,0.2222222222222222,0
2026-07-18,824412,"Gonzalez, Jacob",694378,1,0,671922,R,6.0,0.0,0,0,0,1,0.1111111111111111,0.3333333333333333,2.0,16.0,0.125,0.0,2.0,1.0,15.0,0.0,0.13333333333333333,0
2026-07-18,824414,"Gonzalez, Jacob",694378,4,2,668909,R,9.0,6.0,0,2,0,4,0.22608695652173913,0.30434782608695654,2.0,14.0,0.14285714285714285,0.0,2.0,1.0,13.0,0.0,0.15384615384615385,0
2026-07-19,824411,"Gonzalez, Jacob",694378,4,1,676282,L,7.0,1.0,1,0,3,1,0.17796610169491525,0.3220338983050847,3.0,14.0,0.21428571428571427,0.0,3.0,1.0,13.0,0.0,0.23076923076923078,1
2026-07-20,823522,"Gonzalez, Jacob",694378,2,1,657612,L,1.0,1.0,1,0,1,1,0.22727272727272727,0.09090909090909091,3.0,15.0,0.2,1.0,2.0,4.0,11.0,0.25,0.18181818181818182,1
2026-07-22,823518,"Gonzalez, Jacob",694378,4,1,543037,R,5.0,2.0,0,1,0,4,0.2711864406779661,0.2627118644067797,4.0,15.0,0.26666666666666666,2.0,2.0,5.0,10.0,0.4,0.2,0
2026-07-22,823519,"Gonzalez, Jacob",694378,1,0,621112,R,3.0,0.0,0,0,0,1,0.10344827586206896,0.2413793103448276,5.0,18.0,0.2777777777777778,2.0,3.0,5.0,13.0,0.4,0.23076923076923078,0
2026-07-25,823355,"Gonzalez, Jacob",694378,3,0,684007,L,6.0,3.0,0,0,2,1,0.2608695652173913,0.21739130434782608,5.0,17.0,0.29411764705882354,2.0,3.0,4.0,13.0,0.5,0.23076923076923078,1
2026-07-26,823354,"Gonzalez, Jacob",694378,4,0,592791,R,6.0,1.0,0,0,1,3,0.26804123711340205,0.23711340206185566,5.0,19.0,0.2631578947368421,2.0,3.0,6.0,13.0,0.3333333333333333,0.23076923076923078,0
2026-07-27,823353,"Gonzalez, Jacob",694378,4,1,518876,R,5.0,1.0,0,1,0,4,0.23931623931623933,0.1794871794871795,5.0,22.0,0.22727272727272727,2.0,3.0,7.0,15.0,0.2857142857142857,0.2,0
2026-07-28,823350,"Gonzalez, Jacob",694378,3,1,694297,R,5.0,1.0,0,1,0,3,0.23853211009174313,0.12844036697247707,4.0,22.0,0.18181818181818182,2.0,2.0,7.0,15.0,0.2857142857142857,0.13333333333333333,0
2026-07-30,824488,"Gonzalez, Jacob",694378,2,0,695076,R,6.0,2.0,0,0,0,2,0.25,0.1323529411764706,4.0,21.0,0.19047619047619047,1.0,3.0,4.0,17.0,0.25,0.17647058823529413,0
2026-07-31,824486,"Gonzalez, Jacob",694378,3,0,668881,R,6.0,1.0,0,0,0,3,,,3.0,21.0,0.14285714285714285,0.0,3.0,3.0,18.0,0.0,0.16666666666666666,0
2026-08-02,824483,"Gonzalez, Jacob",694378,3,2,695505,R,5.0,2.0,0,2,0,3,0.20869565217391303,0.22608695652173913,2.0,20.0,0.1,0.0,2.0,3.0,17.0,0.0,0.11764705882352941,0
2026-08-03,823757,"Gonzalez, Jacob",694378,4,0,676879,L,5.0,1.0,0,0,1,3,0.25,0.3,4.0,22.0,0.18181818181818182,0.0,4.0,3.0,19.0,0.0,0.21052631578947367,1
2026-08-04,823756,"Gonzalez, Jacob",694378,3,1,701656,R,7.0,1.0,0,1,0,3,0.15151515151515152,0.31313131313131315,4.0,23.0,0.17391304347826086,0.0,4.0,2.0,21.0,0.0,0.19047619047619047,0
2026-08-05,823753,"Gonzalez, Jacob",694378,1,0,622608,R,1.0,1.0,0,0,0,1,0.35,0.2,5.0,22.0,0.22727272727272727,0.0,5.0,1.0,21.0,0.0,0.23809523809523808,0
2026-08-06,823754,"Gonzalez, Jacob",694378,2,0,669160,R,8.0,1.0,0,0,0,2,0.2037037037037037,0.25925925925925924,4.0,19.0,0.21052631578947367,0.0,4.0,1.0,18.0,0.0,0.2222222222222222,0
2026-08-07,823349,"Gonzalez, Jacob",694378,1,1,642207,R,5.0,1.0,0,1,0,1,0.23809523809523808,0.2857142857142857,3.0,18.0,0.16666666666666666,0.0,3.0,1.0,17.0,0.0,0.17647058823529413,0
2026-08-08,823348,"Gonzalez, Jacob",694378,5,1,476594,R,6.0,1.0,0,1,0,5,,,4.0,17.0,0.23529411764705882,0.0,4.0,1.0,16.0,0.0,0.25,0
2026-08-09,823345,"Gonzalez, Jacob",694378,1,0,640455,L,5.0,1.0,0,0,1,0,0.2440944881889764,0.2125984251968504,5.0,19.0,0.2631578947368421,0.0,5.0,1.0,18.0,0.0,0.2777777777777778,1
2026-08-11,823832,"Gonzalez, Jacob",694378,3,1,691587,R,6.0,2.0,0,1,0,3,0.20967741935483872,0.25806451612903225,3.0,17.0,0.17647058823529413,0.0,3.0,2.0,15.0,0.0,0.2,0
2026-08-12,823833,"Gonzalez, Jacob",694378,3,0,676083,R,6.0,1.0,0,0,0,3,0.24210526315789474,0.2,4.0,16.0,0.25,0.0,4.0,1.0,15.0,0.0,0.26666666666666666,0
2026-08-13,823829,"Gonzalez, Jacob",694378,5,1,663969,R,6.0,1.0,0,1,2,3,0.25,0.17857142857142858,3.0,16.0,0.1875,0.0,3.0,1.0,15.0,0.0,0.2,0
2026-08-14,823346,"Gonzalez, Jacob",694378,1,1,687941,L,2.0,1.0,1,0,1,0,0.23076923076923078,0.20512820512820512,4.0,20.0,0.2,0.0,4.0,3.0,17.0,0.0,0.23529411764705882,1
2026-08-15,823347,"Gonzalez, Jacob",694378,3,0,543243,R,5.0,1.0,0,0,0,3,0.2421875,0.1953125,5.0,19.0,0.2631578947368421,1.0,4.0,4.0,15.0,0.25,0.26666666666666666,0
2026-08-17,823343,"Gonzalez, Jacob",694378,2,0,640448,R,2.0,2.0,0,0,0,2,0.23809523809523808,0.09523809523809523,4.0,21.0,0.19047619047619047,1.0,3.0,4.0,17.0,0.25,0.17647058823529413,0
2026-08-18,823341,"Gonzalez, Jacob",694378,3,0,672456,R,5.0,1.0,0,0,0,3,0.1896551724137931,0.13793103448275862,3.0,18.0,0.16666666666666666,1.0,2.0,4.0,14.0,0.25,0.14285714285714285,0
2026-08-19,823342,"Gonzalez, Jacob",694378,2,1,695549,R,5.0,1.0,0,1,0,2,,,3.0,20.0,0.15,1.0,2.0,3.0,17.0,0.3333333333333333,0.11764705882352941,0
2026-08-21,823911,"Gonzalez, Jacob",694378,4,0,808967,R,7.0,2.0,0,0,0,4,0.15267175572519084,0.22900763358778625,3.0,19.0,0.15789473684210525,1.0,2.0,3.0,16.0,0.3333333333333333,0.125,0
2026-08-23,823909,"Gonzalez, Jacob",694378,1,0,683618,R,2.0,2.0,0,0,0,1,0.058823529411764705,0.35294117647058826,3.0,20.0,0.15,1.0,2.0,3.0,17.0,0.3333333333333333,0.11764705882352941,0
2026-08-24,823260,"Gonzalez, Jacob",694378,3,0,699134,R,3.0,1.0,0,0,1,2,0.125,0.3333333333333333,2.0,16.0,0.125,1.0,1.0,1.0,15.0,1.0,0.06666666666666667,0
2026-08-25,823259,"Gonzalez, Jacob",694378,3,0,650633,R,6.0,1.0,0,0,0,3,0.2184873949579832,0.21008403361344538,1.0,18.0,0.05555555555555555,0.0,1.0,1.0,17.0,0.0,0.058823529411764705,0
2026-08-26,823255,"Gonzalez, Jacob",694378,2,0,681190,R,5.0,1.0,0,0,0,2,0.1568627450980392,0.10784313725490197,1.0,18.0,0.05555555555555555,0.0,1.0,1.0,17.0,0.0,0.058823529411764705,0
2026-08-28,823013,"Gonzalez, Jacob",694378,1,0,681676,R,3.0,2.0,0,0,0,1,0.27586206896551724,0.1724137931034483,1.0,18.0,0.05555555555555555,0.0,1.0,1.0,17.0,0.0,0.058823529411764705,0
2026-08-29,823011,"Gonzalez, Jacob",694378,4,1,802408,L,96.0,1.0,1,0,2,2,,,1.0,16.0,0.0625,0.0,1.0,1.0,15.0,0.0,0.06666666666666667,1
2026-09-01,823340,"Gonzalez, Jacob",694378,4,2,657277,R,6.0,3.0,1,1,1,3,0.20512820512820512,0.21367521367521367,1.0,18.0,0.05555555555555555,1.0,0.0,3.0,15.0,0.3333333333333333,0.0,0
2026-09-02,823339,"Gonzalez, Jacob",694378,1,1,671345,R,2.0,1.0,0,1,0,1,0.38461538461538464,0.23076923076923078,3.0,18.0,0.16666666666666666,2.0,1.0,4.0,14.0,0.5,0.07142857142857142,0
2026-09-03,823337,"Gonzalez, Jacob",694378,2,0,694918,R,6.0,1.0,0,0,0,2,0.21495327102803738,0.19626168224299065,4.0,18.0,0.2222222222222222,2.0,2.0,4.0,14.0,0.5,0.14285714285714285,0
2026-09-04,823338,"Gonzalez, Jacob",694378,3,1,696270,R,6.0,1.0,0,1,0,3,0.13333333333333333,0.14285714285714285,4.0,17.0,0.23529411764705882,2.0,2.0,3.0,14.0,0.6666666666666666,0.14285714285714285,0
2026-09-06,823336,"Gonzalez, Jacob",694378,3,0,700712,R,6.0,2.0,0,0,0,3,0.18446601941747573,0.24271844660194175,5.0,17.0,0.29411764705882354,2.0,3.0,3.0,14.0,0.6666666666666666,0.21428571428571427,0
2026-09-08,824551,"Gonzalez, Jacob",694378,5,1,664353,R,5.0,2.0,0,1,1,4,0.21794871794871795,0.1794871794871795,5.0,18.0,0.2777777777777778,2.0,3.0,3.0,15.0,0.6666666666666666,0.2,0
2026-09-09,824549,"Gonzalez, Jacob",694378,2,1,663436,R,7.0,1.0,0,1,0,2,0.26666666666666666,0.15555555555555556,6.0,22.0,0.2727272727272727,2.0,4.0,4.0,18.0,0.5,0.2222222222222222,0
2026-09-11,824631,"Gonzalez, Jacob",694378,1,0,694037,R,2.0,2.0,0,0,0,1,0.3,0.15,6.0,20.0,0.3,1.0,5.0,2.0,18.0,0.5,0.2777777777777778,0
2026-09-12,824630,"Gonzalez, Jacob",694378,3,1,605280,R,6.0,1.0,0,1,0,3,0.1724137931034483,0.14655172413793102,4.0,17.0,0.23529411764705882,0.0,4.0,1.0,16.0,0.0,0.25,0
2026-09-16,823332,"Gonzalez, Jacob",694378,2,0,701656,R,7.0,4.0,0,0,0,2,0.125,0.26785714285714285,4.0,19.0,0.21052631578947367,0.0,4.0,1.0,18.0,0.0,0.2222222222222222,0
2026-09-22,823328,"Gonzalez, Jacob",694378,2,0,669467,R,7.0,6.0,0,0,0,2,0.25663716814159293,0.12389380530973451,4.0,19.0,0.21052631578947367,0.0,4.0,1.0,18.0,0.0,0.2222222222222222,0
2026-05-22,822816,"Valdez, Esmerlyn",699013,4,0,592332,R,5.0,,0,0,0,4,0.2542372881355932,0.15254237288135594,,,,,,,,,,0
2026-05-23,822814,"Valdez, Esmerlyn",699013,2,0,571578,L,5.0,1.0,0,0,2,0,0.29357798165137616,0.11926605504587157,,,,,,,,,,1
2026-05-24,822813,"Valdez, Esmerlyn",699013,3,1,656302,R,5.0,1.0,0,1,0,3,0.20155038759689922,0.31007751937984496,,,,,,,,,,0
2026-05-26,823379,"Valdez, Esmerlyn",699013,5,1,696136,L,4.0,2.0,1,0,4,1,,,,,,,,,,,,1
2026-05-27,823376,"Valdez, Esmerlyn",699013,4,0,592791,R,5.0,1.0,0,0,0,4,0.23931623931623933,0.18803418803418803,,,,,,,,,,0
2026-06-11,823371,"Valdez, Esmerlyn",699013,2,0,680736,L,7.0,15.0,0,0,2,0,0.22137404580152673,0.22137404580152673,,,,,,,,,,1
2026-06-12,823370,"Valdez, Esmerlyn",699013,1,0,667463,L,6.0,1.0,0,0,1,0,0.14285714285714285,0.14285714285714285,,,,,,,,,,1
2026-06-15,824993,"Valdez, Esmerlyn",699013,4,0,669372,R,6.0,3.0,0,0,0,4,0.1391304347826087,0.26956521739130435,2.0,21.0,0.09523809523809523,1.0,1.0,9.0,12.0,0.1111111111111111,0.08333333333333333,0
2026-06-17,824992,"Valdez, Esmerlyn",699013,1,0,665622,R,3.0,2.0,0,0,0,1,0.4666666666666667,0.16666666666666666,2.0,21.0,0.09523809523809523,1.0,1.0,9.0,12.0,0.1111111111111111,0.08333333333333333,0
2026-06-19,824345,"Valdez, Esmerlyn",699013,3,1,607536,L,6.0,2.0,1,0,3,0,0.3305785123966942,0.1487603305785124,2.0,20.0,0.1,1.0,1.0,7.0,13.0,0.14285714285714285,0.07692307692307693,1
2026-06-24,823367,"Valdez, Esmerlyn",699013,3,2,693433,R,6.0,5.0,0,2,0,3,0.2231404958677686,0.2727272727272727,2.0,20.0,0.1,2.0,0.0,10.0,10.0,0.2,0.0,0
2026-06-25,823366,"Valdez, Esmerlyn",699013,3,0,682243,R,6.0,1.0,0,0,0,3,0.14432989690721648,0.3402061855670103,3.0,18.0,0.16666666666666666,1.0,2.0,6.0,12.0,0.16666666666666666,0.16666666666666666,0
2026-06-26,823363,"Valdez, Esmerlyn",699013,4,2,671096,L,6.0,1.0,1,1,3,1,0.20168067226890757,0.2184873949579832,3.0,17.0,0.17647058823529413,1.0,2.0,6.0,11.0,0.16666666666666666,0.18181818181818182,1
2026-06-27,823364,"Valdez, Esmerlyn",699013,1,1,657571,L,1.0,1.0,1,0,1,0,0.23809523809523808,0.19047619047619047,5.0,19.0,0.2631578947368421,2.0,3.0,7.0,12.0,0.2857142857142857,0.25,1
2026-06-28,823362,"Valdez, Esmerlyn",699013,5,3,663903,R,6.0,1.0,0,3,0,5,0.168141592920354,0.22123893805309736,6.0,19.0,0.3157894736842105,3.0,3.0,7.0,12.0,0.42857142857142855,0.25,0
2026-06-29,823444,"Valdez, Esmerlyn",699013,5,2,605400,R,5.0,1.0,1,1,1,4,0.23853211009174313,0.23853211009174313,9.0,20.0,0.45,3.0,6.0,7.0,13.0,0.42857142857142855,0.46153846153846156,0
2026-06-30,823445,"Valdez, Esmerlyn",699013,4,2,650911,L,5.0,1.0,1,1,3,1,0.2222222222222222,0.25396825396825395,11.0,24.0,0.4583333333333333,4.0,7.0,8.0,16.0,0.5,0.4375,1
2026-07-01,823446,"Valdez, Esmerlyn",699013,5,1,554430,R,5.0,1.0,0,1,0,5,0.15,0.2833333333333333,12.0,25.0,0.48,4.0,8.0,8.0,17.0,0.5,0.47058823529411764,0
2026-07-02,823442,"Valdez, Esmerlyn",699013,5,2,660604,R,5.0,1.0,2,0,2,3,,,11.0,27.0,0.4074074074074074,4.0,7.0,8.0,19.0,0.5,0.3684210526315789,0
2026-07-03,822714,"Valdez, Esmerlyn",699013,5,3,656492,L,6.0,1.0,0,3,2,3,0.175,0.275,13.0,29.0,0.4482758620689655,6.0,7.0,10.0,19.0,0.6,0.3684210526315789,1
2026-07-04,822716,"Valdez, Esmerlyn",699013,4,1,641793,R,6.0,1.0,0,1,1,3,0.23595505617977527,0.15730337078651685,14.0,30.0,0.4666666666666667,5.0,9.0,9.0,21.0,0.5555555555555556,0.42857142857142855,0
2026-07-05,822715,"Valdez, Esmerlyn",699013,5,0,676917,R,5.0,1.0,0,0,0,5,0.2169811320754717,0.2641509433962264,14.0,33.0,0.42424242424242425,4.0,10.0,9.0,24.0,0.4444444444444444,0.4166666666666667,0
2026-07-07,823361,"Valdez, Esmerlyn",699013,5,1,694462,R,5.0,2.0,0,1,1,4,,,11.0,33.0,0.3333333333333333,4.0,7.0,9.0,24.0,0.4444444444444444,0.2916666666666667,0
2026-07-08,823360,"Valdez, Esmerlyn",699013,4,0,656550,R,5.0,1.0,0,0,0,4,0.19540229885057472,0.16091954022988506,10.0,33.0,0.30303030303030304,3.0,7.0,9.0,24.0,0.3333333333333333,0.2916666666666667,0
2026-07-09,823359,"Valdez, Esmerlyn",699013,5,1,693821,R,12.0,1.0,0,1,1,4,0.28688524590163933,0.18032786885245902,8.0,33.0,0.24242424242424243,2.0,6.0,6.0,27.0,0.3333333333333333,0.2222222222222222,0
2026-07-11,823356,"Valdez, Esmerlyn",699013,4,1,675660,L,5.0,0.0,1,0,3,1,0.24778761061946902,0.21238938053097345,8.0,33.0,0.24242424242424243,2.0,6.0,7.0,26.0,0.2857142857142857,0.23076923076923078,1
2026-07-11,823357,"Valdez, Esmerlyn",699013,4,3,687075,R,6.0,2.0,1,2,1,3,0.16494845360824742,0.30927835051546393,7.0,32.0,0.21875,1.0,6.0,8.0,24.0,0.125,0.25,0
2026-07-12,823358,"Valdez, Esmerlyn",699013,5,1,688107,L,5.0,1.0,1,0,3,2,0.2066115702479339,0.23140495867768596,7.0,31.0,0.22580645161290322,2.0,5.0,7.0,24.0,0.2857142857142857,0.20833333333333334,1
2026-07-18,824412,"Valdez, Esmerlyn",699013,4,1,671106,L,54.0,0.0,1,0,2,2,,,7.0,32.0,0.21875,3.0,4.0,9.0,23.0,0.3333333333333333,0.17391304347826086,1
2026-07-18,824414,"Valdez, Esmerlyn",699013,4,1,668909,R,9.0,6.0,0,1,0,4,0.22608695652173913,0.30434782608695654,8.0,31.0,0.25806451612903225,4.0,4.0,11.0,20.0,0.36363636363636365,0.2,0
2026-07-19,824411,"Valdez, Esmerlyn",699013,5,1,676282,L,7.0,1.0,1,0,4,1,0.17796610169491525,0.3220338983050847,8.0,30.0,0.26666666666666666,4.0,4.0,10.0,20.0,0.4,0.2,1
2026-07-20,823522,"Valdez, Esmerlyn",699013,4,1,677960,L,10.0,1.0,1,0,4,0,0.2692307692307692,0.25961538461538464,9.0,31.0,0.2903225806451613,5.0,4.0,14.0,17.0,0.35714285714285715,0.23529411764705882,1
2026-07-22,823518,"Valdez, Esmerlyn",699013,5,0,543037,R,5.0,2.0,0,0,0,5,0.2711864406779661,0.2627118644067797,9.0,30.0,0.3,6.0,3.0,17.0,13.0,0.35294117647058826,0.23076923076923078,0
2026-07-22,823519,"Valdez, Esmerlyn",699013,4,0,608331,L,70.0,0.0,0,0,2,2,0.21238938053097345,0.23893805309734514,8.0,31.0,0.25806451612903225,5.0,3.0,14.0,17.0,0.35714285714285715,0.17647058823529413,1
2026-07-24,823352,"Valdez, Esmerlyn",699013,4,0,571510,L,6.0,2.0,0,0,3,1,0.20512820512820512,0.17094017094017094,5.0,31.0,0.16129032258064516,4.0,1.0,15.0,16.0,0.26666666666666666,0.0625,1
2026-07-25,823355,"Valdez, Esmerlyn",699013,4,1,684007,L,6.0,1.0,0,1,3,1,0.2608695652173913,0.21739130434782608,4.0,30.0,0.13333333333333333,3.0,1.0,15.0,15.0,0.2,0.06666666666666667,1
2026-07-26,823354,"Valdez, Esmerlyn",699013,4,2,592791,R,6.0,1.0,1,1,1,3,0.26804123711340205,0.23711340206185566,4.0,30.0,0.13333333333333333,2.0,2.0,16.0,14.0,0.125,0.14285714285714285,0
2026-07-27,823353,"Valdez, Esmerlyn",699013,2,0,518876,R,5.0,1.0,0,0,0,2,0.23931623931623933,0.1794871794871795,5.0,30.0,0.16666666666666666,3.0,2.0,17.0,13.0,0.17647058823529413,0.15384615384615385,0
2026-07-28,823350,"Valdez, Esmerlyn",699013,6,1,694297,R,5.0,1.0,0,1,0,6,0.23853211009174313,0.12844036697247707,4.0,27.0,0.14814814814814814,2.0,2.0,13.0,14.0,0.15384615384615385,0.14285714285714285,0
2026-07-29,823351,"Valdez, Esmerlyn",699013,4,0,593958,L,5.0,1.0,0,0,4,0,0.2627118644067797,0.13559322033898305,4.0,29.0,0.13793103448275862,1.0,3.0,9.0,20.0,0.1111111111111111,0.15,1
2026-07-30,824488,"Valdez, Esmerlyn",699013,4,1,695076,R,6.0,1.0,0,1,0,4,0.25,0.1323529411764706,4.0,28.0,0.14285714285714285,1.0,3.0,13.0,15.0,0.07692307692307693,0.2,0
2026-07-31,824486,"Valdez, Esmerlyn",699013,5,0,668881,R,6.0,1.0,0,0,0,5,,,5.0,28.0,0.17857142857142858,1.0,4.0,11.0,17.0,0.09090909090909091,0.23529411764705882,0
2026-08-01,824485,"Valdez, Esmerlyn",699013,4,0,671096,L,6.0,1.0,0,0,4,0,0.1826086956521739,0.20869565217391303,5.0,29.0,0.1724137931034483,1.0,4.0,8.0,21.0,0.125,0.19047619047619047,1
2026-08-02,824483,"Valdez, Esmerlyn",699013,4,0,695505,R,5.0,1.0,0,0,0,4,0.20869565217391303,0.22608695652173913,4.0,29.0,0.13793103448275862,1.0,3.0,9.0,20.0,0.1111111111111111,0.15,0
2026-08-03,823757,"Valdez, Esmerlyn",699013,4,0,687075,R,7.0,1.0,0,0,1,3,0.2,0.21904761904761905,2.0,29.0,0.06896551724137931,0.0,2.0,8.0,21.0,0.0,0.09523809523809523,0
2026-08-04,823756,"Valdez, Esmerlyn",699013,4,0,701656,R,7.0,1.0,0,0,0,4,0.15151515151515152,0.31313131313131315,2.0,31.0,0.06451612903225806,0.0,2.0,9.0,22.0,0.0,0.09090909090909091,0
2026-08-05,823753,"Valdez, Esmerlyn",699013,4,0,690986,L,28.0,1.0,0,0,3,1,0.2,0.25263157894736843,1.0,29.0,0.034482758620689655,0.0,1.0,9.0,20.0,0.0,0.05,1
2026-08-07,823349,"Valdez, Esmerlyn",699013,4,0,804267,L,6.0,2.0,0,0,2,2,0.19130434782608696,0.1826086956521739,1.0,29.0,0.034482758620689655,0.0,1.0,8.0,21.0,0.0,0.047619047619047616,1
2026-08-08,823348,"Valdez, Esmerlyn",699013,5,1,476594,R,6.0,1.0,0,1,0,5,,,0.0,29.0,0.0,0.0,0.0,10.0,19.0,0.0,0.0,0
2026-08-09,823345,"Valdez, Esmerlyn",699013,4,0,640455,L,5.0,1.0,0,0,3,1,0.2440944881889764,0.2125984251968504,1.0,29.0,0.034482758620689655,0.0,1.0,10.0,19.0,0.0,0.05263157894736842,1
2026-08-11,823832,"Valdez, Esmerlyn",699013,3,1,691587,R,6.0,2.0,0,1,0,3,0.20967741935483872,0.25806451612903225,1.0,29.0,0.034482758620689655,0.0,1.0,9.0,20.0,0.0,0.05,0
2026-08-12,823833,"Valdez, Esmerlyn",699013,4,1,676083,R,6.0,1.0,0,1,0,4,0.24210526315789474,0.2,2.0,28.0,0.07142857142857142,0.0,2.0,9.0,19.0,0.0,0.10526315789473684,0
2026-08-13,823829,"Valdez, Esmerlyn",699013,5,2,663969,R,6.0,1.0,0,2,1,4,0.25,0.17857142857142858,3.0,28.0,0.10714285714285714,0.0,3.0,8.0,20.0,0.0,0.15,0
2026-08-14,823346,"Valdez, Esmerlyn",699013,4,1,687562,L,6.0,1.0,1,0,4,0,0.21951219512195122,0.16260162601626016,5.0,29.0,0.1724137931034483,0.0,5.0,9.0,20.0,0.0,0.25,1
2026-08-15,823347,"Valdez, Esmerlyn",699013,4,2,543243,R,5.0,1.0,0,2,1,3,0.2421875,0.1953125,6.0,29.0,0.20689655172413793,1.0,5.0,10.0,19.0,0.1,0.2631578947368421,0
2026-08-16,823344,"Valdez, Esmerlyn",699013,5,2,663776,L,5.0,1.0,2,0,5,0,0.28205128205128205,0.20512820512820512,8.0,29.0,0.27586206896551724,1.0,7.0,9.0,20.0,0.1111111111111111,0.35,1
2026-08-17,823343,"Valdez, Esmerlyn",699013,5,0,664285,L,5.0,1.0,0,0,3,2,0.2457627118644068,0.16101694915254236,9.0,29.0,0.3103448275862069,3.0,6.0,14.0,15.0,0.21428571428571427,0.4,1
2026-08-18,823341,"Valdez, Esmerlyn",699013,4,0,672456,R,5.0,1.0,0,0,1,3,0.1896551724137931,0.13793103448275862,9.0,30.0,0.3,3.0,6.0,14.0,16.0,0.21428571428571427,0.375,0
2026-08-19,823342,"Valdez, Esmerlyn",699013,4,0,695549,R,5.0,1.0,0,0,0,4,,,8.0,31.0,0.25806451612903225,3.0,5.0,15.0,16.0,0.2,0.3125,0
2026-08-22,823910,"Valdez, Esmerlyn",699013,4,2,669373,L,6.0,3.0,1,1,3,1,0.184,0.296,7.0,31.0,0.22580645161290322,3.0,4.0,15.0,16.0,0.2,0.25,1
2026-08-23,823909,"Valdez, Esmerlyn",699013,4,0,605483,L,6.0,1.0,0,0,3,1,,,7.0,30.0,0.23333333333333334,4.0,3.0,17.0,13.0,0.23529411764705882,0.23076923076923078,1
2026-08-24,823260,"Valdez, Esmerlyn",699013,4,1,592662,L,6.0,1.0,1,0,4,0,0.19469026548672566,0.18584070796460178,6.0,30.0,0.2,3.0,3.0,16.0,14.0,0.1875,0.21428571428571427,1
2026-08-26,823255,"Valdez, Esmerlyn",699013,4,1,681190,R,5.0,2.0,0,1,1,3,0.1568627450980392,0.10784313725490197,5.0,30.0,0.16666666666666666,4.0,1.0,19.0,11.0,0.21052631578947367,0.09090909090909091,0
2026-08-28,823013,"Valdez, Esmerlyn",699013,4,0,687273,L,6.0,2.0,0,0,3,1,,,4.0,29.0,0.13793103448275862,2.0,2.0,15.0,14.0,0.13333333333333333,0.14285714285714285,1
2026-08-30,823010,"Valdez, Esmerlyn",699013,4,1,669461,L,5.0,2.0,1,0,3,1,0.2336448598130841,0.29906542056074764,4.0,28.0,0.14285714285714285,2.0,2.0,15.0,13.0,0.13333333333333333,0.15384615384615385,1
2026-09-01,823340,"Valdez, Esmerlyn",699013,5,1,657277,R,6.0,2.0,0,1,1,4,0.20512820512820512,0.21367521367521367,5.0,28.0,0.17857142857142858,3.0,2.0,17.0,11.0,0.17647058823529413,0.18181818181818182,0
2026-09-02,823339,"Valdez, Esmerlyn",699013,5,0,694738,R,6.0,1.0,0,0,0,5,0.18181818181818182,0.15702479338842976,6.0,29.0,0.20689655172413793,3.0,3.0,18.0,11.0,0.16666666666666666,0.2727272727272727,0
2026-09-05,823335,"Valdez, Esmerlyn",699013,4,0,579328,L,6.0,3.0,0,0,3,1,0.23300970873786409,0.23300970873786409,4.0,30.0,0.13333333333333333,2.0,2.0,15.0,15.0,0.13333333333333333,0.13333333333333333,1
2026-09-06,823336,"Valdez, Esmerlyn",699013,3,0,700712,R,6.0,1.0,0,0,0,3,0.18446601941747573,0.24271844660194175,4.0,30.0,0.13333333333333333,2.0,2.0,15.0,15.0,0.13333333333333333,0.13333333333333333,0
2026-09-08,824551,"Valdez, Esmerlyn",699013,5,1,664353,R,5.0,2.0,0,1,1,4,0.21794871794871795,0.1794871794871795,3.0,29.0,0.10344827586206896,1.0,2.0,11.0,18.0,0.09090909090909091,0.1111111111111111,0
2026-09-09,824549,"Valdez, Esmerlyn",699013,3,1,663436,R,7.0,1.0,0,1,1,2,0.26666666666666666,0.15555555555555556,3.0,30.0,0.1,1.0,2.0,11.0,19.0,0.09090909090909091,0.10526315789473684,0
2026-09-11,824631,"Valdez, Esmerlyn",699013,3,0,684007,L,7.0,2.0,0,0,3,0,0.23076923076923078,0.25961538461538464,4.0,29.0,0.13793103448275862,1.0,3.0,9.0,20.0,0.1111111111111111,0.15,1
