game_date,release_speed,player_name,batter,pitcher,events,spin_dir,game_type,home_team,away_team,hit_distance_sc,launch_speed,launch_angle,effective_speed,release_spin_rate,game_pk,estimated_ba_using_speedangle,estimated_woba_using_speedangle,woba_value,woba_denom,delta_home_win_exp,delta_run_exp,estimated_slg_using_speedangle,delta_pitcher_run_exp,home_win_exp,bat_win_exp,pitcher_days_since_prev_game,batter_days_since_prev_game,pitch_CH,pitch_CS,pitch_CU,pitch_EP,pitch_FA,pitch_FC,pitch_FF,pitch_FS,pitch_KC,pitch_SI,pitch_SL,pitch_ST,pitch_SV,p_throws_L,p_throws_R,avg_release_speed,avg_spin_rate,avg_pfx_x,avg_pfx_z
2026-08-19,91.2,"Reynolds, Bryan",668804,695549,field_out,,R,PIT,DET,11.0,95.0,-10.0,91.8,2654.0,823342,0.201,0.181,0.0,1.0,-0.031,-0.275,0.219,0.275,0.252,0.252,5.0,1.0,0,0,0,0,0,0,0,0,0,0,1,0,0,0,1,92.74285714285713,2455.852813852814,-0.37285714285714283,0.604978354978355
2026-08-19,98.4,"Reynolds, Bryan",668804,695549,field_out,,R,PIT,DET,361.0,99.9,33.0,97.8,2440.0,823342,0.377,0.729,0.0,1.0,-0.029,-0.437,1.412,0.437,0.541,0.541,5.0,1.0,0,0,0,0,0,0,1,0,0,0,0,0,0,0,1,92.74285714285713,2455.852813852814,-0.37285714285714283,0.604978354978355
2026-08-19,99.4,"Reynolds, Bryan",668804,695549,single,,R,PIT,DET,120.0,59.3,18.0,99.6,2598.0,823342,0.217,0.195,0.9,1.0,0.04,0.434,0.237,-0.434,0.547,0.547,5.0,1.0,0,0,0,0,0,0,1,0,0,0,0,0,0,0,1,92.74285714285713,2455.852813852814,-0.37285714285714283,0.604978354978355
2026-08-19,96.4,"Reynolds, Bryan",668804,640448,field_out,,R,PIT,DET,270.0,101.3,14.0,97.0,2246.0,823342,0.809,0.811,0.0,1.0,-0.092,-0.387,1.074,0.387,0.337,0.337,2.0,1.0,0,0,0,0,0,0,1,0,0,0,0,0,0,0,1,91.80907003444318,1841.1389207807117,-0.5691733639494834,0.9627784156142366
2026-08-18,96.8,"Reynolds, Bryan",668804,672456,field_out,,R,PIT,DET,12.0,85.4,-9.0,96.6,2087.0,823341,0.152,0.151,0.0,1.0,-0.008,-0.154,0.183,0.154,0.508,0.508,5.0,1.0,0,0,0,0,0,0,0,0,0,1,0,0,0,0,1,89.83089683773977,2351.5627593360996,-0.38762052877138414,0.6880300673924313
2026-08-18,80.8,"Reynolds, Bryan",668804,672456,field_out,,R,PIT,DET,7.0,63.0,-20.0,81.0,2788.0,823341,0.057,0.053,0.0,1.0,-0.011,-0.3,0.064,0.3,0.511,0.511,5.0,1.0,0,0,0,0,0,0,0,0,1,0,0,0,0,0,1,89.83089683773977,2351.5627593360996,-0.38762052877138414,0.6880300673924313
2026-08-18,94.6,"Reynolds, Bryan",668804,646241,single,,R,PIT,DET,265.0,113.2,10.0,93.8,2391.0,823341,0.903,0.946,0.9,1.0,0.034,0.715,1.282,-0.715,0.935,0.935,4.0,1.0,0,0,0,0,0,0,1,0,0,0,0,0,0,1,0,90.4640179910045,2343.7406296851573,0.7601049475262369,0.8658620689655172
2026-08-18,89.5,"Reynolds, Bryan",668804,680744,field_out,,R,PIT,DET,7.0,91.6,-14.0,89.5,2771.0,823341,0.143,0.135,0.0,1.0,-0.009,-0.184,0.164,0.184,0.841,0.841,4.0,1.0,0,0,0,0,0,1,0,0,0,0,0,0,0,0,1,88.68397328881468,2307.5909849749582,-0.32081803005008347,0.5265776293823039
2026-08-17,89.6,"Reynolds, Bryan",668804,664285,strikeout,,R,PIT,DET,,,,89.0,1611.0,823343,,0.0,0.0,1.0,-0.003,-0.163,,0.163,0.016,0.016,5.0,1.0,1,0,0,0,0,0,0,0,0,0,0,0,0,1,0,88.12403065825067,2284.7089350180504,0.47426059513074836,-0.05608205590622182
2026-08-17,77.9,"Reynolds, Bryan",668804,664285,field_out,,R,PIT,DET,325.0,92.9,40.0,77.1,2819.0,823343,0.023,0.032,0.0,1.0,-0.02,-0.259,0.062,0.259,0.144,0.144,5.0,1.0,0,0,1,0,0,0,0,0,0,0,0,0,0,1,0,88.12403065825067,2284.7089350180504,0.47426059513074836,-0.05608205590622182
2026-08-17,87.2,"Reynolds, Bryan",668804,640448,strikeout,,R,PIT,DET,,,,87.6,2216.0,823343,,0.0,0.0,1.0,-0.04,-0.215,,0.215,0.172,0.172,2.0,1.0,0,0,0,0,0,0,0,0,0,0,1,0,0,0,1,91.80907003444318,1841.1389207807117,-0.5691733639494834,0.9627784156142366
2026-08-17,89.3,"Reynolds, Bryan",668804,664285,field_out,,R,PIT,DET,3.0,89.3,-32.0,89.2,1582.0,823343,0.068,0.07,0.0,1.0,-0.009,-0.22,0.081,0.22,0.311,0.311,5.0,1.0,1,0,0,0,0,0,0,0,0,0,0,0,0,1,0,88.12403065825067,2284.7089350180504,0.47426059513074836,-0.05608205590622182
2026-08-17,94.9,"Reynolds, Bryan",668804,445276,strikeout,,R,PIT,DET,,,,96.4,2411.0,823343,,0.0,0.0,1.0,-0.005,-0.154,,0.154,0.005,0.005,4.0,1.0,0,0,0,0,0,0,0,0,0,1,0,0,0,0,1,91.9703125,2625.9548611111113,0.3683854166666667,1.2599826388888888
2026-08-16,86.5,"Reynolds, Bryan",668804,663776,walk,,R,PIT,BOS,,,,87.0,2395.0,823344,,0.6979,0.7,1.0,0.002,0.336,,-0.336,0.98,0.98,5.0,1.0,0,0,0,0,0,0,0,0,0,0,1,0,0,1,0,88.31260794473229,2182.3056994818653,0.41727115716753016,0.7389982728842832
2026-08-16,84.9,"Reynolds, Bryan",668804,663776,single,,R,PIT,BOS,175.0,100.2,9.0,85.2,1729.0,823344,0.714,0.676,0.9,1.0,0.04,0.44,0.822,-0.44,0.858,0.858,5.0,1.0,1,0,0,0,0,0,0,0,0,0,0,0,0,1,0,88.31260794473229,2182.3056994818653,0.41727115716753016,0.7389982728842832
2026-08-16,88.6,"Reynolds, Bryan",668804,670103,grounded_into_double_play,,R,PIT,BOS,14.0,100.6,-8.0,87.6,2199.0,823344,0.281,0.259,0.0,1.0,-0.01,-0.308,0.306,0.308,0.951,0.951,8.0,1.0,0,0,0,0,0,0,0,0,0,1,0,0,0,1,0,85.73697478991595,2112.1512605042017,0.4578991596638656,0.30210084033613455
2026-08-16,91.7,"Reynolds, Bryan",668804,663776,double,,R,PIT,BOS,382.0,102.9,24.0,91.8,1999.0,823344,0.72,1.244,1.25,1.0,0.095,0.802,2.291,-0.802,0.567,0.567,5.0,1.0,0,0,0,0,0,0,1,0,0,0,0,0,0,1,0,88.31260794473229,2182.3056994818653,0.41727115716753016,0.7389982728842832
2026-08-15,84.4,"Reynolds, Bryan",668804,543243,field_out,,R,PIT,BOS,50.0,86.8,1.0,84.9,2700.0,823347,0.278,0.25,0.0,1.0,-0.034,-0.216,0.311,0.216,0.39,0.39,5.0,1.0,0,0,0,0,0,0,0,0,0,0,0,1,0,0,1,87.47992719708789,2500.6401456058243,0.2221736869474779,0.08458138325533021
2026-08-15,84.3,"Reynolds, Bryan",668804,543243,strikeout,,R,PIT,BOS,,,,84.7,2750.0,823347,,0.0,0.0,1.0,-0.021,-0.184,,0.184,0.419,0.419,5.0,1.0,0,0,0,0,0,0,0,0,0,0,0,1,0,0,1,87.47992719708789,2500.6401456058243,0.2221736869474779,0.08458138325533021
2026-08-15,81.2,"Reynolds, Bryan",668804,543243,field_out,,R,PIT,BOS,3.0,54.1,-35.0,81.4,2675.0,823347,0.133,0.12,0.0,1.0,-0.017,-0.308,0.137,0.308,0.55,0.55,5.0,1.0,0,0,1,0,0,0,0,0,0,0,0,0,0,0,1,87.47992719708789,2500.6401456058243,0.2221736869474779,0.08458138325533021
2026-08-15,95.3,"Reynolds, Bryan",668804,547973,field_out,,R,PIT,BOS,82.0,107.5,3.0,96.3,2455.0,823347,0.531,0.479,0.0,1.0,-0.014,-0.303,0.576,0.303,0.021,0.021,6.0,1.0,0,0,0,0,0,0,1,0,0,0,0,0,0,1,0,94.51299852289513,2276.7459379615952,0.26041358936484493,1.0973855243722304
2026-08-14,83.7,"Reynolds, Bryan",668804,687562,double,,R,PIT,BOS,293.0,110.5,15.0,86.0,1994.0,823346,0.663,0.768,1.25,1.0,0.097,0.806,1.16,-0.806,0.713,0.713,6.0,1.0,1,0,0,0,0,0,0,0,0,0,0,0,0,1,0,88.58894691035684,2084.743255004352,0.8791557876414272,0.4958746736292428
2026-08-14,95.2,"Reynolds, Bryan",668804,687941,fielders_choice_out,,R,PIT,BOS,7.0,97.9,-18.0,95.7,1798.0,823346,0.149,0.135,0.0,1.0,-0.011,-0.291,0.156,0.291,0.978,0.978,2.0,1.0,0,0,0,0,0,0,0,0,0,1,0,0,0,1,0,92.88674698795181,2109.261044176707,0.17634538152610443,0.8324096385542169
2026-08-14,94.5,"Reynolds, Bryan",668804,687562,strikeout,,R,PIT,BOS,,,,96.0,2052.0,823346,,0.0,0.0,1.0,-0.008,-0.22,,0.22,0.508,0.508,6.0,1.0,0,0,0,0,0,0,0,0,0,1,0,0,0,1,0,88.58894691035684,2084.743255004352,0.8791557876414272,0.4958746736292428
2026-08-14,93.2,"Reynolds, Bryan",668804,663558,single,,R,PIT,BOS,47.0,85.4,1.0,93.6,2376.0,823346,0.249,0.224,0.9,1.0,0.023,0.41,0.278,-0.41,0.813,0.813,4.0,1.0,0,0,0,0,0,0,1,0,0,0,0,0,0,1,0,87.66881720430106,2178.4611708482676,0.5367622461170848,0.9000119474313022
2026-08-13,83.0,"Reynolds, Bryan",668804,663969,field_out,,R,MIA,PIT,58.0,99.6,1.0,82.7,2549.0,823829,0.483,0.446,0.0,1.0,0.021,-0.342,0.524,0.342,0.217,0.783,6.0,1.0,0,0,1,0,0,0,0,0,0,0,0,0,0,0,1,88.75559678416822,2073.467202970297,-0.35146567717996285,0.18698206555349414
2026-08-13,84.8,"Reynolds, Bryan",668804,663969,walk,,R,MIA,PIT,,,,84.1,2508.0,823829,,0.6979,0.7,1.0,-0.037,0.365,,-0.365,0.493,0.507,6.0,1.0,0,0,1,0,0,0,0,0,0,0,0,0,0,0,1,88.75559678416822,2073.467202970297,-0.35146567717996285,0.18698206555349414
2026-08-13,90.8,"Reynolds, Bryan",668804,806188,strikeout,,R,MIA,PIT,,,,89.8,2300.0,823829,,0.0,0.0,1.0,0.001,-0.182,,0.182,0.036,0.964,5.0,1.0,0,0,0,0,0,0,1,0,0,0,0,0,0,1,0,84.91836419753086,2770.662037037037,-0.3979320987654321,-0.03038580246913582
2026-08-13,82.7,"Reynolds, Bryan",668804,663969,field_out,,R,MIA,PIT,1.0,50.5,-74.0,82.3,2520.0,823829,0.192,0.173,0.0,1.0,0.022,-0.353,0.193,0.353,0.494,0.506,6.0,1.0,0,0,1,0,0,0,0,0,0,0,0,0,0,0,1,88.75559678416822,2073.467202970297,-0.35146567717996285,0.18698206555349414
2026-08-13,60.5,"Reynolds, Bryan",668804,691594,force_out,,R,MIA,PIT,54.0,101.7,0.0,58.2,1285.0,823829,0.5,0.472,0.0,1.0,0.0,-0.236,0.573,0.236,0.002,0.998,7.0,1.0,0,0,0,0,1,0,0,0,0,0,0,0,0,0,1,60.17123287671233,1415.6849315068494,-0.5916438356164383,0.8026027397260275
2026-08-12,86.0,"Reynolds, Bryan",668804,676083,field_out,,R,MIA,PIT,271.0,91.6,51.0,87.1,2490.0,823833,0.003,0.004,0.0,1.0,0.022,-0.342,0.006,0.342,0.913,0.0869999999999999,6.0,1.0,0,0,0,0,0,0,0,0,0,0,1,0,0,0,1,88.27904312668464,2200.2414025623734,-0.11429245283018868,0.5750471698113208
2026-08-12,93.5,"Reynolds, Bryan",668804,676083,field_out,,R,MIA,PIT,336.0,103.0,18.0,93.1,2270.0,823833,0.486,0.59,0.0,1.0,0.031,-0.247,0.914,0.247,0.499,0.501,6.0,1.0,0,0,0,0,0,0,1,0,0,0,0,0,0,0,1,88.27904312668464,2200.2414025623734,-0.11429245283018868,0.5750471698113208
2026-08-12,93.9,"Reynolds, Bryan",668804,676083,walk,,R,MIA,PIT,,,,93.7,1977.0,823833,,0.6979,0.7,1.0,-0.01,0.295,,-0.295,0.536,0.4639999999999999,6.0,1.0,0,0,0,0,0,0,1,0,0,0,0,0,0,0,1,88.27904312668464,2200.2414025623734,-0.11429245283018868,0.5750471698113208
2026-08-12,87.7,"Reynolds, Bryan",668804,680767,strikeout,,R,MIA,PIT,,,,88.7,2554.0,823833,,0.0,0.0,1.0,0.001,-0.184,,0.184,0.998,0.002,3.0,1.0,0,0,0,0,0,0,0,0,0,0,1,0,0,0,1,94.33669724770641,2230.549148099607,-0.3739449541284404,0.5147313237221495
2026-08-11,97.8,"Reynolds, Bryan",668804,691587,field_out,,R,MIA,PIT,284.0,96.6,19.0,98.6,2667.0,823832,0.351,0.397,0.0,1.0,0.029,-0.262,0.597,0.262,0.816,0.184,6.0,2.0,0,0,0,0,0,0,0,0,0,1,0,0,0,0,1,92.87410938283995,2525.0561966884093,-0.5220873055694932,1.0124586051179127
2026-08-11,98.1,"Reynolds, Bryan",668804,691587,field_out,,R,MIA,PIT,7.0,68.7,-15.0,98.2,2726.0,823832,0.055,0.05,0.0,1.0,0.017,-0.235,0.056,0.235,0.655,0.345,6.0,2.0,0,0,0,0,0,0,0,0,0,1,0,0,0,0,1,92.87410938283995,2525.0561966884093,-0.5220873055694932,1.0124586051179127
2026-08-11,89.8,"Reynolds, Bryan",668804,691587,strikeout,,R,MIA,PIT,,,,90.2,2355.0,823832,,0.0,0.0,1.0,0.012,-0.302,,0.302,0.536,0.4639999999999999,6.0,2.0,0,0,0,0,0,0,0,0,0,0,1,0,0,0,1,92.87410938283995,2525.0561966884093,-0.5220873055694932,1.0124586051179127
2026-08-11,85.6,"Reynolds, Bryan",668804,664126,field_out,,R,MIA,PIT,296.0,85.9,31.0,85.0,2520.0,823832,0.031,0.044,0.0,1.0,0.025,-0.262,0.073,0.262,0.963,0.037,3.0,2.0,0,0,0,0,0,0,0,0,0,0,1,0,0,0,1,92.07605224963716,2450.5494186046512,0.14178779069767442,0.6529941860465116
2026-08-09,77.3,"Reynolds, Bryan",668804,640455,field_out,,R,PIT,NYM,334.0,92.7,26.0,78.0,2252.0,823345,0.171,0.224,0.0,1.0,-0.001,-0.236,0.351,0.236,0.003,0.003,5.0,1.0,0,0,0,0,0,0,0,0,0,0,0,1,0,1,0,85.46812896405919,2110.959830866808,0.4326691331923891,0.5150475687103594
2026-08-09,92.3,"Reynolds, Bryan",668804,640455,field_out,,R,PIT,NYM,40.0,74.3,0.0,94.0,2140.0,823345,0.104,0.096,0.0,1.0,-0.003,-0.216,0.114,0.216,0.02,0.02,5.0,1.0,0,0,0,0,0,0,1,0,0,0,0,0,0,1,0,85.46812896405919,2110.959830866808,0.4326691331923891,0.5150475687103594
2026-08-09,93.4,"Reynolds, Bryan",668804,640455,double,,R,PIT,NYM,289.0,81.8,34.0,94.5,2096.0,823345,0.031,0.038,1.25,1.0,0.022,0.553,0.058,-0.553,0.313,0.313,5.0,1.0,0,0,0,0,0,0,1,0,0,0,0,0,0,1,0,85.46812896405919,2110.959830866808,0.4326691331923891,0.5150475687103594
2026-08-08,91.0,"Reynolds, Bryan",668804,476594,walk,,R,PIT,NYM,,,,92.1,2349.0,823348,,0.6979,0.7,1.0,0.007,0.206,,-0.206,0.967,0.967,6.0,1.0,0,0,0,0,0,1,0,0,0,0,0,0,0,0,1,90.98675078864352,2252.5205047318614,-0.606750788643533,0.5641640378548896
2026-08-08,93.6,"Reynolds, Bryan",668804,476594,walk,,R,PIT,NYM,,,,94.1,2371.0,823348,,0.6979,0.7,1.0,0.009,0.215,,-0.215,0.809,0.809,6.0,1.0,0,0,0,0,0,1,0,0,0,0,0,0,0,0,1,90.98675078864352,2252.5205047318614,-0.606750788643533,0.5641640378548896
2026-08-08,85.8,"Reynolds, Bryan",668804,675540,strikeout,,R,PIT,NYM,,,,85.6,1682.0,823348,,0.0,0.0,1.0,-0.001,-0.2,,0.2,0.994,0.994,2.0,1.0,0,0,0,0,0,0,0,1,0,0,0,0,0,0,1,85.75809128630704,2184.298755186722,-0.11336099585062241,0.7550622406639004
2026-08-08,97.6,"Reynolds, Bryan",668804,476594,single,,R,PIT,NYM,102.0,57.3,14.0,97.7,2375.0,823348,0.162,0.151,0.9,1.0,0.048,0.556,0.197,-0.556,0.565,0.565,6.0,1.0,0,0,0,0,0,0,1,0,0,0,0,0,0,0,1,90.98675078864352,2252.5205047318614,-0.606750788643533,0.5641640378548896
2026-08-08,42.3,"Reynolds, Bryan",668804,620443,field_out,,R,PIT,NYM,4.0,67.9,-35.0,40.1,1100.0,823348,0.076,0.069,0.0,1.0,0.0,-0.387,0.08,0.387,0.999,0.999,35.0,1.0,0,0,0,1,0,0,0,0,0,0,0,0,0,0,1,41.97727272727274,1061.4545454545455,0.030454545454545446,1.4222727272727274
2026-08-07,89.1,"Reynolds, Bryan",668804,804267,single,,R,PIT,NYM,183.0,63.5,26.0,89.4,2404.0,823349,0.714,0.646,0.9,1.0,0.011,0.421,0.77,-0.421,0.048,0.048,6.0,1.0,0,0,0,0,0,1,0,0,0,0,0,0,0,1,0,87.44051490514904,2346.995929443691,-0.006734417344173439,0.7254065040650405
2026-08-07,94.9,"Reynolds, Bryan",668804,642207,field_out,,R,PIT,NYM,7.0,99.3,-18.0,96.5,2213.0,823349,0.198,0.178,0.0,1.0,-0.046,-0.275,0.202,0.275,0.046,0.046,5.0,1.0,0,0,0,0,0,0,1,0,0,0,0,0,0,0,1,89.17678571428571,2464.589635854342,-1.3530357142857143,0.5970741758241758
2026-08-07,86.3,"Reynolds, Bryan",668804,642376,truncated_pa,,R,PIT,NYM,,,,85.2,2550.0,823349,,,0.0,0.0,-0.03,-0.264,,0.264,0.066,0.066,2.0,1.0,0,0,0,0,0,0,0,0,0,0,1,0,0,1,0,95.03737373737373,2503.040404040404,0.6103030303030303,0.7019191919191917
2026-08-07,89.5,"Reynolds, Bryan",668804,804267,field_out,,R,PIT,NYM,8.0,105.4,-15.0,90.0,2382.0,823349,0.207,0.186,0.0,1.0,-0.01,-0.259,0.222,0.259,0.407,0.407,6.0,1.0,0,0,0,0,0,1,0,0,0,0,0,0,0,1,0,87.44051490514904,2346.995929443691,-0.006734417344173439,0.7254065040650405
2026-08-07,82.1,"Reynolds, Bryan",668804,650960,strikeout,,R,PIT,NYM,,,,81.6,2771.0,823349,,0.0,0.0,1.0,-0.011,-0.184,,0.184,0.039,0.039,2.0,1.0,0,0,0,0,0,0,0,0,0,0,0,1,0,0,1,88.43301282051281,2385.8333333333335,0.10250000000000001,0.6071794871794872
2026-08-07,94.6,"Reynolds, Bryan",668804,673380,double,,R,PIT,NYM,380.0,108.4,21.0,94.8,2224.0,823349,0.877,1.42,1.25,1.0,0.011,0.604,2.534,-0.604,0.025,0.025,2.0,1.0,0,0,0,0,0,0,1,0,0,0,0,0,0,0,1,93.37534246575343,2391.8082191780823,-0.21999999999999997,0.7960273972602739
2026-08-06,92.9,"Reynolds, Bryan",668804,669160,strikeout,,R,MIL,PIT,,,,93.5,2394.0,823754,,0.0,0.0,1.0,0.063,-0.309,,0.309,0.711,0.289,8.0,1.0,0,0,0,0,0,1,0,0,0,0,0,0,0,0,1,92.54326489734603,2528.1402103154733,-0.23342513770655982,0.46973960941412113
2026-08-06,85.9,"Reynolds, Bryan",668804,669160,walk,,R,MIL,PIT,,,,85.8,3162.0,823754,,0.6979,0.7,1.0,-0.04,0.365,,-0.365,0.616,0.384,8.0,1.0,0,0,0,0,0,0,0,0,0,0,0,1,0,0,1,92.54326489734603,2528.1402103154733,-0.23342513770655982,0.46973960941412113
2026-08-06,97.8,"Reynolds, Bryan",668804,676879,strikeout,,R,MIL,PIT,,,,96.9,2246.0,823754,,0.0,0.0,1.0,0.015,-0.187,,0.187,0.957,0.043,3.0,1.0,0,0,0,0,0,0,0,0,0,1,0,0,0,1,0,92.39659643435981,2257.4068071312804,0.5164100486223663,0.05575364667747163
2026-08-06,94.2,"Reynolds, Bryan",668804,669160,strikeout,,R,MIL,PIT,,,,95.5,2424.0,823754,,0.0,0.0,1.0,0.021,-0.164,,0.164,0.495,0.505,8.0,1.0,0,0,0,0,0,1,0,0,0,0,0,0,0,0,1,92.54326489734603,2528.1402103154733,-0.23342513770655982,0.46973960941412113
2026-08-05,80.1,"Reynolds, Bryan",668804,690986,strikeout,,R,MIL,PIT,,,,80.5,2137.0,823753,,0.0,0.0,1.0,0.014,-0.182,,0.182,0.533,0.4669999999999999,28.0,1.0,0,0,0,0,0,0,0,0,0,0,0,0,1,1,0,90.05876106194691,2205.7286135693216,0.45959882005899705,0.5945250737463127
2026-08-05,95.7,"Reynolds, Bryan",668804,690986,strikeout,,R,MIL,PIT,,,,96.0,2403.0,823753,,0.0,0.0,1.0,0.007,-0.179,,0.179,0.541,0.4589999999999999,28.0,1.0,0,0,0,0,0,0,1,0,0,0,0,0,0,1,0,90.05876106194691,2205.7286135693216,0.45959882005899705,0.5945250737463127
2026-08-05,98.2,"Reynolds, Bryan",668804,656730,field_out,,R,MIL,PIT,293.0,99.8,18.0,99.1,2174.0,823753,0.38,0.442,0.0,1.0,0.03,-0.311,0.666,0.311,0.958,0.042,1.0,1.0,0,0,0,0,0,0,1,0,0,0,0,0,0,0,1,94.4030701754386,2509.4040995607616,-0.1696345029239766,0.9561111111111111
2026-08-05,83.9,"Reynolds, Bryan",668804,669084,single,,R,MIL,PIT,239.0,100.7,11.0,84.5,2056.0,823753,0.911,0.886,0.9,1.0,-0.031,0.488,1.132,-0.488,0.943,0.057,3.0,1.0,1,0,0,0,0,0,0,0,0,0,0,0,0,1,0,89.71226277372263,2305.183941605839,0.47068613138686133,0.45179562043795624
2026-08-04,93.5,"Reynolds, Bryan",668804,701656,strikeout,,R,MIL,PIT,,,,93.1,2386.0,823756,,0.0,0.0,1.0,0.022,-0.184,,0.184,0.788,0.2119999999999999,7.0,1.0,0,0,0,0,0,0,1,0,0,0,0,0,0,0,1,88.19459172852598,2415.895015906681,-0.9147401908801698,1.020996818663839
2026-08-04,92.6,"Reynolds, Bryan",668804,701656,field_out,,R,MIL,PIT,8.0,73.5,-13.0,92.5,2345.0,823756,0.05,0.045,0.0,1.0,0.022,-0.261,0.057,0.261,0.415,0.585,7.0,1.0,0,0,0,0,0,0,1,0,0,0,0,0,0,0,1,88.19459172852598,2415.895015906681,-0.9147401908801698,1.020996818663839
2026-08-04,97.3,"Reynolds, Bryan",668804,682842,strikeout,,R,MIL,PIT,,,,98.2,2018.0,823756,,0.0,0.0,1.0,0.062,-0.253,,0.253,0.798,0.2019999999999999,3.0,1.0,0,0,0,0,0,0,0,0,0,1,0,0,0,0,1,94.55540897097626,2387.984147952444,-0.38882585751978893,0.48238786279683377
2026-08-04,92.9,"Reynolds, Bryan",668804,701656,force_out,,R,MIL,PIT,7.0,95.8,-18.0,92.9,2214.0,823756,0.155,0.14,0.0,1.0,0.024,-0.279,0.168,0.279,0.502,0.498,7.0,1.0,0,0,0,0,0,0,1,0,0,0,0,0,0,0,1,88.19459172852598,2415.895015906681,-0.9147401908801698,1.020996818663839
2026-08-03,82.2,"Reynolds, Bryan",668804,687075,single,,R,MIL,PIT,58.0,84.8,3.0,82.4,2557.0,823757,0.311,0.295,0.9,1.0,-0.034,0.383,0.349,-0.383,0.534,0.4659999999999999,7.0,1.0,0,0,1,0,0,0,0,0,0,0,0,0,0,0,1,92.87953873447664,2121.9243645381275,-0.33966883500887046,0.4675399172087522
2026-08-03,91.5,"Reynolds, Bryan",668804,668831,field_out,,R,MIL,PIT,291.0,88.9,44.0,92.3,1874.0,823757,0.003,0.003,0.0,1.0,0.015,-0.249,0.003,0.249,0.129,0.871,7.0,1.0,0,0,0,0,0,0,0,0,0,1,0,0,0,0,1,85.81311475409836,1868.516393442623,-0.705327868852459,0.5838524590163935
2026-08-03,88.8,"Reynolds, Bryan",668804,694477,field_out,,R,MIL,PIT,2.0,75.5,-32.0,88.5,2610.0,823757,0.046,0.041,0.0,1.0,0.009,-0.22,0.047,0.22,0.195,0.8049999999999999,2.0,1.0,0,0,0,0,0,0,0,0,0,0,0,0,1,0,1,92.12797744890767,2351.902748414376,-0.32201550387596894,0.9022621564482031
2026-08-03,96.8,"Reynolds, Bryan",668804,687075,single,,R,MIL,PIT,206.0,94.4,11.0,96.8,2129.0,823757,0.789,0.762,0.9,1.0,-0.008,0.228,0.924,-0.228,0.534,0.4659999999999999,7.0,1.0,0,0,0,0,0,0,1,0,0,0,0,0,0,0,1,92.87953873447664,2121.9243645381275,-0.33966883500887046,0.4675399172087522
2026-08-03,94.3,"Reynolds, Bryan",668804,676879,strikeout,,R,MIL,PIT,,,,93.7,1975.0,823757,,0.0,0.0,1.0,0.013,-0.182,,0.182,0.338,0.6619999999999999,5.0,1.0,1,0,0,0,0,0,0,0,0,0,0,0,0,1,0,92.39659643435981,2257.4068071312804,0.5164100486223663,0.05575364667747163
2026-08-02,88.7,"Reynolds, Bryan",668804,695505,strikeout,,R,CIN,PIT,,,,89.1,2849.0,824483,,0.0,0.0,1.0,0.002,-0.235,,0.235,0.994,0.006,5.0,1.0,0,0,0,0,0,0,0,0,0,0,1,0,0,0,1,94.35285969615728,2644.3534405719392,-0.122171581769437,0.9275469168900804
2026-08-02,95.3,"Reynolds, Bryan",668804,695505,single,,R,CIN,PIT,114.0,105.9,5.0,95.6,2604.0,824483,0.623,0.579,0.9,1.0,-0.019,0.634,0.703,-0.634,0.969,0.031,5.0,1.0,0,0,0,0,0,0,1,0,0,0,0,0,0,0,1,94.35285969615728,2644.3534405719392,-0.122171581769437,0.9275469168900804
2026-08-02,82.4,"Reynolds, Bryan",668804,622088,walk,,R,CIN,PIT,,,,81.9,3013.0,824483,,0.6979,0.7,1.0,-0.001,0.141,,-0.141,0.998,0.002,3.0,1.0,0,0,1,0,0,0,0,0,0,0,0,0,0,0,1,86.24646017699116,2790.671091445428,0.6715634218289085,0.21025073746312686
2026-08-02,87.9,"Reynolds, Bryan",668804,695505,field_out,,R,CIN,PIT,296.0,96.4,44.0,87.8,2651.0,824483,0.026,0.041,0.0,1.0,0.011,-0.297,0.073,0.297,0.537,0.4629999999999999,5.0,1.0,0,0,0,0,0,0,0,0,0,0,1,0,0,0,1,94.35285969615728,2644.3534405719392,-0.122171581769437,0.9275469168900804
2026-08-01,87.3,"Reynolds, Bryan",668804,671096,single,,R,CIN,PIT,248.0,76.5,27.0,88.1,2043.0,824485,0.534,0.491,0.9,1.0,-0.012,0.372,0.598,-0.372,0.175,0.825,6.0,1.0,1,0,0,0,0,0,0,0,0,0,0,0,0,1,0,87.3669163545568,2451.537245110279,0.1345110278818144,0.6883478984602581
2026-08-01,89.7,"Reynolds, Bryan",668804,671096,walk,,R,CIN,PIT,,,,89.3,2284.0,824485,,0.6979,0.7,1.0,-0.034,0.1,,-0.1,0.272,0.728,6.0,1.0,0,0,0,0,0,0,1,0,0,0,0,0,0,1,0,87.3669163545568,2451.537245110279,0.1345110278818144,0.6883478984602581
2026-08-01,92.6,"Reynolds, Bryan",668804,657571,field_out,,R,CIN,PIT,258.0,89.1,52.0,93.0,2495.0,824485,0.011,0.01,0.0,1.0,0.002,-0.302,0.014,0.302,0.041,0.959,1.0,1.0,0,0,0,0,0,0,1,0,0,0,0,0,0,1,0,89.18488372093023,2474.6976744186045,0.35934108527131786,0.531686046511628
2026-08-01,92.4,"Reynolds, Bryan",668804,671096,field_out,,R,CIN,PIT,391.0,102.1,24.0,92.5,2238.0,824485,0.623,1.02,0.0,1.0,0.024,-0.218,1.85,0.218,0.502,0.498,6.0,1.0,0,0,0,0,0,0,1,0,0,0,0,0,0,1,0,87.3669163545568,2451.537245110279,0.1345110278818144,0.6883478984602581
2026-08-01,84.3,"Reynolds, Bryan",668804,594580,grounded_into_double_play,,R,CIN,PIT,15.0,101.4,-7.0,81.5,1447.0,824485,0.278,0.25,0.0,1.0,0.028,-0.316,0.291,0.316,0.095,0.905,1.0,1.0,1,0,0,0,0,0,0,0,0,0,0,0,0,1,0,86.81927835051548,2496.418556701031,0.3091237113402062,-0.12234020618556701
2026-07-31,88.5,"Reynolds, Bryan",668804,668881,single,,R,CIN,PIT,84.0,69.2,9.0,89.3,1409.0,824486,0.252,0.227,0.9,1.0,-0.088,0.522,0.273,-0.522,0.683,0.3169999999999999,6.0,1.0,0,0,0,0,0,0,0,1,0,0,0,0,0,0,1,94.12543859649122,2260.84649122807,-0.2874122807017544,0.9058552631578948
2026-07-31,97.7,"Reynolds, Bryan",668804,668881,single,,R,CIN,PIT,208.0,78.0,21.0,98.3,2396.0,824486,0.951,0.86,0.9,1.0,-0.025,0.317,1.022,-0.317,0.378,0.622,6.0,1.0,0,0,0,0,0,0,1,0,0,0,0,0,0,0,1,94.12543859649122,2260.84649122807,-0.2874122807017544,0.9058552631578948
2026-07-31,88.8,"Reynolds, Bryan",668804,572955,field_out,,R,CIN,PIT,11.0,93.4,-6.0,87.3,2970.0,824486,0.201,0.185,0.0,1.0,0.023,-0.181,0.23,0.181,0.144,0.856,2.0,1.0,0,0,1,0,0,0,0,0,0,0,0,0,0,0,1,89.67446808510638,2649.5914332784187,0.04507364975450081,0.22774140752864153
2026-07-31,86.3,"Reynolds, Bryan",668804,594580,strikeout,,R,CIN,PIT,,,,83.4,1747.0,824486,,0.0,0.0,1.0,0.075,-0.311,,0.311,0.648,0.352,3.0,1.0,1,0,0,0,0,0,0,0,0,0,0,0,0,1,0,86.81927835051548,2496.418556701031,0.3091237113402062,-0.12234020618556701
2026-07-31,98.6,"Reynolds, Bryan",668804,668881,force_out,,R,CIN,PIT,79.0,99.9,3.0,98.9,2350.0,824486,0.54,0.501,0.0,1.0,0.028,-0.319,0.605,0.319,0.498,0.502,6.0,1.0,0,0,0,0,0,0,1,0,0,0,0,0,0,0,1,94.12543859649122,2260.84649122807,-0.2874122807017544,0.9058552631578948
2026-07-30,94.5,"Reynolds, Bryan",668804,695076,field_out,,R,CIN,PIT,6.0,108.6,-20.0,94.1,2317.0,824488,0.127,0.114,0.0,1.0,0.042,-0.342,0.137,0.342,0.492,0.508,6.0,1.0,0,0,0,0,0,0,1,0,0,0,0,0,0,0,1,89.17179788484138,2354.602820211516,-0.8197473560517039,0.35206227967097536
2026-07-30,93.4,"Reynolds, Bryan",668804,695076,strikeout,,R,CIN,PIT,,,,93.2,2339.0,824488,,0.0,0.0,1.0,0.034,-0.342,,0.342,0.722,0.278,6.0,1.0,0,0,0,0,0,0,1,0,0,0,0,0,0,0,1,89.17179788484138,2354.602820211516,-0.8197473560517039,0.35206227967097536
2026-07-30,87.6,"Reynolds, Bryan",668804,695076,field_out,,R,CIN,PIT,314.0,93.4,23.0,87.2,1909.0,824488,0.171,0.22,0.0,1.0,0.008,-0.215,0.345,0.215,0.54,0.4599999999999999,6.0,1.0,1,0,0,0,0,0,0,0,0,0,0,0,0,0,1,89.17179788484138,2354.602820211516,-0.8197473560517039,0.35206227967097536
2026-07-30,91.4,"Reynolds, Bryan",668804,622088,strikeout,,R,CIN,PIT,,,,90.9,2867.0,824488,,0.0,0.0,1.0,0.056,-0.342,,0.342,0.49,0.51,2.0,1.0,0,0,0,0,0,1,0,0,0,0,0,0,0,0,1,86.24646017699116,2790.671091445428,0.6715634218289085,0.21025073746312686
2026-07-29,90.5,"Reynolds, Bryan",668804,593958,walk,,R,PIT,AZ,,,,91.1,2128.0,823351,,0.6979,0.7,1.0,0.043,0.365,,-0.365,0.136,0.136,5.0,1.0,0,0,0,0,0,0,0,0,0,1,0,0,0,1,0,88.30172922817377,2174.287220582033,0.5710417545339519,0.7742345002108815
2026-07-29,88.7,"Reynolds, Bryan",668804,593958,single,,R,PIT,AZ,267.0,76.5,35.0,88.5,2283.0,823351,0.131,0.156,0.9,1.0,0.053,0.421,0.212,-0.421,0.313,0.313,5.0,1.0,0,0,0,0,0,1,0,0,0,0,0,0,0,1,0,88.30172922817377,2174.287220582033,0.5710417545339519,0.7742345002108815
2026-07-29,96.7,"Reynolds, Bryan",668804,805299,strikeout,,R,PIT,AZ,,,,95.7,2292.0,823351,,0.0,0.0,1.0,-0.011,-0.235,,0.235,0.016,0.016,1.0,1.0,0,0,0,0,0,0,0,0,0,1,0,0,0,1,0,93.57824351297404,2391.1457085828342,0.3322355289421157,0.32622754491017963
2026-07-29,89.0,"Reynolds, Bryan",668804,593958,field_out,,R,PIT,AZ,199.0,67.4,51.0,89.6,2294.0,823351,0.091,0.082,0.0,1.0,-0.009,-0.244,0.099,0.244,0.509,0.509,5.0,1.0,0,0,0,0,0,1,0,0,0,0,0,0,0,1,0,88.30172922817377,2174.287220582033,0.5710417545339519,0.7742345002108815
2026-07-28,87.0,"Reynolds, Bryan",668804,694297,field_out,,R,PIT,AZ,285.0,86.3,24.0,87.2,2879.0,823350,0.203,0.227,0.0,1.0,-0.02,-0.227,0.326,0.227,0.068,0.068,5.0,1.0,0,0,0,0,0,0,0,0,0,0,0,1,0,0,1,88.88035111411207,2451.1377447670493,-0.34027683997299124,0.4509453072248481
2026-07-28,90.6,"Reynolds, Bryan",668804,694297,field_out,,R,PIT,AZ,302.0,101.6,52.0,91.5,2449.0,823350,0.02,0.028,0.0,1.0,-0.015,-0.259,0.043,0.259,0.093,0.093,5.0,1.0,0,0,0,0,0,0,1,0,0,0,0,0,0,0,1,88.88035111411207,2451.1377447670493,-0.34027683997299124,0.4509453072248481
2026-07-28,89.8,"Reynolds, Bryan",668804,694297,strikeout,,R,PIT,AZ,,,,90.7,2736.0,823350,,0.0,0.0,1.0,-0.039,-0.311,,0.311,0.47,0.47,5.0,1.0,0,0,0,0,0,1,0,0,0,0,0,0,0,0,1,88.88035111411207,2451.1377447670493,-0.34027683997299124,0.4509453072248481
2026-07-28,92.4,"Reynolds, Bryan",668804,623149,home_run,,R,PIT,AZ,402.0,101.6,36.0,92.7,2630.0,823350,0.411,0.773,2.0,1.0,0.448,1.157,1.503,-1.157,0.191,0.191,4.0,1.0,0,0,0,0,0,0,1,0,0,0,0,0,0,0,1,87.92739726027398,2527.820395738204,-0.14289193302891937,0.7926179604261796
2026-07-28,88.5,"Reynolds, Bryan",668804,657044,walk,,R,PIT,AZ,,,,89.0,1994.0,823350,,0.6979,0.7,1.0,0.002,0.243,,-0.243,0.008,0.008,2.0,1.0,0,0,0,0,0,0,0,0,0,1,0,0,0,0,1,85.6151376146789,2094.3287461773702,-0.24882262996941895,-0.18446483180428133
2026-07-28,,"Reynolds, Bryan",668804,672629,intent_walk,,R,PIT,AZ,,,,,,823350,,,0.4,0.0,0.002,,,,0.809,0.809,3.0,1.0,0,0,0,0,0,0,0,0,0,0,0,0,0,0,1,91.07584541062803,1963.1739130434783,-0.45536231884057965,0.5009661835748792
2026-07-27,91.3,"Reynolds, Bryan",668804,518876,force_out,,R,PIT,AZ,5.0,73.1,-22.0,91.2,2221.0,823353,0.057,0.053,0.0,1.0,-0.052,-0.319,0.061,0.319,0.401,0.401,5.0,1.0,0,0,0,0,0,0,0,0,0,1,0,0,0,0,1,89.25699855699855,2314.4227994227995,-0.6608802308802308,0.4817941317941318
2026-07-27,90.3,"Reynolds, Bryan",668804,518876,strikeout,,R,PIT,AZ,,,,90.5,2372.0,823353,,0.0,0.0,1.0,-0.012,-0.164,,0.164,0.525,0.525,5.0,1.0,0,0,0,0,0,1,0,0,0,0,0,0,0,0,1,89.25699855699855,2314.4227994227995,-0.6608802308802308,0.4817941317941318
2026-07-27,98.4,"Reynolds, Bryan",668804,642528,double,,R,PIT,AZ,243.0,101.0,11.0,98.3,2329.0,823353,0.911,0.886,1.25,1.0,0.312,0.906,1.132,-0.906,0.27,0.27,1.0,1.0,0,0,0,0,0,0,0,0,0,1,0,0,0,0,1,94.30343461030382,2229.1704095112286,-0.9389035667107001,0.5680184940554822
2026-07-27,88.1,"Reynolds, Bryan",668804,518876,field_out,,R,PIT,AZ,19.0,100.2,-5.0,88.0,2261.0,823353,0.323,0.295,0.0,1.0,-0.008,-0.22,0.367,0.22,0.508,0.508,5.0,1.0,1,0,0,0,0,0,0,0,0,0,0,0,0,0,1,89.25699855699855,2314.4227994227995,-0.6608802308802308,0.4817941317941318
2026-07-26,80.0,"Reynolds, Bryan",668804,592791,double,,R,PIT,CHC,363.0,103.3,24.0,81.0,2679.0,823354,0.72,1.244,1.25,1.0,0.057,0.758,2.291,-0.758,0.768,0.768,6.0,1.0,0,0,1,0,0,0,0,0,0,0,0,0,0,0,1,86.24172560113155,2378.4578910120313,-0.04868458274398869,0.6634370579915134
2026-07-26,92.2,"Reynolds, Bryan",668804,650644,strikeout,,R,PIT,CHC,,,,92.3,2443.0,823354,,0.0,0.0,1.0,-0.004,-0.342,,0.342,0.972,0.972,5.0,1.0,0,0,0,0,0,0,1,0,0,0,0,0,0,0,1,85.85351662404092,2614.014705882353,0.10255754475703326,0.4032928388746803
2026-07-26,85.7,"Reynolds, Bryan",668804,592791,double_play,,R,PIT,CHC,367.0,99.1,31.0,86.4,1879.0,823354,0.371,0.717,0.0,1.0,-0.055,-0.311,1.364,0.311,0.555,0.555,6.0,1.0,1,0,0,0,0,0,0,0,0,0,0,0,0,0,1,86.24172560113155,2378.4578910120313,-0.04868458274398869,0.6634370579915134
2026-07-26,95.1,"Reynolds, Bryan",668804,669020,field_out,,R,PIT,CHC,3.0,99.1,-29.0,96.2,2337.0,823354,0.095,0.089,0.0,1.0,-0.003,-0.28,0.108,0.28,0.911,0.911,4.0,1.0,0,0,0,0,0,0,1,0,0,0,0,0,0,1,0,89.38837803320563,2421.0178799489145,-0.18227330779054918,0.35062579821200507
2026-07-25,78.9,"Reynolds, Bryan",668804,684007,field_out,,R,PIT,CHC,278.0,86.6,45.0,78.8,2513.0,823355,0.003,0.003,0.0,1.0,-0.005,-0.249,0.003,0.249,0.015,0.015,6.0,1.0,0,0,0,0,0,0,0,0,0,0,0,1,0,1,0,86.4997341603899,2042.8297872340424,0.5866592822330527,0.798848028356225
2026-07-25,81.2,"Reynolds, Bryan",668804,684007,field_out,,R,PIT,CHC,220.0,90.7,60.0,81.5,1100.0,823355,0.023,0.024,0.0,1.0,-0.023,-0.216,0.036,0.216,0.556,0.556,6.0,1.0,0,0,0,0,0,0,0,1,0,0,0,0,0,1,0,86.4997341603899,2042.8297872340424,0.5866592822330527,0.798848028356225
2026-07-25,81.1,"Reynolds, Bryan",668804,684007,field_out,,R,PIT,CHC,3.0,84.2,-42.0,81.3,1191.0,823355,0.068,0.064,0.0,1.0,-0.01,-0.259,0.075,0.259,0.51,0.51,6.0,1.0,0,0,0,0,0,0,0,1,0,0,0,0,0,1,0,86.4997341603899,2042.8297872340424,0.5866592822330527,0.798848028356225
2026-07-24,81.2,"Reynolds, Bryan",668804,571510,strikeout,,R,PIT,CHC,,,,81.2,2538.0,823352,,0.0,0.0,1.0,-0.048,-0.17,,0.17,0.708,0.708,6.0,2.0,0,0,0,0,0,0,0,0,0,0,1,0,0,1,0,85.14800901577762,2215.9286250939144,0.7550262960180315,0.46403456048084146
2026-07-24,93.0,"Reynolds, Bryan",668804,571510,field_out,,R,PIT,CHC,346.0,108.5,15.0,93.4,2436.0,823352,0.671,0.737,0.0,1.0,-0.019,-0.184,1.095,0.184,0.552,0.552,6.0,2.0,0,0,0,0,0,0,1,0,0,0,0,0,0,1,0,85.14800901577762,2215.9286250939144,0.7550262960180315,0.46403456048084146
2026-07-24,84.4,"Reynolds, Bryan",668804,668970,field_out,,R,PIT,CHC,329.0,106.2,20.0,84.4,1935.0,823352,0.669,0.961,0.0,1.0,-0.047,-0.215,1.634,0.215,0.047,0.047,2.0,2.0,1,0,0,0,0,0,0,0,0,0,0,0,0,0,1,90.44426877470356,2574.395256916996,-0.3568774703557312,0.5090118577075099
2026-07-24,93.4,"Reynolds, Bryan",668804,571510,field_out,,R,PIT,CHC,201.0,76.8,54.0,93.0,2529.0,823352,0.069,0.069,0.0,1.0,-0.01,-0.259,0.093,0.259,0.51,0.51,6.0,2.0,0,0,0,0,0,0,1,0,0,0,0,0,0,1,0,85.14800901577762,2215.9286250939144,0.7550262960180315,0.46403456048084146
2026-07-24,85.8,"Reynolds, Bryan",668804,657097,strikeout,,R,PIT,CHC,,,,85.1,2202.0,823352,,0.0,0.0,1.0,-0.028,-0.163,,0.163,0.59,0.59,4.0,2.0,1,0,0,0,0,0,0,0,0,0,0,0,0,0,1,89.09670912951168,2418.695329087049,-0.8311995753715498,0.7944267515923569
2026-07-22,97.4,"Reynolds, Bryan",668804,543037,field_out,,R,NYY,PIT,123.0,71.6,71.0,97.3,2274.0,823518,0.003,0.004,0.0,1.0,0.024,-0.243,0.004,0.243,0.236,0.764,5.0,2.0,0,0,0,0,0,0,1,0,0,0,0,0,0,0,1,92.11463601532567,2362.9831029185866,-0.44132567049808435,0.7233639846743296
2026-07-22,85.1,"Reynolds, Bryan",668804,543037,field_out,,R,NYY,PIT,239.0,71.7,31.0,85.2,1894.0,823518,0.623,0.564,0.0,1.0,0.009,-0.179,0.669,0.179,0.551,0.4489999999999999,5.0,2.0,1,0,0,0,0,0,0,0,0,0,0,0,0,0,1,92.11463601532567,2362.9831029185866,-0.44132567049808435,0.7233639846743296
2026-07-22,81.2,"Reynolds, Bryan",668804,608331,strikeout,,R,NYY,PIT,,,,80.9,2868.0,823519,,0.0,0.0,1.0,0.014,-0.182,,0.182,0.533,0.4669999999999999,70.0,0.0,0,0,0,0,0,0,0,0,0,0,0,1,0,1,0,88.37430555555557,2246.678240740741,0.0938888888888889,0.3102083333333333
2026-07-22,98.3,"Reynolds, Bryan",668804,608331,strikeout,,R,NYY,PIT,,,,99.1,2132.0,823519,,0.0,0.0,1.0,0.008,-0.22,,0.22,0.54,0.4599999999999999,70.0,0.0,0,0,0,0,0,0,1,0,0,0,0,0,0,1,0,88.37430555555557,2246.678240740741,0.0938888888888889,0.3102083333333333
2026-07-22,97.3,"Reynolds, Bryan",668804,543037,strikeout,,R,NYY,PIT,,,,96.9,2364.0,823518,,0.0,0.0,1.0,0.007,-0.179,,0.179,0.541,0.4589999999999999,5.0,2.0,0,0,0,0,0,0,1,0,0,0,0,0,0,0,1,92.11463601532567,2362.9831029185866,-0.44132567049808435,0.7233639846743296
2026-07-22,95.2,"Reynolds, Bryan",668804,701542,field_out,,R,NYY,PIT,1.0,82.7,-58.0,95.8,2509.0,823519,0.287,0.258,0.0,1.0,0.043,-0.279,0.288,0.279,0.918,0.0819999999999999,10.0,0.0,0,0,0,0,0,0,0,0,0,1,0,0,0,0,1,90.20801526717557,2498.4904489016235,-0.4162452290076336,0.5508015267175572
2026-07-22,94.6,"Reynolds, Bryan",668804,621112,strikeout,,R,NYY,PIT,,,,95.1,1917.0,823519,,0.0,0.0,1.0,-0.025,-0.309,,0.309,0.428,0.5720000000000001,3.0,0.0,0,0,0,0,0,0,0,0,0,1,0,0,0,0,1,89.67032967032966,2228.990990990991,-0.368061938061938,0.36475524475524473
2026-07-22,97.7,"Reynolds, Bryan",668804,670280,field_out,,R,NYY,PIT,157.0,93.2,70.0,98.2,2476.0,823518,0.003,0.003,0.0,1.0,0.077,-0.232,0.003,0.232,0.423,0.577,3.0,2.0,0,0,0,0,0,0,1,0,0,0,0,0,0,0,1,90.37835269271383,2085.7064413938756,-0.46906019007391764,0.6229672650475185
2026-07-22,93.6,"Reynolds, Bryan",668804,665645,strikeout,,R,NYY,PIT,,,,94.4,2530.0,823518,,0.0,0.0,1.0,0.032,-0.199,,0.199,0.126,0.874,75.0,2.0,0,0,0,0,0,1,0,0,0,0,0,0,0,0,1,91.90638297872339,2364.968085106383,-0.056489361702127656,0.966808510638298
2026-07-20,86.2,"Reynolds, Bryan",668804,677960,field_out,,R,NYY,PIT,11.0,100.9,-8.0,85.2,1855.0,823522,0.281,0.259,0.0,1.0,0.02,-0.216,0.306,0.216,0.839,0.161,10.0,1.0,1,0,0,0,0,0,0,0,0,0,0,0,0,1,0,88.87966485507246,2333.0751811594205,0.5025226449275363,0.46472826086956526
2026-07-20,89.7,"Reynolds, Bryan",668804,677960,walk,,R,NYY,PIT,,,,89.4,2608.0,823522,,0.6979,0.7,1.0,-0.026,0.258,,-0.258,0.595,0.405,10.0,1.0,0,0,0,0,0,0,0,0,0,0,1,0,0,1,0,88.87966485507246,2333.0751811594205,0.5025226449275363,0.46472826086956526
2026-07-20,95.7,"Reynolds, Bryan",668804,677960,single,,R,NYY,PIT,1.0,75.0,-53.0,94.8,2334.0,823522,0.267,0.24,0.9,1.0,-0.008,0.228,0.268,-0.228,0.534,0.4659999999999999,10.0,1.0,0,0,0,0,0,0,0,0,0,1,0,0,0,1,0,88.87966485507246,2333.0751811594205,0.5025226449275363,0.46472826086956526
2026-07-20,95.0,"Reynolds, Bryan",668804,687396,strikeout,,R,NYY,PIT,,,,96.8,2300.0,823522,,0.0,0.0,1.0,0.011,-0.182,,0.182,0.922,0.0779999999999999,1.0,1.0,0,0,0,0,0,0,1,0,0,0,0,0,0,1,0,90.11110009910803,2119.0842418235875,0.44063429137760163,0.9807135777998018
2026-07-19,79.6,"Reynolds, Bryan",668804,676282,force_out,,R,CLE,PIT,4.0,91.0,-26.0,80.1,2639.0,824411,0.082,0.08,0.0,1.0,0.031,-0.319,0.107,0.319,0.36,0.64,7.0,1.0,0,0,1,0,0,0,0,0,0,0,0,0,0,1,0,84.91994485294117,2028.5629595588234,0.1142922794117647,0.337265625
2026-07-19,81.0,"Reynolds, Bryan",668804,676282,strikeout,,R,CLE,PIT,,,,81.1,2730.0,824411,,0.0,0.0,1.0,0.015,-0.184,,0.184,0.395,0.605,7.0,1.0,0,0,1,0,0,0,0,0,0,0,0,0,0,1,0,84.91994485294117,2028.5629595588234,0.1142922794117647,0.337265625
2026-07-19,96.9,"Reynolds, Bryan",668804,680916,strikeout,,R,CLE,PIT,,,,98.5,2568.0,824411,,0.0,0.0,1.0,0.009,-0.167,,0.167,0.075,0.925,1.0,1.0,0,0,0,0,0,0,1,0,0,0,0,0,0,0,1,92.96946107784431,2466.877245508982,-0.8538323353293413,0.7767664670658684
2026-07-19,90.6,"Reynolds, Bryan",668804,702021,strikeout,,R,CLE,PIT,,,,90.1,2428.0,824411,,0.0,0.0,1.0,0.001,-0.155,,0.155,0.014,0.986,1.0,1.0,0,0,0,0,0,0,1,0,0,0,0,0,0,1,0,86.10696055684453,2192.8816705336426,0.22396751740139212,0.9565429234338747
2026-07-19,81.4,"Reynolds, Bryan",668804,676282,strikeout,,R,CLE,PIT,,,,81.9,2741.0,824411,,0.0,0.0,1.0,0.017,-0.156,,0.156,0.509,0.491,7.0,1.0,0,0,1,0,0,0,0,0,0,0,0,0,0,1,0,84.91994485294117,2028.5629595588234,0.1142922794117647,0.337265625
2026-07-18,96.9,"Reynolds, Bryan",668804,668909,single,,R,CLE,PIT,132.0,79.3,9.0,98.4,2271.0,824414,0.334,0.301,0.9,1.0,-0.035,0.512,0.359,-0.512,0.373,0.627,9.0,6.0,0,0,0,0,0,0,1,0,0,0,0,0,0,0,1,90.9354077253219,2282.6802575107295,-0.014231759656652365,0.2085364806866953
2026-07-18,90.5,"Reynolds, Bryan",668804,671106,field_out,,R,CLE,PIT,6.0,82.1,-25.0,89.7,2211.0,824412,0.062,0.056,0.0,1.0,0.028,-0.136,0.063,0.136,0.341,0.659,54.0,0.0,0,0,0,0,0,0,1,0,0,0,0,0,0,1,0,86.38595505617978,2130.7303370786517,0.24044943820224718,0.6526966292134831
2026-07-18,97.5,"Reynolds, Bryan",668804,668909,strikeout,,R,CLE,PIT,,,,98.9,2327.0,824414,,0.0,0.0,1.0,0.006,-0.179,,0.179,0.322,0.6779999999999999,9.0,6.0,0,0,0,0,0,0,1,0,0,0,0,0,0,0,1,90.9354077253219,2282.6802575107295,-0.014231759656652365,0.2085364806866953
2026-07-18,92.9,"Reynolds, Bryan",668804,670036,double,,R,CLE,PIT,315.0,107.7,17.0,93.7,2522.0,824414,0.62,0.758,1.25,1.0,-0.014,0.728,1.186,-0.728,0.03,0.97,10.0,6.0,0,0,0,0,0,0,1,0,0,0,0,0,0,0,1,88.81317919075144,2584.8554913294797,0.5346936416184971,0.5998612716763004
2026-07-18,84.2,"Reynolds, Bryan",668804,670059,walk,,R,CLE,PIT,,,,84.8,2489.0,824412,,0.6979,0.7,1.0,-0.004,0.295,,-0.295,0.122,0.878,7.0,0.0,0,0,0,0,0,0,0,0,0,0,0,1,0,0,1,91.34166666666665,2430.6070496083553,-0.34125,0.36859375
2026-07-18,84.8,"Reynolds, Bryan",668804,671106,double,,R,CLE,PIT,375.0,104.5,25.0,85.2,2364.0,824412,0.894,1.739,1.25,1.0,-0.024,0.596,3.335,-0.596,0.54,0.4599999999999999,54.0,0.0,0,0,0,0,0,1,0,0,0,0,0,0,0,1,0,86.38595505617978,2130.7303370786517,0.24044943820224718,0.6526966292134831
2026-07-18,94.1,"Reynolds, Bryan",668804,542888,strikeout,,R,CLE,PIT,,,,94.9,2102.0,824412,,0.0,0.0,1.0,0.016,-0.192,,0.192,0.2,0.8,6.0,0.0,0,0,0,0,0,0,1,0,0,0,0,0,0,0,1,90.25628140703517,2345.4907872696817,-0.0021775544388609714,0.9152931323283081
2026-07-18,97.8,"Reynolds, Bryan",668804,668909,strikeout,,R,CLE,PIT,,,,99.0,2242.0,824414,,0.0,0.0,1.0,0.017,-0.156,,0.156,0.509,0.491,9.0,6.0,0,0,0,0,0,0,1,0,0,0,0,0,0,0,1,90.9354077253219,2282.6802575107295,-0.014231759656652365,0.2085364806866953
2026-07-12,87.4,"Reynolds, Bryan",668804,688107,single,,R,PIT,MIL,188.0,88.7,13.0,88.7,2505.0,823358,0.914,0.876,0.9,1.0,0.009,0.421,1.07,-0.421,0.886,0.886,5.0,1.0,0,0,0,0,0,1,0,0,0,0,0,0,0,1,0,88.11060855263158,2271.6455592105262,0.22580592105263156,0.6162088815789474
2026-07-12,81.6,"Reynolds, Bryan",668804,688107,strikeout,,R,PIT,MIL,,,,82.4,2404.0,823358,,0.0,0.0,1.0,-0.008,-0.22,,0.22,0.508,0.508,5.0,1.0,0,0,0,0,0,0,0,0,0,0,0,1,0,1,0,88.11060855263158,2271.6455592105262,0.22580592105263156,0.6162088815789474
2026-07-12,91.3,"Reynolds, Bryan",668804,657649,hit_by_pitch,,R,PIT,MIL,,,,91.7,2274.0,823358,,0.728866,0.7,1.0,0.018,0.391,,-0.391,0.956,0.956,4.0,1.0,0,0,0,0,0,1,0,0,0,0,0,0,0,1,0,90.33602484472048,2196.7018633540374,0.7431055900621119,0.8075155279503105
2026-07-12,95.4,"Reynolds, Bryan",668804,684974,hit_by_pitch,,R,PIT,MIL,,,,97.4,2472.0,823358,,0.728866,0.7,1.0,0.0,0.365,,-0.365,0.999,0.999,1.0,1.0,0,0,0,0,0,0,0,0,0,1,0,0,0,0,1,86.42406542056075,2490.754672897196,-1.1936682242990655,0.17137850467289717
2026-07-11,94.9,"Reynolds, Bryan",668804,675660,single,,R,PIT,MIL,132.0,97.9,5.0,94.6,2429.0,823356,0.554,0.526,0.9,1.0,0.143,0.595,0.642,-0.595,0.599,0.599,5.0,0.0,0,0,0,0,0,0,0,0,0,1,0,0,0,1,0,90.23723875870803,2555.8236824983733,0.4263077897403419,0.5139138695376821
2026-07-11,97.4,"Reynolds, Bryan",668804,687075,strikeout,,R,PIT,MIL,,,,97.8,1940.0,823357,,0.0,0.0,1.0,-0.022,-0.344,,0.344,0.534,0.534,6.0,2.0,0,0,0,0,0,0,0,0,0,1,0,0,0,0,1,92.87953873447664,2121.9243645381275,-0.33966883500887046,0.4675399172087522
2026-07-11,93.9,"Reynolds, Bryan",668804,675660,double,,R,PIT,MIL,11.0,84.4,-11.0,93.2,2336.0,823356,0.111,0.1,1.25,1.0,0.055,0.672,0.129,-0.672,0.53,0.53,5.0,0.0,0,0,0,0,0,0,0,0,0,1,0,0,0,1,0,90.23723875870803,2555.8236824983733,0.4263077897403419,0.5139138695376821
2026-07-11,84.0,"Reynolds, Bryan",668804,687075,hit_by_pitch,,R,PIT,MIL,,,,84.1,2582.0,823357,,0.728866,0.7,1.0,0.045,0.403,,-0.403,0.542,0.542,6.0,2.0,0,0,1,0,0,0,0,0,0,0,0,0,0,0,1,92.87953873447664,2121.9243645381275,-0.33966883500887046,0.4675399172087522
2026-07-11,80.2,"Reynolds, Bryan",668804,684974,field_out,,R,PIT,MIL,63.0,99.2,2.0,81.2,2568.0,823357,0.426,0.384,0.0,1.0,-0.032,-0.259,0.453,0.259,0.289,0.289,4.0,2.0,1,0,0,0,0,0,0,0,0,0,0,0,0,0,1,86.42406542056075,2490.754672897196,-1.1936682242990655,0.17137850467289717
2026-07-11,85.3,"Reynolds, Bryan",668804,675660,field_out,,R,PIT,MIL,299.0,91.8,29.0,85.3,2683.0,823356,0.074,0.116,0.0,1.0,-0.011,-0.3,0.195,0.3,0.511,0.511,5.0,0.0,0,0,0,0,0,0,0,0,0,0,1,0,0,1,0,90.23723875870803,2555.8236824983733,0.4263077897403419,0.5139138695376821
2026-07-11,84.8,"Reynolds, Bryan",668804,676879,strikeout,,R,PIT,MIL,,,,83.5,2529.0,823357,,0.0,0.0,1.0,-0.071,-0.188,,0.188,0.351,0.351,2.0,2.0,0,0,1,0,0,0,0,0,0,0,0,0,0,1,0,92.39659643435981,2257.4068071312804,0.5164100486223663,0.05575364667747163
2026-07-11,89.4,"Reynolds, Bryan",668804,682842,walk,,R,PIT,MIL,,,,89.9,2649.0,823356,,0.6979,0.7,1.0,0.024,0.346,,-0.346,0.89,0.89,2.0,0.0,0,0,0,0,0,0,0,0,0,0,1,0,0,0,1,94.55540897097626,2387.984147952444,-0.38882585751978893,0.48238786279683377
2026-07-09,83.3,"Reynolds, Bryan",668804,693821,home_run,,R,PIT,ATL,390.0,102.2,30.0,83.2,2478.0,823359,0.614,1.17,2.0,1.0,0.085,1.501,2.252,-1.501,0.216,0.216,12.0,1.0,0,0,0,0,0,0,0,0,0,0,1,0,0,0,1,88.51027629665536,2158.2918080465342,-0.4165244789142026,0.5777653902084343
2026-07-09,83.5,"Reynolds, Bryan",668804,702275,walk,,R,PIT,ATL,,,,83.8,2707.0,823359,,0.6979,0.7,1.0,0.046,0.258,,-0.258,0.395,0.395,5.0,1.0,0,0,1,0,0,0,0,0,0,0,0,0,0,0,1,88.99501466275659,2330.58357771261,-0.2795014662756598,0.11902248289345062
2026-07-09,90.5,"Reynolds, Bryan",668804,682989,field_out,,R,PIT,ATL,364.0,102.8,39.0,90.9,2553.0,823359,0.317,0.615,0.0,1.0,-0.006,-0.247,1.189,0.247,0.007,0.007,50.0,1.0,0,0,0,0,0,1,0,0,0,0,0,0,0,0,1,93.24038997214485,2452.0278551532033,-0.42785515320334266,0.6389693593314762
2026-07-09,82.9,"Reynolds, Bryan",668804,693821,field_out,,R,PIT,ATL,313.0,95.7,26.0,83.0,2243.0,823359,0.231,0.363,0.0,1.0,-0.026,-0.218,0.645,0.218,0.446,0.446,12.0,1.0,0,0,0,0,0,0,0,0,0,0,1,0,0,0,1,88.51027629665536,2158.2918080465342,-0.4165244789142026,0.5777653902084343
2026-07-09,88.2,"Reynolds, Bryan",668804,689266,field_out,,R,PIT,ATL,7.0,66.5,-17.0,88.3,1982.0,823359,0.03,0.027,0.0,1.0,-0.048,-0.387,0.031,0.387,0.305,0.305,1.0,1.0,0,0,0,0,0,1,0,0,0,0,0,0,0,1,0,91.04514106583072,2145.7633228840127,0.5033542319749216,1.0435109717868338
2026-07-08,94.2,"Reynolds, Bryan",668804,656550,single,,R,PIT,ATL,204.0,97.3,13.0,94.7,2233.0,823360,0.954,0.907,0.9,1.0,0.026,0.289,1.133,-0.289,0.529,0.529,5.0,1.0,0,0,0,0,0,0,1,0,0,0,0,0,0,0,1,89.47591901971232,2460.445924347363,-0.3150293020777837,0.41476291955247735
2026-07-08,85.2,"Reynolds, Bryan",668804,656550,strikeout,,R,PIT,ATL,,,,85.5,2851.0,823360,,0.0,0.0,1.0,-0.02,-0.175,,0.175,0.542,0.542,5.0,1.0,0,0,0,0,0,0,0,0,0,0,1,0,0,0,1,89.47591901971232,2460.445924347363,-0.3150293020777837,0.41476291955247735
2026-07-08,86.8,"Reynolds, Bryan",668804,669276,field_out,,R,PIT,ATL,10.0,82.4,-12.0,87.5,1555.0,823360,0.108,0.101,0.0,1.0,-0.017,-0.259,0.118,0.259,0.093,0.093,2.0,1.0,1,0,0,0,0,0,0,0,0,0,0,0,0,1,0,86.40582191780823,2134.3390410958905,0.26731735159817355,0.8340753424657535
2026-07-08,86.1,"Reynolds, Bryan",668804,800311,strikeout,,R,PIT,ATL,,,,87.5,2674.0,823360,,0.0,0.0,1.0,-0.02,-0.163,,0.163,0.562,0.562,2.0,1.0,0,0,0,0,0,0,0,0,0,0,1,0,0,0,1,93.93097826086957,2182.2097826086956,-0.5787826086956522,0.9186086956521741
2026-07-07,83.9,"Reynolds, Bryan",668804,694462,walk,,R,PIT,ATL,,,,84.3,2075.0,823361,,0.6979,0.7,1.0,0.003,0.243,,-0.243,0.944,0.944,5.0,2.0,0,0,0,0,0,0,0,0,0,0,1,0,0,0,1,88.91813953488372,1918.320930232558,-0.3663255813953488,0.33934883720930226
2026-07-07,85.4,"Reynolds, Bryan",668804,694462,walk,,R,PIT,ATL,,,,85.4,2270.0,823361,,0.6979,0.7,1.0,0.021,0.365,,-0.365,0.768,0.768,5.0,2.0,0,0,0,0,0,0,0,0,0,0,1,0,0,0,1,88.91813953488372,1918.320930232558,-0.3663255813953488,0.33934883720930226
2026-07-07,92.1,"Reynolds, Bryan",668804,671162,field_out,,R,PIT,ATL,320.0,93.3,32.0,91.8,2367.0,823361,0.097,0.178,0.0,1.0,0.0,-0.223,0.322,0.223,0.981,0.981,,2.0,0,0,0,0,0,0,0,0,0,1,0,0,0,1,0,87.8765100671141,2326.0335570469797,0.49013422818791946,0.3010738255033557
2026-07-07,92.8,"Reynolds, Bryan",668804,694462,walk,,R,PIT,ATL,,,,93.5,2239.0,823361,,0.6979,0.7,1.0,0.064,0.364,,-0.364,0.555,0.555,5.0,2.0,0,0,0,0,0,1,0,0,0,0,0,0,0,0,1,88.91813953488372,1918.320930232558,-0.3663255813953488,0.33934883720930226
2026-07-05,86.2,"Reynolds, Bryan",668804,676917,home_run,,R,WSH,PIT,399.0,100.9,30.0,86.1,2106.0,822715,0.557,1.09,2.0,1.0,-0.065,1.127,2.091,-1.127,0.207,0.793,5.0,1.0,1,0,0,0,0,0,0,0,0,0,0,0,0,0,1,91.62818104184458,2232.8251389482684,-0.11433390264730998,0.22670367207514946
2026-07-05,97.3,"Reynolds, Bryan",668804,678868,field_out,,R,WSH,PIT,3.0,81.3,-37.0,98.4,2303.0,822715,0.052,0.047,0.0,1.0,0.032,-0.298,0.059,0.298,0.279,0.721,,1.0,0,0,0,0,0,0,0,0,0,1,0,0,0,0,1,93.67642857142854,2251.6,-0.8768571428571429,0.41021428571428575
2026-07-05,87.1,"Reynolds, Bryan",668804,676917,field_out,,R,WSH,PIT,7.0,70.0,-18.0,87.3,2300.0,822715,0.068,0.068,0.0,1.0,0.025,-0.203,0.075,0.203,0.486,0.514,5.0,1.0,0,0,0,0,0,0,0,0,1,0,0,0,0,0,1,91.62818104184458,2232.8251389482684,-0.11433390264730998,0.22670367207514946
2026-07-05,84.9,"Reynolds, Bryan",668804,695418,field_out,,R,WSH,PIT,82.0,102.3,4.0,83.5,2556.0,822715,0.594,0.554,0.0,1.0,0.033,-0.231,0.669,0.231,0.506,0.494,4.0,1.0,0,0,0,0,0,0,0,0,0,0,1,0,0,0,1,90.4974449339207,2442.504862953139,-0.7500881057268722,0.36340088105726875
2026-07-05,82.7,"Reynolds, Bryan",668804,664875,strikeout,,R,WSH,PIT,,,,83.5,2948.0,822715,,0.0,0.0,1.0,0.001,-0.164,,0.164,0.02,0.98,2.0,1.0,0,0,0,0,0,0,0,0,0,0,0,1,0,0,1,89.67543859649123,2676.768328445748,-0.09871345029239767,0.25510233918128655
2026-07-04,87.7,"Reynolds, Bryan",668804,641793,field_out,,R,WSH,PIT,171.0,73.5,63.0,88.0,2102.0,822716,0.003,0.004,0.0,1.0,0.004,-0.164,0.006,0.164,0.114,0.886,6.0,1.0,0,0,0,0,0,0,0,0,0,0,1,0,0,0,1,87.83589341692792,1851.835945663532,-0.39868338557993727,0.7093521421107628
2026-07-04,89.8,"Reynolds, Bryan",668804,683000,field_out,,R,WSH,PIT,11.0,80.6,-13.0,90.8,2113.0,822716,0.085,0.077,0.0,1.0,0.0,-0.262,0.098,0.262,0.003,0.997,3.0,1.0,0,0,0,0,0,1,0,0,0,0,0,0,0,0,1,90.02731707317072,2320.5731707317073,-0.30478048780487804,0.7669756097560977
2026-07-04,73.3,"Reynolds, Bryan",668804,687223,single,,R,WSH,PIT,124.0,83.0,10.0,75.0,1955.0,822716,0.454,0.413,0.9,1.0,-0.06,0.669,0.486,-0.669,0.495,0.505,3.0,1.0,0,0,0,0,0,0,0,0,0,0,0,1,0,1,0,82.83290734824281,2070.0351437699683,0.13977635782747602,0.3551757188498402
2026-07-04,90.1,"Reynolds, Bryan",668804,641793,field_out,,R,WSH,PIT,148.0,54.7,49.0,90.4,2201.0,822716,0.029,0.026,0.0,1.0,0.023,-0.2,0.029,0.2,0.203,0.7969999999999999,6.0,1.0,0,0,0,0,0,0,0,0,0,0,1,0,0,0,1,87.83589341692792,1851.835945663532,-0.39868338557993727,0.7093521421107628
2026-07-04,96.6,"Reynolds, Bryan",668804,683000,single,,R,WSH,PIT,12.0,16.1,67.0,97.3,2376.0,822716,0.1,0.09,0.9,1.0,-0.004,0.395,0.1,-0.395,0.035,0.965,3.0,1.0,0,0,0,0,0,0,1,0,0,0,0,0,0,0,1,90.02731707317072,2320.5731707317073,-0.30478048780487804,0.7669756097560977
2026-07-03,87.9,"Reynolds, Bryan",668804,656492,home_run,,R,WSH,PIT,426.0,109.8,23.0,88.2,2135.0,822714,0.989,1.949,2.0,1.0,-0.093,2.49,3.766,-2.49,0.75,0.25,6.0,1.0,0,0,0,0,0,1,0,0,0,0,0,0,0,1,0,85.87175408426482,2156.8009458297506,-0.07995270851246777,0.4582459157351677
2026-07-03,93.0,"Reynolds, Bryan",668804,687849,double,,R,WSH,PIT,349.0,105.9,16.0,93.5,2542.0,822714,0.566,0.662,1.25,1.0,-0.001,0.762,1.003,-0.762,0.999,0.001,3.0,1.0,0,0,0,0,0,0,1,0,0,0,0,0,0,0,1,88.65692307692309,2736.3615384615387,0.3099230769230769,0.197
2026-07-03,88.1,"Reynolds, Bryan",668804,656492,fielders_choice,,R,WSH,PIT,6.0,72.3,-24.0,88.9,2309.0,822714,0.044,0.04,0.9,1.0,-0.039,0.444,0.045,-0.444,0.499,0.501,6.0,1.0,0,0,0,0,0,1,0,0,0,0,0,0,0,1,0,85.87175408426482,2156.8009458297506,-0.07995270851246777,0.4582459157351677
2026-07-03,98.6,"Reynolds, Bryan",668804,687377,strikeout,,R,WSH,PIT,,,,98.9,2748.0,822714,,0.0,0.0,1.0,0.022,-0.342,,0.342,0.913,0.0869999999999999,3.0,1.0,0,0,0,0,0,0,1,0,0,0,0,0,0,0,1,91.43642072213501,2294.14442700157,-0.4320879120879121,0.8948979591836734
2026-07-03,87.0,"Reynolds, Bryan",668804,690925,strikeout,,R,WSH,PIT,,,,86.8,2847.0,822714,,0.0,0.0,1.0,0.048,-0.204,,0.204,0.923,0.0769999999999999,6.0,1.0,0,0,0,0,0,0,0,0,0,0,1,0,0,0,1,90.77671009771987,2603.399022801303,0.011107491856677528,0.47138436482084684
2026-07-02,75.4,"Reynolds, Bryan",668804,660604,single,,R,PHI,PIT,360.0,99.4,41.0,76.1,1958.0,823442,0.08,0.137,0.9,1.0,-0.081,0.552,0.259,-0.552,0.47,0.53,5.0,1.0,0,0,1,0,0,0,0,0,0,0,0,0,0,0,1,84.6549898167006,2153.295315682281,-0.37366598778004073,0.8587169042769858
2026-07-02,90.9,"Reynolds, Bryan",668804,642152,walk,,R,PHI,PIT,,,,91.5,2208.0,823442,,0.6979,0.7,1.0,-0.01,0.225,,-0.225,0.055,0.945,2.0,1.0,0,0,0,0,0,1,0,0,0,0,0,0,0,0,1,89.95625000000001,2161.25,-0.4263888888888889,0.4936111111111111
2026-07-02,80.1,"Reynolds, Bryan",668804,660604,strikeout,,R,PHI,PIT,,,,80.5,1930.0,823442,,0.0,0.0,1.0,0.008,-0.22,,0.22,0.54,0.4599999999999999,5.0,1.0,1,0,0,0,0,0,0,0,0,0,0,0,0,0,1,84.6549898167006,2153.295315682281,-0.37366598778004073,0.8587169042769858
2026-07-02,85.5,"Reynolds, Bryan",668804,621237,field_out,,R,PHI,PIT,296.0,83.4,26.0,86.8,2402.0,823442,0.146,0.151,0.0,1.0,0.039,-0.177,0.216,0.177,0.458,0.542,4.0,1.0,0,0,1,0,0,0,0,0,0,0,0,0,0,1,0,95.54842342342343,2059.376126126126,0.7022297297297296,0.7920608108108108
2026-07-02,87.2,"Reynolds, Bryan",668804,641835,strikeout,,R,PHI,PIT,,,,88.6,2143.0,823442,,0.0,0.0,1.0,0.046,-0.217,,0.217,0.497,0.503,3.0,1.0,0,0,0,0,0,0,0,0,0,0,1,0,0,1,0,92.0052455357143,2095.047032474804,0.7682700892857142,0.5150558035714285
2026-07-01,90.5,"Reynolds, Bryan",668804,554430,strikeout,,R,PHI,PIT,,,,92.2,2578.0,823446,,0.0,0.0,1.0,0.006,-0.344,,0.344,0.969,0.031,5.0,1.0,0,0,0,0,0,1,0,0,0,0,0,0,0,0,1,90.10982510288066,2370.912551440329,-0.4572067901234568,0.5251234567901234
2026-07-01,94.8,"Reynolds, Bryan",668804,554430,single,,R,PHI,PIT,208.0,101.9,10.0,96.8,2286.0,823446,0.834,0.802,0.9,1.0,-0.051,0.523,1.005,-0.523,0.843,0.157,5.0,1.0,0,0,0,0,0,0,0,0,0,1,0,0,0,0,1,90.10982510288066,2370.912551440329,-0.4572067901234568,0.5251234567901234
2026-07-01,80.5,"Reynolds, Bryan",668804,554430,strikeout,,R,PHI,PIT,,,,80.9,2901.0,823446,,0.0,0.0,1.0,0.034,-0.309,,0.309,0.492,0.508,5.0,1.0,0,0,1,0,0,0,0,0,0,0,0,0,0,0,1,90.10982510288066,2370.912551440329,-0.4572067901234568,0.5251234567901234
2026-07-01,89.4,"Reynolds, Bryan",668804,689147,field_out,,R,PHI,PIT,145.0,89.8,10.0,88.5,3037.0,823446,0.611,0.587,0.0,1.0,0.024,-0.254,0.689,0.254,0.901,0.0989999999999999,3.0,1.0,0,0,0,0,0,0,0,0,0,0,0,1,0,0,1,92.44156560088203,2550.3153252480706,-0.13250275633958106,0.6102646085997795
2026-07-01,89.1,"Reynolds, Bryan",668804,686751,strikeout,,R,PHI,PIT,,,,89.9,2547.0,823446,,0.0,0.0,1.0,0.018,-0.23,,0.23,0.919,0.0809999999999999,2.0,1.0,0,0,0,0,0,0,0,0,0,0,1,0,0,0,1,93.01709601873537,2451.714285714286,-0.16182669789227164,0.789063231850117
2026-06-30,96.2,"Reynolds, Bryan",668804,650911,force_out,,R,PHI,PIT,16.0,105.8,-7.0,97.2,2154.0,823445,0.372,0.336,0.0,1.0,0.063,-0.41,0.403,0.41,0.711,0.289,5.0,1.0,0,0,0,0,0,0,0,0,0,1,0,0,0,1,0,90.39237595804761,2081.1682129891087,1.1540298507462687,0.07944735780556676
2026-06-30,87.9,"Reynolds, Bryan",668804,650911,force_out,,R,PHI,PIT,4.0,86.2,-32.0,89.8,2104.0,823445,0.055,0.05,0.0,1.0,0.036,-0.316,0.065,0.316,0.69,0.31,5.0,1.0,1,0,0,0,0,0,0,0,0,0,0,0,0,1,0,90.39237595804761,2081.1682129891087,1.1540298507462687,0.07944735780556676
2026-06-30,98.5,"Reynolds, Bryan",668804,680742,strikeout,,R,PHI,PIT,,,,99.7,2492.0,823445,,0.0,0.0,1.0,0.013,-0.167,,0.167,0.972,0.028,3.0,1.0,0,0,0,0,0,0,1,0,0,0,0,0,0,0,1,93.04558441558443,2308.1155844155846,-0.4482857142857143,0.8374935064935066
2026-06-30,87.8,"Reynolds, Bryan",668804,650911,strikeout,,R,PHI,PIT,,,,88.8,2006.0,823445,,0.0,0.0,1.0,0.008,-0.22,,0.22,0.54,0.4599999999999999,5.0,1.0,0,0,0,0,0,0,0,0,0,0,1,0,0,1,0,90.39237595804761,2081.1682129891087,1.1540298507462687,0.07944735780556676
2026-06-29,79.7,"Reynolds, Bryan",668804,605400,walk,,R,PHI,PIT,,,,80.3,2779.0,823444,,0.6979,0.7,1.0,-0.025,0.23,,-0.23,0.568,0.432,5.0,1.0,0,0,0,0,0,0,0,0,1,0,0,0,0,0,1,85.93161453930685,2292.189771766695,-0.3163863060016906,0.21259087066779372
2026-06-29,84.8,"Reynolds, Bryan",668804,605400,double,,R,PHI,PIT,362.0,96.8,28.0,86.3,1500.0,823444,0.266,0.399,1.25,1.0,-0.03,0.633,0.72,-0.633,0.918,0.0819999999999999,5.0,1.0,1,0,0,0,0,0,0,0,0,0,0,0,0,0,1,85.93161453930685,2292.189771766695,-0.3163863060016906,0.21259087066779372
2026-06-29,96.0,"Reynolds, Bryan",668804,663767,strikeout,,R,PHI,PIT,,,,96.3,2085.0,823444,,0.0,0.0,1.0,0.011,-0.235,,0.235,0.183,0.817,1.0,1.0,0,0,0,0,0,0,0,0,0,1,0,0,0,0,1,90.93543758967002,2327.9784791965567,-0.20736011477761837,0.6210043041606887
2026-06-29,86.0,"Reynolds, Bryan",668804,605400,field_out,,R,PHI,PIT,20.0,77.7,-3.0,87.7,1645.0,823444,0.111,0.1,0.0,1.0,0.01,-0.259,0.124,0.259,0.538,0.4619999999999999,5.0,1.0,1,0,0,0,0,0,0,0,0,0,0,0,0,0,1,85.93161453930685,2292.189771766695,-0.3163863060016906,0.21259087066779372
2026-06-29,93.6,"Reynolds, Bryan",668804,641835,field_out,,R,PHI,PIT,281.0,82.5,37.0,95.1,2028.0,823444,0.014,0.019,0.0,1.0,0.009,-0.259,0.031,0.259,0.107,0.893,2.0,1.0,0,0,0,0,0,0,0,0,0,1,0,0,0,1,0,92.0052455357143,2095.047032474804,0.7682700892857142,0.5150558035714285
2026-06-28,91.1,"Reynolds, Bryan",668804,663903,field_out,,R,PIT,CIN,12.0,98.0,-10.0,92.3,2297.0,823362,0.234,0.211,0.0,1.0,-0.043,-0.207,0.263,0.207,0.794,0.794,6.0,1.0,0,0,0,0,0,0,0,0,0,1,0,0,0,0,1,87.31470723835868,2384.0295339178588,-0.44004149377593366,0.46187644075610884
2026-06-28,81.7,"Reynolds, Bryan",668804,663903,strikeout,,R,PIT,CIN,,,,83.0,2325.0,823362,,0.0,0.0,1.0,-0.007,-0.231,,0.231,0.893,0.893,6.0,1.0,0,0,0,0,0,0,0,0,0,0,1,0,0,0,1,87.31470723835868,2384.0295339178588,-0.44004149377593366,0.46187644075610884
2026-06-28,93.6,"Reynolds, Bryan",668804,670062,walk,,R,PIT,CIN,,,,94.5,2771.0,823362,,0.6979,0.7,1.0,0.008,0.068,,-0.068,0.726,0.726,5.0,1.0,0,0,0,0,0,0,1,0,0,0,0,0,0,0,1,85.68229885057472,2871.5885057471264,0.6500689655172414,0.2909885057471264
2026-06-28,92.0,"Reynolds, Bryan",668804,663903,field_out,,R,PIT,CIN,53.0,103.4,1.0,93.1,2338.0,823362,0.494,0.453,0.0,1.0,-0.012,-0.302,0.533,0.302,0.512,0.512,6.0,1.0,0,0,0,0,0,0,0,0,0,1,0,0,0,0,1,87.31470723835868,2384.0295339178588,-0.44004149377593366,0.46187644075610884
2026-06-28,84.8,"Reynolds, Bryan",668804,572955,walk,,R,PIT,CIN,,,,83.8,2762.0,823362,,0.6979,0.7,1.0,0.008,0.243,,-0.243,0.859,0.859,2.0,1.0,0,0,1,0,0,0,0,0,0,0,0,0,0,0,1,89.67446808510638,2649.5914332784187,0.04507364975450081,0.22774140752864153
2026-06-27,89.1,"Reynolds, Bryan",668804,695505,strikeout,,R,PIT,CIN,,,,89.4,2728.0,823364,,0.0,0.0,1.0,-0.015,-0.182,,0.182,0.53,0.53,6.0,1.0,0,0,0,0,0,0,0,0,0,0,1,0,0,0,1,94.35285969615728,2644.3534405719392,-0.122171581769437,0.9275469168900804
2026-06-27,98.6,"Reynolds, Bryan",668804,695505,strikeout,,R,PIT,CIN,,,,98.9,2657.0,823364,,0.0,0.0,1.0,-0.013,-0.163,,0.163,0.661,0.661,6.0,1.0,0,0,0,0,0,0,1,0,0,0,0,0,0,0,1,94.35285969615728,2644.3534405719392,-0.122171581769437,0.9275469168900804
2026-06-27,88.4,"Reynolds, Bryan",668804,695505,single,,R,PIT,CIN,185.0,90.5,12.0,88.8,2784.0,823364,0.854,0.808,0.9,1.0,0.04,0.41,0.982,-0.41,0.45,0.45,6.0,1.0,0,0,0,0,0,0,0,0,0,0,1,0,0,0,1,94.35285969615728,2644.3534405719392,-0.122171581769437,0.9275469168900804
2026-06-27,84.1,"Reynolds, Bryan",668804,594580,walk,,R,PIT,CIN,,,,81.3,1595.0,823364,,0.6979,0.7,1.0,0.024,0.295,,-0.295,0.283,0.283,3.0,1.0,1,0,0,0,0,0,0,0,0,0,0,0,0,1,0,86.81927835051548,2496.418556701031,0.3091237113402062,-0.12234020618556701
2026-06-27,94.8,"Reynolds, Bryan",668804,695534,field_out,,R,PIT,CIN,170.0,93.6,63.0,95.3,2038.0,823364,0.009,0.01,0.0,1.0,-0.039,-0.311,0.015,0.311,0.054,0.054,4.0,1.0,0,0,0,0,0,0,0,0,0,1,0,0,0,0,1,91.24570230607966,2078.95178197065,-0.709329140461216,0.5549475890985325
2026-06-26,83.7,"Reynolds, Bryan",668804,671096,strikeout,,R,PIT,CIN,,,,83.7,2885.0,823363,,0.0,0.0,1.0,-0.012,-0.22,,0.22,0.233,0.233,6.0,1.0,0,0,0,0,0,0,0,0,0,0,0,1,0,1,0,87.3669163545568,2451.537245110279,0.1345110278818144,0.6883478984602581
2026-06-26,89.9,"Reynolds, Bryan",668804,671096,single,,R,PIT,CIN,2.0,94.5,-54.0,90.6,2641.0,823363,0.198,0.178,0.9,1.0,0.012,0.333,0.199,-0.333,0.196,0.196,6.0,1.0,0,0,0,0,0,1,0,0,0,0,0,0,0,1,0,87.3669163545568,2451.537245110279,0.1345110278818144,0.6883478984602581
2026-06-26,86.5,"Reynolds, Bryan",668804,657571,field_out,,R,PIT,CIN,288.0,103.2,14.0,87.3,2592.0,823363,0.766,0.794,0.0,1.0,-0.054,-0.33,1.095,0.33,0.054,0.054,3.0,1.0,0,0,0,0,0,1,0,0,0,0,0,0,0,1,0,89.18488372093023,2474.6976744186045,0.35934108527131786,0.531686046511628
2026-06-26,87.0,"Reynolds, Bryan",668804,656271,field_out,,R,PIT,CIN,279.0,80.1,40.0,87.3,2160.0,823363,0.023,0.021,0.0,1.0,-0.039,-0.262,0.034,0.262,0.539,0.539,2.0,1.0,1,0,0,0,0,0,0,0,0,0,0,0,0,1,0,91.50451807228916,2242.140562248996,0.6722590361445783,0.8500200803212851
2026-06-26,85.7,"Reynolds, Bryan",668804,671096,field_out,,R,PIT,CIN,14.0,86.1,-7.0,86.3,2038.0,823363,0.098,0.089,0.0,1.0,-0.012,-0.222,0.113,0.222,0.624,0.624,6.0,1.0,1,0,0,0,0,0,0,0,0,0,0,0,0,1,0,87.3669163545568,2451.537245110279,0.1345110278818144,0.6883478984602581
2026-06-25,84.1,"Reynolds, Bryan",668804,682243,strikeout,,R,PIT,SEA,,,,84.7,1202.0,823366,,0.0,0.0,1.0,-0.012,-0.344,,0.344,0.834,0.834,6.0,1.0,0,0,0,0,0,0,0,1,0,0,0,0,0,0,1,90.51441176470588,2130.3441176470587,-0.301875,0.795654411764706
2026-06-25,96.9,"Reynolds, Bryan",668804,682243,single,,R,PIT,SEA,230.0,82.4,21.0,97.5,2505.0,823366,0.763,0.695,0.9,1.0,0.009,0.413,0.851,-0.413,0.817,0.817,6.0,1.0,0,0,0,0,0,0,1,0,0,0,0,0,0,0,1,90.51441176470588,2130.3441176470587,-0.301875,0.795654411764706
2026-06-25,89.5,"Reynolds, Bryan",668804,695380,walk,,R,PIT,SEA,,,,89.8,2368.0,823366,,0.6979,0.7,1.0,0.001,0.084,,-0.084,0.976,0.976,1.0,1.0,0,0,0,0,0,0,0,0,0,0,1,0,0,0,1,93.88535262206149,2288.1066907775767,-0.1563471971066908,0.4837793851717902
2026-06-25,81.3,"Reynolds, Bryan",668804,682243,strikeout,,R,PIT,SEA,,,,81.6,2297.0,823366,,0.0,0.0,1.0,-0.012,-0.235,,0.235,0.624,0.624,6.0,1.0,0,0,0,0,0,0,0,0,1,0,0,0,0,0,1,90.51441176470588,2130.3441176470587,-0.301875,0.795654411764706
2026-06-24,96.5,"Reynolds, Bryan",668804,693433,single,,R,PIT,SEA,288.0,101.6,14.0,97.2,2199.0,823367,0.771,0.773,0.9,1.0,0.029,0.256,1.028,-0.256,0.448,0.448,6.0,1.0,0,0,0,0,0,0,1,0,0,0,0,0,0,0,1,92.70925401322002,2269.1307837582626,-0.626756373937677,0.7219405099150141
2026-06-24,87.5,"Reynolds, Bryan",668804,693433,strikeout,,R,PIT,SEA,,,,88.2,2252.0,823367,,0.0,0.0,1.0,-0.018,-0.156,,0.156,0.438,0.438,6.0,1.0,0,0,0,0,0,0,0,0,0,0,1,0,0,0,1,92.70925401322002,2269.1307837582626,-0.626756373937677,0.7219405099150141
2026-06-24,97.3,"Reynolds, Bryan",668804,695380,double,,R,PIT,SEA,271.0,109.0,13.0,98.0,2118.0,823367,0.809,0.822,1.25,1.0,0.0,0.51,1.143,-0.51,0.999,0.999,4.0,1.0,0,0,0,0,0,0,1,0,0,0,0,0,0,0,1,93.88535262206149,2288.1066907775767,-0.1563471971066908,0.4837793851717902
2026-06-24,94.4,"Reynolds, Bryan",668804,689546,walk,,R,PIT,SEA,,,,94.0,2016.0,823367,,0.6979,0.7,1.0,0.004,0.25,,-0.25,0.977,0.977,4.0,1.0,0,0,0,0,0,0,1,0,0,0,0,0,0,0,1,89.99210526315788,2071.5,-0.4254306220095693,-0.0668421052631579
2026-06-24,80.8,"Reynolds, Bryan",668804,621074,field_out,,R,PIT,SEA,7.0,95.7,-18.0,80.6,2781.0,823367,0.155,0.14,0.0,1.0,-0.004,-0.184,0.168,0.184,0.929,0.929,4.0,1.0,0,0,1,0,0,0,0,0,0,0,0,0,0,0,1,90.32739726027395,2509.0799086757993,0.147351598173516,0.2944520547945205
2026-06-23,87.6,"Reynolds, Bryan",668804,669923,walk,,R,PIT,SEA,,,,88.6,1896.0,823365,,0.6979,0.7,1.0,0.018,0.242,,-0.242,0.77,0.77,6.0,2.0,0,0,0,0,0,0,0,0,0,0,0,1,0,0,1,91.95484330484331,2268.306267806268,-0.25167616334283,0.33643399810066477
2026-06-23,84.4,"Reynolds, Bryan",668804,669923,single,,R,PIT,SEA,140.0,101.1,6.0,85.0,1956.0,823365,0.609,0.562,0.9,1.0,0.033,0.41,0.678,-0.41,0.671,0.671,6.0,2.0,0,0,0,0,0,0,0,0,1,0,0,0,0,0,1,91.95484330484331,2268.306267806268,-0.25167616334283,0.33643399810066477
2026-06-23,87.6,"Reynolds, Bryan",668804,669923,field_out,,R,PIT,SEA,368.0,97.9,27.0,88.0,2241.0,823365,0.374,0.61,0.0,1.0,-0.025,-0.218,1.108,0.218,0.547,0.547,6.0,2.0,0,0,0,0,0,0,0,0,0,0,0,1,0,0,1,91.95484330484331,2268.306267806268,-0.25167616334283,0.33643399810066477
2026-06-23,87.8,"Reynolds, Bryan",668804,678606,field_out,,R,PIT,SEA,2.0,44.8,-58.0,86.8,2179.0,823365,0.252,0.227,0.0,1.0,-0.014,-0.154,0.253,0.154,0.269,0.269,3.0,2.0,1,0,0,0,0,0,0,0,0,0,0,0,0,1,0,94.59831730769231,2198.1973203410475,1.3315024038461538,0.4229447115384615
2026-06-21,87.0,"Reynolds, Bryan",668804,547179,field_out,,R,COL,PIT,4.0,99.5,-23.0,86.7,2490.0,824343,0.121,0.109,0.0,1.0,0.023,-0.227,0.125,0.227,0.266,0.734,6.0,1.0,0,0,0,0,0,0,0,0,0,0,1,0,0,0,1,88.67970749542962,2352.797074954296,-0.6000776965265082,0.48272851919561244
2026-06-21,84.6,"Reynolds, Bryan",668804,547179,double,,R,COL,PIT,357.0,95.0,29.0,85.1,2204.0,824343,0.177,0.294,1.25,1.0,-0.086,0.79,0.538,-0.79,0.632,0.368,6.0,1.0,1,0,0,0,0,0,0,0,0,0,0,0,0,0,1,88.67970749542962,2352.797074954296,-0.6000776965265082,0.48272851919561244
2026-06-21,84.0,"Reynolds, Bryan",668804,675848,home_run,,R,COL,PIT,433.0,107.0,37.0,84.5,2819.0,824343,1.0,2.0,2.0,1.0,-0.03,0.908,4.0,-0.908,0.039,0.961,6.0,1.0,0,0,0,0,0,0,0,0,0,0,0,1,0,0,1,92.15597165991902,2601.820850202429,0.1376923076923077,0.48041497975708497
2026-06-21,92.0,"Reynolds, Bryan",668804,605154,field_out,,R,COL,PIT,374.0,96.4,28.0,93.0,2201.0,824343,0.257,0.447,0.0,1.0,0.001,-0.262,0.821,0.262,0.017,0.983,,1.0,0,0,0,0,0,0,1,0,0,0,0,0,0,0,1,87.40744680851066,2390.521276595745,0.008191489361702145,0.7588297872340425
2026-06-21,84.6,"Reynolds, Bryan",668804,547179,strikeout,,R,COL,PIT,,,,85.0,2207.0,824343,,0.0,0.0,1.0,0.007,-0.179,,0.179,0.541,0.4589999999999999,6.0,1.0,1,0,0,0,0,0,0,0,0,0,0,0,0,0,1,88.67970749542962,2352.797074954296,-0.6000776965265082,0.48272851919561244
2026-06-20,89.7,"Reynolds, Bryan",668804,608372,field_out,,R,COL,PIT,2.0,54.7,-53.0,90.5,2449.0,824342,0.281,0.264,0.0,1.0,0.026,-0.254,0.285,0.254,0.697,0.303,6.0,1.0,0,0,0,0,0,1,0,0,0,0,0,0,0,0,1,88.26926315789474,2289.8439153439153,-0.3412263157894737,0.5487894736842106
2026-06-20,84.1,"Reynolds, Bryan",668804,608372,strikeout,,R,COL,PIT,,,,84.3,2539.0,824342,,0.0,0.0,1.0,0.023,-0.175,,0.175,0.507,0.493,6.0,1.0,0,0,0,0,0,0,0,0,0,0,1,0,0,0,1,88.26926315789474,2289.8439153439153,-0.3412263157894737,0.5487894736842106
2026-06-20,78.6,"Reynolds, Bryan",668804,657514,single,,R,COL,PIT,14.0,96.9,-10.0,78.0,2757.0,824342,0.24,0.222,0.9,1.0,-0.194,0.548,0.265,-0.548,0.656,0.344,4.0,1.0,0,0,1,0,0,0,0,0,0,0,0,0,0,1,0,84.79654747225648,2313.113440197287,0.22653514180024661,0.23487053020961773
2026-06-20,92.0,"Reynolds, Bryan",668804,608372,field_out,,R,COL,PIT,395.0,95.7,31.0,93.1,2332.0,824342,0.2,0.362,0.0,1.0,0.049,-0.409,0.692,0.409,0.353,0.647,6.0,1.0,0,0,0,0,0,0,0,0,0,1,0,0,0,0,1,88.26926315789474,2289.8439153439153,-0.3412263157894737,0.5487894736842106
2026-06-19,97.8,"Reynolds, Bryan",668804,677955,single,,R,COL,PIT,10.0,101.6,-13.0,97.6,2274.0,824345,0.27,0.257,0.9,1.0,-0.198,0.547,0.295,-0.547,0.696,0.304,3.0,2.0,0,0,0,0,0,0,0,0,0,1,0,0,0,0,1,92.35841784989857,2263.052738336714,-0.6370993914807302,0.49711967545638946
2026-06-17,91.4,"Reynolds, Bryan",668804,650644,single,,R,ATH,PIT,231.0,106.7,10.0,90.8,2432.0,824992,0.863,0.855,0.9,1.0,-0.041,0.423,1.099,-0.423,0.137,0.863,23.0,1.0,0,0,0,0,0,0,1,0,0,0,0,0,0,0,1,85.85351662404092,2614.014705882353,0.10255754475703326,0.4032928388746803
2026-06-17,82.3,"Reynolds, Bryan",668804,660761,strikeout,,R,ATH,PIT,,,,82.0,2894.0,824992,,0.0,0.0,1.0,0.001,-0.231,,0.231,0.015,0.985,4.0,1.0,0,0,0,0,0,0,0,0,0,0,1,0,0,1,0,86.89163385826771,2303.8799212598424,0.4647047244094488,0.6328838582677165
2026-06-17,82.2,"Reynolds, Bryan",668804,665622,strikeout,,R,ATH,PIT,,,,81.2,2627.0,824992,,0.0,0.0,1.0,0.001,-0.343,,0.343,0.003,0.997,3.0,1.0,0,0,1,0,0,0,0,0,0,0,0,0,0,0,1,92.47866531850354,2336.9959555106166,-0.40839231547017185,0.5506066734074823
2026-06-17,77.5,"Reynolds, Bryan",668804,650644,double,,R,ATH,PIT,363.0,101.2,28.0,76.4,2942.0,824992,0.603,1.151,1.25,1.0,-0.127,0.749,2.194,-0.749,0.41,0.5900000000000001,23.0,1.0,0,0,1,0,0,0,0,0,0,0,0,0,0,0,1,85.85351662404092,2614.014705882353,0.10255754475703326,0.4032928388746803
2026-06-17,93.6,"Reynolds, Bryan",668804,660761,field_out,,R,ATH,PIT,,94.2,49.0,,2276.0,824992,0.009,0.012,0.0,1.0,0.01,-0.287,0.017,0.287,0.069,0.931,4.0,1.0,0,0,0,0,0,0,1,0,0,0,0,0,0,1,0,86.89163385826771,2303.8799212598424,0.4647047244094488,0.6328838582677165
2026-06-16,93.0,"Reynolds, Bryan",668804,678022,home_run,,R,ATH,PIT,408.0,104.2,38.0,93.4,2144.0,824991,0.466,0.919,2.0,1.0,-0.084,1.114,1.796,-1.114,0.863,0.137,6.0,1.0,0,0,0,0,0,0,1,0,0,0,0,0,0,0,1,91.05426039536468,2233.2263122017725,-0.23003408316291754,0.5347716428084526
2026-06-16,85.6,"Reynolds, Bryan",668804,678022,single,,R,ATH,PIT,261.0,105.4,11.0,85.6,2843.0,824991,0.931,0.906,0.9,1.0,-0.021,0.421,1.159,-0.421,0.895,0.1049999999999999,6.0,1.0,0,0,0,0,0,0,0,0,0,0,0,1,0,0,1,91.05426039536468,2233.2263122017725,-0.23003408316291754,0.5347716428084526
2026-06-16,82.3,"Reynolds, Bryan",668804,663687,home_run,,R,ATH,PIT,350.0,97.3,31.0,82.5,2203.0,824991,0.251,0.46,2.0,1.0,-0.291,2.258,0.863,-2.258,0.859,0.141,4.0,1.0,1,0,0,0,0,0,0,0,0,0,0,0,0,1,0,88.15528756957328,2384.6595547309835,0.28810760667903523,0.6423191094619667
2026-06-16,97.9,"Reynolds, Bryan",668804,678022,single,,R,ATH,PIT,15.0,85.6,-9.0,97.5,2272.0,824991,0.13,0.131,0.9,1.0,-0.014,0.371,0.159,-0.371,0.54,0.4599999999999999,6.0,1.0,0,0,0,0,0,0,1,0,0,0,0,0,0,0,1,91.05426039536468,2233.2263122017725,-0.23003408316291754,0.5347716428084526
2026-06-16,87.8,"Reynolds, Bryan",668804,665660,field_out,,R,ATH,PIT,90.0,70.5,8.0,86.5,2022.0,824991,0.27,0.247,0.0,1.0,0.011,-0.235,0.305,0.235,0.183,0.817,3.0,1.0,0,0,0,0,0,0,0,0,0,0,1,0,0,0,1,95.67630813953487,2296.0581395348836,-0.8475145348837209,0.865363372093023
2026-06-15,84.4,"Reynolds, Bryan",668804,669372,field_out,,R,ATH,PIT,321.0,92.2,27.0,85.7,2451.0,824993,0.109,0.14,0.0,1.0,0.006,-0.259,0.225,0.259,0.925,0.0749999999999999,6.0,1.0,0,0,0,0,0,0,0,0,0,0,1,0,0,0,1,90.5677949228472,1971.915380786461,-0.6011348929815828,0.32226480836236937
2026-06-15,88.3,"Reynolds, Bryan",668804,669372,walk,,R,ATH,PIT,,,,88.9,2115.0,824993,,0.6979,0.7,1.0,-0.017,0.215,,-0.215,0.816,0.184,6.0,1.0,0,0,0,0,0,1,0,0,0,0,0,0,0,0,1,90.5677949228472,1971.915380786461,-0.6011348929815828,0.32226480836236937
2026-06-15,81.4,"Reynolds, Bryan",668804,686993,strikeout,,R,ATH,PIT,,,,81.3,2780.0,824993,,0.0,0.0,1.0,0.005,-0.196,,0.196,0.981,0.019,3.0,1.0,0,0,0,0,0,0,0,0,0,0,0,1,0,0,1,88.40881542699724,2536.552341597796,0.16699724517906336,0.8324793388429751
2026-06-15,84.7,"Reynolds, Bryan",668804,669372,single,,R,ATH,PIT,275.0,103.9,12.0,85.3,2220.0,824993,0.94,0.942,0.9,1.0,-0.011,0.294,1.246,-0.294,0.537,0.4629999999999999,6.0,1.0,0,0,0,0,0,0,0,0,0,0,1,0,0,0,1,90.5677949228472,1971.915380786461,-0.6011348929815828,0.32226480836236937
2026-06-14,88.5,"Reynolds, Bryan",668804,676974,walk,,R,PIT,MIA,,,,88.4,2822.0,823368,,0.6979,0.7,1.0,0.032,0.336,,-0.336,0.388,0.388,5.0,1.0,0,0,0,0,0,0,0,0,0,0,0,1,0,0,1,91.01486864169927,2569.589714924539,-0.19581889323644494,0.2723141419787591
2026-06-14,88.6,"Reynolds, Bryan",668804,676974,field_out,,R,PIT,MIA,316.0,95.3,41.0,88.6,2742.0,823368,0.02,0.031,0.0,1.0,-0.039,-0.311,0.063,0.311,0.336,0.336,5.0,1.0,0,0,0,0,0,0,0,0,0,0,0,1,0,0,1,91.01486864169927,2569.589714924539,-0.19581889323644494,0.2723141419787591
2026-06-14,87.0,"Reynolds, Bryan",668804,676974,walk,,R,PIT,MIA,,,,86.6,2768.0,823368,,0.6979,0.7,1.0,0.007,0.196,,-0.196,0.515,0.515,5.0,1.0,0,0,0,0,0,0,0,0,0,0,0,1,0,0,1,91.01486864169927,2569.589714924539,-0.19581889323644494,0.2723141419787591
2026-06-14,96.9,"Reynolds, Bryan",668804,664126,home_run,,R,PIT,MIA,422.0,105.3,27.0,97.5,2405.0,823368,0.889,1.754,2.0,1.0,0.01,2.595,3.417,-2.595,0.005,0.005,3.0,1.0,0,0,0,0,0,0,1,0,0,0,0,0,0,0,1,92.07605224963716,2450.5494186046512,0.14178779069767442,0.6529941860465116
2026-06-14,87.4,"Reynolds, Bryan",668804,676534,double,,R,PIT,MIA,367.0,106.2,19.0,87.2,2998.0,823368,0.626,0.835,1.25,1.0,0.108,0.743,1.362,-0.743,0.301,0.301,1.0,1.0,0,0,1,0,0,0,0,0,0,0,0,0,0,0,1,91.39795479009688,2770.2615715823467,0.2803982777179763,0.09817007534983854
2026-06-13,96.7,"Reynolds, Bryan",668804,656848,field_out,,R,PIT,MIA,83.0,99.1,4.0,96.5,2259.0,823369,0.489,0.457,0.0,1.0,-0.033,-0.311,0.559,0.311,0.554,0.554,2.0,1.0,0,0,0,0,0,0,1,0,0,0,0,0,0,0,1,93.97020316027088,2212.0598194130926,-0.4663995485327314,1.0240067720090293
2026-06-13,83.0,"Reynolds, Bryan",668804,669199,strikeout,,R,PIT,MIA,,,,82.4,1758.0,823369,,0.0,0.0,1.0,-0.042,-0.257,,0.257,0.629,0.629,3.0,1.0,0,0,0,0,0,0,0,1,0,0,0,0,0,0,1,89.70806023029229,2703.683790965456,-0.22714791851195743,0.48409211691762616
2026-06-13,80.0,"Reynolds, Bryan",668804,806188,field_out,,R,PIT,MIA,290.0,88.9,22.0,79.2,3005.0,823369,0.251,0.234,0.0,1.0,-0.018,-0.304,0.339,0.304,0.689,0.689,3.0,1.0,0,0,1,0,0,0,0,0,0,0,0,0,0,1,0,84.91836419753086,2770.662037037037,-0.3979320987654321,-0.03038580246913582
2026-06-13,82.4,"Reynolds, Bryan",668804,667463,double,,R,PIT,MIA,286.0,110.1,14.0,81.8,2821.0,823369,0.68,0.762,1.25,1.0,0.129,0.793,1.137,-0.793,0.558,0.558,1.0,1.0,0,0,0,0,0,0,0,0,0,0,1,0,0,1,0,84.86974789915968,2346.187675070028,0.14453781512605043,-0.0842857142857143
2026-06-12,99.9,"Reynolds, Bryan",668804,645261,field_out,,R,PIT,MIA,6.0,95.9,-23.0,99.4,2180.0,823370,0.121,0.111,0.0,1.0,-0.002,-0.215,0.139,0.215,0.008,0.008,5.0,1.0,0,0,0,0,0,0,1,0,0,0,0,0,0,0,1,92.53719535058119,2244.4469441319834,-0.7372665916760405,0.529156355455568
2026-06-12,90.4,"Reynolds, Bryan",668804,645261,field_out,,R,PIT,MIA,334.0,94.3,24.0,90.0,2024.0,823370,0.169,0.217,0.0,1.0,-0.034,-0.259,0.346,0.259,0.576,0.576,5.0,1.0,1,0,0,0,0,0,0,0,0,0,0,0,0,0,1,92.53719535058119,2244.4469441319834,-0.7372665916760405,0.529156355455568
2026-06-12,85.2,"Reynolds, Bryan",668804,645261,single,,R,PIT,MIA,2.0,61.7,-47.0,84.8,2474.0,823370,0.18,0.162,0.9,1.0,0.034,0.458,0.181,-0.458,0.684,0.684,5.0,1.0,0,0,1,0,0,0,0,0,0,0,0,0,0,0,1,92.53719535058119,2244.4469441319834,-0.7372665916760405,0.529156355455568
2026-06-12,92.1,"Reynolds, Bryan",668804,645261,field_out,,R,PIT,MIA,40.0,91.1,0.0,92.0,2209.0,823370,0.293,0.271,0.0,1.0,-0.009,-0.244,0.334,0.244,0.509,0.509,5.0,1.0,0,0,0,0,0,1,0,0,0,0,0,0,0,0,1,92.53719535058119,2244.4469441319834,-0.7372665916760405,0.529156355455568
2026-06-11,95.9,"Reynolds, Bryan",668804,680736,single,,R,PIT,LAD,89.0,96.2,4.0,95.0,2414.0,823371,0.534,0.511,0.9,1.0,0.017,0.333,0.618,-0.333,0.235,0.235,7.0,1.0,0,0,0,0,0,0,1,0,0,0,0,0,0,1,0,90.39536842105264,2377.9605263157896,0.2650421052631579,0.7325842105263157
2026-06-11,75.3,"Reynolds, Bryan",668804,680736,field_out,,R,PIT,LAD,3.0,87.5,-25.0,73.9,2395.0,823371,0.076,0.069,0.0,1.0,-0.009,-0.163,0.086,0.163,0.087,0.087,7.0,1.0,0,0,1,0,0,0,0,0,0,0,0,0,0,1,0,90.39536842105264,2377.9605263157896,0.2650421052631579,0.7325842105263157
2026-06-11,85.4,"Reynolds, Bryan",668804,680736,field_out,,R,PIT,LAD,372.0,97.3,33.0,84.1,2462.0,823371,0.186,0.335,0.0,1.0,-0.034,-0.313,0.632,0.313,0.556,0.556,7.0,1.0,0,0,0,0,0,0,0,0,0,0,1,0,0,1,0,90.39536842105264,2377.9605263157896,0.2650421052631579,0.7325842105263157
2026-06-11,90.2,"Reynolds, Bryan",668804,656945,strikeout,,R,PIT,LAD,,,,90.9,2776.0,823371,,0.0,0.0,1.0,-0.034,-0.184,,0.184,0.081,0.081,2.0,1.0,0,0,0,0,0,0,0,0,0,0,1,0,0,1,0,92.82450851900394,2600.045871559633,-5.2424639580606424e-05,0.7229750982961991
2026-06-11,94.5,"Reynolds, Bryan",668804,676263,strikeout,,R,PIT,LAD,,,,94.9,2643.0,823371,,0.0,0.0,1.0,-0.036,-0.342,,0.342,0.136,0.136,1.0,1.0,0,0,0,0,0,0,1,0,0,0,0,0,0,1,0,90.0136638452237,2454.7424425634827,0.0598669891172914,0.670447400241838
2026-06-10,87.9,"Reynolds, Bryan",668804,660271,field_out,,R,PIT,LAD,177.0,101.7,7.0,88.7,1589.0,823372,0.683,0.63,0.0,1.0,-0.017,-0.259,0.752,0.259,0.357,0.357,7.0,1.0,0,0,0,0,0,0,0,1,0,0,0,0,0,0,1,90.94262172284644,2481.9445692883896,0.14302621722846443,0.5359176029962547
2026-06-10,87.9,"Reynolds, Bryan",668804,660271,hit_by_pitch,,R,PIT,LAD,,,,88.6,2884.0,823372,,0.728866,0.7,1.0,0.015,0.352,,-0.352,0.511,0.511,7.0,1.0,0,0,0,0,0,0,0,0,0,0,0,1,0,0,1,90.94262172284644,2481.9445692883896,0.14302621722846443,0.5359176029962547
2026-06-10,100.2,"Reynolds, Bryan",668804,660271,strikeout,,R,PIT,LAD,,,,100.9,2566.0,823372,,0.0,0.0,1.0,-0.042,-0.257,,0.257,0.629,0.629,7.0,1.0,0,0,0,0,0,0,1,0,0,0,0,0,0,0,1,90.94262172284644,2481.9445692883896,0.14302621722846443,0.5359176029962547
2026-06-10,89.1,"Reynolds, Bryan",668804,676263,single,,R,PIT,LAD,249.0,93.3,18.0,90.3,2404.0,823372,0.563,0.521,0.9,1.0,0.001,0.191,0.708,-0.191,0.968,0.968,3.0,1.0,0,0,0,0,0,0,0,0,0,0,1,0,0,1,0,90.0136638452237,2454.7424425634827,0.0598669891172914,0.670447400241838
2026-06-10,92.1,"Reynolds, Bryan",668804,681911,field_error,,R,PIT,LAD,6.0,98.6,-19.0,92.6,2530.0,823372,0.165,0.149,0.9,1.0,0.07,0.533,0.166,-0.533,0.106,0.106,3.0,1.0,0,0,0,0,0,0,1,0,0,0,0,0,0,1,0,88.19080745341616,2372.7776397515527,0.14667080745341615,1.223354037267081
2026-06-09,85.5,"Reynolds, Bryan",668804,641778,strikeout,,R,PIT,LAD,,,,85.0,1559.0,823374,,0.0,0.0,1.0,-0.006,-0.154,,0.154,0.629,0.629,7.0,2.0,1,0,0,0,0,0,0,0,0,0,0,0,0,1,0,86.7870588235294,2152.9076470588234,0.31421176470588236,0.7090705882352941
2026-06-09,75.7,"Reynolds, Bryan",668804,641778,home_run,,R,PIT,LAD,422.0,111.6,23.0,75.1,2341.0,823374,0.991,1.965,2.0,1.0,0.102,2.595,3.819,-2.595,0.51,0.51,7.0,2.0,0,0,1,0,0,0,0,0,0,0,0,0,0,1,0,86.7870588235294,2152.9076470588234,0.31421176470588236,0.7090705882352941
2026-06-09,89.0,"Reynolds, Bryan",668804,694361,strikeout,,R,PIT,LAD,,,,89.3,2598.0,823374,,0.0,0.0,1.0,-0.014,-0.22,,0.22,0.514,0.514,5.0,2.0,0,0,0,0,0,0,0,0,0,0,0,1,0,0,1,92.68070866141734,2349.433070866142,0.04069553805774277,0.4233727034120735
2026-06-09,97.4,"Reynolds, Bryan",668804,656945,double,,R,PIT,LAD,170.0,106.8,6.0,97.7,2726.0,823374,0.629,0.586,1.25,1.0,0.0,0.743,0.718,-0.743,0.001,0.001,4.0,2.0,0,0,0,0,0,0,1,0,0,0,0,0,0,1,0,92.82450851900394,2600.045871559633,-5.2424639580606424e-05,0.7229750982961991
2026-06-07,89.7,"Reynolds, Bryan",668804,693821,field_out,,R,ATL,PIT,5.0,76.2,-25.0,89.8,2165.0,824916,0.038,0.034,0.0,1.0,0.018,-0.381,0.039,0.381,0.233,0.767,5.0,1.0,0,0,0,0,0,0,0,0,0,1,0,0,0,0,1,88.51027629665536,2158.2918080465342,-0.4165244789142026,0.5777653902084343
2026-06-07,90.2,"Reynolds, Bryan",668804,693821,strikeout,,R,ATL,PIT,,,,90.8,2033.0,824916,,0.0,0.0,1.0,0.027,-0.269,,0.269,0.301,0.6990000000000001,5.0,1.0,0,0,0,0,0,0,0,0,0,1,0,0,0,0,1,88.51027629665536,2158.2918080465342,-0.4165244789142026,0.5777653902084343
2026-06-07,87.7,"Reynolds, Bryan",668804,693821,field_out,,R,ATL,PIT,9.0,87.3,-14.0,88.6,2179.0,824916,0.108,0.099,0.0,1.0,0.013,-0.254,0.109,0.254,0.425,0.575,5.0,1.0,0,0,0,0,0,1,0,0,0,0,0,0,0,0,1,88.51027629665536,2158.2918080465342,-0.4165244789142026,0.5777653902084343
2026-06-07,87.8,"Reynolds, Bryan",668804,641755,walk,,R,ATL,PIT,,,,87.4,2544.0,824916,,0.6979,0.7,1.0,-0.043,0.105,,-0.105,0.729,0.271,1.0,1.0,0,0,0,0,0,0,0,0,0,0,1,0,0,0,1,87.75100286532951,2557.5716332378224,0.10654727793696275,0.2663467048710602
2026-06-06,94.3,"Reynolds, Bryan",668804,675911,field_out,,R,ATL,PIT,353.0,95.5,24.0,95.2,2393.0,824915,0.203,0.261,0.0,1.0,0.021,-0.4,0.423,0.4,0.546,0.4539999999999999,6.0,1.0,0,0,0,0,0,0,1,0,0,0,0,0,0,0,1,88.58292329956585,2316.052098408104,-0.31124457308248915,0.7868740955137482
2026-06-06,94.1,"Reynolds, Bryan",668804,675911,double,,R,ATL,PIT,397.0,108.5,19.0,95.2,2250.0,824915,0.766,1.101,1.25,1.0,-0.059,0.716,1.859,-0.716,0.814,0.186,6.0,1.0,0,0,0,0,0,0,1,0,0,0,0,0,0,0,1,88.58292329956585,2316.052098408104,-0.31124457308248915,0.7868740955137482
2026-06-06,77.4,"Reynolds, Bryan",668804,675911,field_out,,R,ATL,PIT,271.0,78.0,36.0,77.9,2584.0,824915,0.083,0.106,0.0,1.0,0.024,-0.234,0.144,0.234,0.502,0.498,6.0,1.0,0,0,1,0,0,0,0,0,0,0,0,0,0,0,1,88.58292329956585,2316.052098408104,-0.31124457308248915,0.7868740955137482
2026-06-06,87.1,"Reynolds, Bryan",668804,641755,field_out,,R,ATL,PIT,317.0,87.2,30.0,86.7,2659.0,824915,0.037,0.051,0.0,1.0,0.02,-0.231,0.079,0.231,0.931,0.0689999999999999,3.0,1.0,0,0,0,0,0,0,0,0,0,0,1,0,0,0,1,87.75100286532951,2557.5716332378224,0.10654727793696275,0.2663467048710602
2026-06-05,81.6,"Reynolds, Bryan",668804,527048,field_out,,R,ATL,PIT,307.0,89.6,35.0,81.6,2179.0,824914,0.017,0.017,0.0,1.0,0.055,-0.351,0.03,0.351,0.333,0.667,6.0,1.0,0,0,0,0,0,1,0,0,0,0,0,0,0,1,0,85.14776292852993,1975.2951772225451,0.8145496804183615,0.6785299244625218
2026-06-05,81.3,"Reynolds, Bryan",668804,527048,field_out,,R,ATL,PIT,2.0,43.5,-43.0,81.0,1683.0,824914,0.267,0.24,0.0,1.0,0.008,-0.215,0.268,0.215,0.54,0.4599999999999999,6.0,1.0,1,0,0,0,0,0,0,0,0,0,0,0,0,1,0,85.14776292852993,1975.2951772225451,0.8145496804183615,0.6785299244625218
2026-06-05,94.3,"Reynolds, Bryan",668804,628452,walk,,R,ATL,PIT,,,,93.7,2359.0,824914,,0.6979,0.7,1.0,-0.035,0.365,,-0.365,0.96,0.04,3.0,1.0,0,0,0,0,0,0,0,0,0,1,0,0,0,0,1,91.62387640449438,2203.5870786516853,-0.969438202247191,0.7664044943820225
2026-06-05,95.1,"Reynolds, Bryan",668804,800311,field_out,,R,ATL,PIT,150.0,92.5,9.0,96.4,2119.0,824914,0.629,0.568,0.0,1.0,0.028,-0.303,0.674,0.303,0.859,0.141,1.0,1.0,0,0,0,0,0,0,1,0,0,0,0,0,0,0,1,93.93097826086957,2182.2097826086956,-0.5787826086956522,0.9186086956521741
2026-06-04,85.6,"Reynolds, Bryan",668804,678906,single,,R,HOU,PIT,131.0,74.6,12.0,85.1,2656.0,824185,0.36,0.324,0.9,1.0,-0.091,0.562,0.378,-0.562,0.286,0.714,6.0,1.0,0,0,0,0,0,0,0,0,0,0,0,1,0,0,1,88.3144578313253,2488.2082616179,0.011110154905335621,0.38278829604130804
2026-06-04,83.4,"Reynolds, Bryan",668804,678906,field_out,,R,HOU,PIT,47.0,97.5,0.0,82.6,2682.0,824185,0.4,0.374,0.0,1.0,0.023,-0.259,0.47,0.259,0.377,0.623,6.0,1.0,0,0,0,0,0,0,0,0,0,0,0,1,0,0,1,88.3144578313253,2488.2082616179,0.011110154905335621,0.38278829604130804
2026-06-04,81.2,"Reynolds, Bryan",668804,595345,strikeout,,R,HOU,PIT,,,,80.5,2560.0,824185,,0.0,0.0,1.0,0.002,-0.179,,0.179,0.069,0.931,2.0,1.0,0,0,0,0,0,0,0,0,0,0,1,0,0,1,0,84.32826086956523,2360.950310559006,-0.19401656314699794,0.8215527950310559
2026-06-04,84.4,"Reynolds, Bryan",668804,678906,field_out,,R,HOU,PIT,274.0,78.8,37.0,84.5,2730.0,824185,0.034,0.045,0.0,1.0,0.03,-0.22,0.067,0.22,0.486,0.514,6.0,1.0,0,0,0,0,0,0,0,0,0,0,0,1,0,0,1,88.3144578313253,2488.2082616179,0.011110154905335621,0.38278829604130804
2026-06-03,77.4,"Reynolds, Bryan",668804,681293,field_out,,R,HOU,PIT,5.0,69.9,-25.0,77.7,3022.0,824188,0.042,0.038,0.0,1.0,0.027,-0.311,0.043,0.311,0.528,0.472,6.0,1.0,0,0,1,0,0,0,0,0,0,0,0,0,0,0,1,84.49833776595744,2493.901595744681,0.17156914893617023,0.33761303191489367
2026-06-03,97.5,"Reynolds, Bryan",668804,805123,strikeout,,R,HOU,PIT,,,,97.2,2420.0,824188,,0.0,0.0,1.0,0.006,-0.175,,0.175,0.074,0.926,1.0,1.0,0,0,0,0,0,0,1,0,0,0,0,0,0,0,1,90.59616829451541,2364.6521412471825,-0.4971750563486101,0.8600225394440271
2026-06-03,77.8,"Reynolds, Bryan",668804,681293,strikeout,,R,HOU,PIT,,,,78.2,2923.0,824188,,0.0,0.0,1.0,0.02,-0.175,,0.175,0.506,0.494,6.0,1.0,0,0,1,0,0,0,0,0,0,0,0,0,0,0,1,84.49833776595744,2493.901595744681,0.17156914893617023,0.33761303191489367
2026-06-03,96.0,"Reynolds, Bryan",668804,663878,single,,R,HOU,PIT,85.0,110.1,4.0,96.8,2149.0,824188,0.646,0.605,0.9,1.0,-0.02,0.363,0.735,-0.363,0.182,0.8180000000000001,3.0,1.0,0,0,0,0,0,0,1,0,0,0,0,0,0,0,1,92.67926078028746,2362.5318275154004,-0.11546201232032853,0.6267145790554416
2026-06-03,86.4,"Reynolds, Bryan",668804,695001,field_out,,R,HOU,PIT,61.0,73.5,5.0,86.2,2338.0,824188,0.228,0.219,0.0,1.0,0.015,-0.304,0.257,0.304,0.265,0.735,3.0,1.0,0,0,0,0,0,0,0,0,0,0,1,0,0,0,1,87.75042016806722,2392.8487394957983,0.33210084033613446,0.2846638655462185
2026-06-02,94.7,"Reynolds, Bryan",668804,681347,double_play,,R,HOU,PIT,174.0,102.9,9.0,94.4,2205.0,824189,0.714,0.684,0.0,1.0,0.063,-0.247,0.86,0.247,0.749,0.251,6.0,2.0,0,0,0,0,0,0,1,0,0,0,0,0,0,0,1,89.47476099426387,2178.77650063857,-0.5303250478011473,0.608470363288719
2026-06-02,94.4,"Reynolds, Bryan",668804,681347,field_out,,R,HOU,PIT,232.0,99.1,60.0,93.8,2392.0,824189,0.026,0.031,0.0,1.0,0.029,-0.303,0.044,0.303,0.496,0.504,6.0,2.0,0,0,0,0,0,0,1,0,0,0,0,0,0,0,1,89.47476099426387,2178.77650063857,-0.5303250478011473,0.608470363288719
2026-06-02,96.5,"Reynolds, Bryan",668804,650556,strikeout,,R,HOU,PIT,,,,96.8,2255.0,824189,,0.0,0.0,1.0,0.001,-0.22,,0.22,0.021,0.979,4.0,2.0,0,0,0,0,0,0,1,0,0,0,0,0,0,0,1,91.2021377672209,2505.0997624703086,0.011627078384798102,0.5265795724465558
2026-06-02,91.8,"Reynolds, Bryan",668804,681347,walk,,R,HOU,PIT,,,,91.4,2566.0,824189,,0.6979,0.7,1.0,-0.01,0.295,,-0.295,0.536,0.4639999999999999,6.0,2.0,0,0,0,0,0,0,0,0,0,0,1,0,0,0,1,89.47476099426387,2178.77650063857,-0.5303250478011473,0.608470363288719
2026-06-02,80.8,"Reynolds, Bryan",668804,595345,walk,,R,HOU,PIT,,,,80.2,2283.0,824189,,0.6979,0.7,1.0,-0.014,0.336,,-0.336,0.198,0.802,4.0,2.0,0,0,0,0,0,0,0,0,0,0,1,0,0,1,0,84.32826086956523,2360.950310559006,-0.19401656314699794,0.8215527950310559
2026-05-31,90.8,"Reynolds, Bryan",668804,805673,walk,,R,PIT,MIN,,,,91.2,2538.0,823373,,0.6979,0.7,1.0,0.007,0.346,,-0.346,0.966,0.966,6.0,1.0,0,0,0,0,0,1,0,0,0,0,0,0,0,0,1,89.89541401273887,2248.312738853503,-0.3410764331210191,0.6265350318471338
2026-05-31,88.9,"Reynolds, Bryan",668804,702474,strikeout,,R,PIT,MIN,,,,89.9,2292.0,823373,,0.0,0.0,1.0,0.0,-0.178,,0.178,0.999,0.999,,1.0,0,0,0,0,0,1,0,0,0,0,0,0,0,0,1,87.77295825771326,2079.970961887477,0.0026497277676950947,0.5927223230490019
2026-05-31,86.0,"Reynolds, Bryan",668804,805673,hit_by_pitch,,R,PIT,MIN,,,,86.4,2531.0,823373,,0.728866,0.7,1.0,0.015,0.369,,-0.369,0.751,0.751,6.0,1.0,0,0,0,0,0,0,0,0,0,0,1,0,0,0,1,89.89541401273887,2248.312738853503,-0.3410764331210191,0.6265350318471338
2026-05-31,94.2,"Reynolds, Bryan",668804,702474,field_out,,R,PIT,MIN,7.0,85.5,-22.0,95.2,2197.0,823373,0.092,0.085,0.0,1.0,0.0,-0.262,0.105,0.262,0.992,0.992,,1.0,0,0,0,0,0,0,1,0,0,0,0,0,0,0,1,87.77295825771326,2079.970961887477,0.0026497277676950947,0.5927223230490019
2026-05-31,86.2,"Reynolds, Bryan",668804,805673,strikeout,,R,PIT,MIN,,,,86.9,1627.0,823373,,0.0,0.0,1.0,-0.007,-0.179,,0.179,0.507,0.507,6.0,1.0,1,0,0,0,0,0,0,0,0,0,0,0,0,0,1,89.89541401273887,2248.312738853503,-0.3410764331210191,0.6265350318471338
2026-05-30,84.3,"Reynolds, Bryan",668804,641927,single,,R,PIT,MIN,123.0,106.4,7.0,86.3,2050.0,823375,0.694,0.666,0.9,1.0,0.033,0.454,0.804,-0.454,0.53,0.53,6.0,1.0,0,0,0,0,0,0,0,0,0,0,1,0,0,0,1,83.57269938650306,2150.1220858895704,-0.5516625766871166,0.7489877300613497
2026-05-30,80.3,"Reynolds, Bryan",668804,641927,walk,,R,PIT,MIN,,,,81.6,1842.0,823375,,0.6979,0.7,1.0,0.022,0.177,,-0.177,0.655,0.655,6.0,1.0,1,0,0,0,0,0,0,0,0,0,0,0,0,0,1,83.57269938650306,2150.1220858895704,-0.5516625766871166,0.7489877300613497
2026-05-30,86.8,"Reynolds, Bryan",668804,804619,sac_fly,,R,PIT,MIN,320.0,104.2,22.0,87.5,1493.0,823375,,1.071,0.0,1.0,0.013,-0.18,,0.18,0.928,0.928,23.0,1.0,1,0,0,0,0,0,0,0,0,0,0,0,0,0,1,90.03414634146341,2111.512195121951,-0.6847560975609756,0.7201219512195123
2026-05-30,82.5,"Reynolds, Bryan",668804,641927,single,,R,PIT,MIN,107.0,101.4,6.0,83.7,1855.0,823375,0.609,0.562,0.9,1.0,0.018,0.332,0.678,-0.332,0.629,0.629,6.0,1.0,1,0,0,0,0,0,0,0,0,0,0,0,0,0,1,83.57269938650306,2150.1220858895704,-0.5516625766871166,0.7489877300613497
2026-05-30,90.3,"Reynolds, Bryan",668804,681892,walk,,R,PIT,MIN,,,,91.4,1991.0,823375,,0.6979,0.7,1.0,0.02,0.336,,-0.336,0.722,0.722,21.0,1.0,1,0,0,0,0,0,0,0,0,0,0,0,0,1,0,89.96167664670658,2360.920658682635,0.28200598802395216,0.541062874251497
2026-05-29,91.1,"Reynolds, Bryan",668804,671737,field_out,,R,PIT,MIN,20.0,75.6,-8.0,91.8,2076.0,823377,0.111,0.114,0.0,1.0,-0.034,-0.342,0.126,0.342,0.335,0.335,6.0,1.0,0,0,0,0,0,1,0,0,0,0,0,0,0,0,1,92.83275434243176,2176.755169561621,-0.27759305210918117,0.8005293631100082
2026-05-29,88.4,"Reynolds, Bryan",668804,607455,walk,,R,PIT,MIN,,,,88.6,1406.0,823377,,0.6979,0.7,1.0,0.038,0.215,,-0.215,0.314,0.314,1.0,1.0,1,0,0,0,0,0,0,0,0,0,0,0,0,1,0,90.02105263157895,2064.2269736842104,0.35722039473684203,0.5154440789473684
2026-05-29,97.2,"Reynolds, Bryan",668804,671737,walk,,R,PIT,MIN,,,,97.1,2231.0,823377,,0.6979,0.7,1.0,0.016,0.114,,-0.114,0.474,0.474,6.0,1.0,0,0,0,0,0,0,1,0,0,0,0,0,0,0,1,92.83275434243176,2176.755169561621,-0.27759305210918117,0.8005293631100082
2026-05-29,93.5,"Reynolds, Bryan",668804,573124,home_run,,R,PIT,MIN,422.0,110.0,26.0,92.8,2216.0,823377,0.991,2.008,2.0,1.0,0.803,1.479,3.927,-1.479,0.197,0.197,1.0,1.0,0,0,0,0,0,0,0,0,0,1,0,0,0,1,0,84.48746958637471,2515.9148418491486,-0.17377128953771287,0.3188807785888078
2026-05-29,83.9,"Reynolds, Bryan",668804,679358,field_out,,R,PIT,MIN,306.0,84.8,26.0,84.8,1599.0,823377,0.143,0.176,0.0,1.0,-0.029,-0.311,0.253,0.311,0.386,0.386,2.0,1.0,0,0,0,0,0,0,0,1,0,0,0,0,0,0,1,86.35524372230428,2074.2703101920238,-0.6612703101920235,0.4723190546528803
2026-05-28,92.8,"Reynolds, Bryan",668804,607067,home_run,,R,PIT,CHC,400.0,106.6,27.0,94.0,2108.0,823378,0.954,1.931,2.0,1.0,0.108,1.211,3.769,-1.211,0.152,0.152,5.0,1.0,0,0,0,0,0,0,1,0,0,0,0,0,0,0,1,89.6126295017267,2044.488899851998,-0.3775333004440059,0.5149580661075481
2026-05-28,88.0,"Reynolds, Bryan",668804,607067,field_out,,R,PIT,CHC,319.0,89.7,26.0,88.9,1444.0,823378,0.097,0.129,0.0,1.0,-0.05,-0.24,0.21,0.24,0.599,0.599,5.0,1.0,1,0,0,0,0,0,0,0,0,0,0,0,0,0,1,89.6126295017267,2044.488899851998,-0.3775333004440059,0.5149580661075481
2026-05-28,87.9,"Reynolds, Bryan",668804,573204,walk,,R,PIT,CHC,,,,87.9,2355.0,823378,,0.6979,0.7,1.0,0.027,0.134,,-0.134,0.325,0.325,1.0,1.0,0,0,0,0,0,0,0,0,0,0,1,0,0,1,0,85.97399702823179,2406.9791666666665,-0.2473997028231798,0.39216939078751856
2026-05-28,94.4,"Reynolds, Bryan",668804,607067,double,,R,PIT,CHC,271.0,90.4,21.0,95.3,2111.0,823378,0.311,0.313,1.25,1.0,0.023,0.553,0.458,-0.553,0.51,0.51,5.0,1.0,0,0,0,0,0,0,1,0,0,0,0,0,0,0,1,89.6126295017267,2044.488899851998,-0.3775333004440059,0.5149580661075481
2026-05-27,93.9,"Reynolds, Bryan",668804,592791,single,,R,PIT,CHC,259.0,101.3,14.0,95.3,2215.0,823376,0.809,0.811,0.9,1.0,-0.017,0.29,1.074,-0.29,0.517,0.517,5.0,1.0,0,0,0,0,0,0,0,0,0,1,0,0,0,0,1,86.24172560113155,2378.4578910120313,-0.04868458274398869,0.6634370579915134
2026-05-27,85.8,"Reynolds, Bryan",668804,592791,field_out,,R,PIT,CHC,265.0,78.8,42.0,87.0,1884.0,823376,0.051,0.062,0.0,1.0,-0.021,-0.304,0.091,0.304,0.533,0.533,5.0,1.0,1,0,0,0,0,0,0,0,0,0,0,0,0,0,1,86.24172560113155,2378.4578910120313,-0.04868458274398869,0.6634370579915134
2026-05-27,85.8,"Reynolds, Bryan",668804,592791,double,,R,PIT,CHC,336.0,89.3,28.0,87.1,1880.0,823376,0.077,0.115,1.25,1.0,0.021,0.514,0.192,-0.514,0.314,0.314,5.0,1.0,1,0,0,0,0,0,0,0,0,0,0,0,0,0,1,86.24172560113155,2378.4578910120313,-0.04868458274398869,0.6634370579915134
2026-05-27,93.1,"Reynolds, Bryan",668804,573204,single,,R,PIT,CHC,122.0,106.4,3.0,92.7,2360.0,823376,0.549,0.508,0.9,1.0,0.004,0.372,0.605,-0.372,0.006,0.006,3.0,1.0,0,0,0,0,0,0,1,0,0,0,0,0,0,1,0,85.97399702823179,2406.9791666666665,-0.2473997028231798,0.39216939078751856
2026-05-26,92.1,"Reynolds, Bryan",668804,696136,double,,R,PIT,CHC,331.0,110.4,16.0,92.4,2434.0,823379,0.617,0.719,1.25,1.0,0.025,0.806,1.135,-0.806,0.939,0.939,,1.0,0,0,0,0,0,0,1,0,0,0,0,0,0,1,0,88.255,2109.511111111111,0.37722222222222224,0.7119444444444445
2026-05-26,82.2,"Reynolds, Bryan",668804,696136,field_out,,R,PIT,CHC,343.0,96.2,21.0,82.5,1558.0,823379,0.231,0.292,0.0,1.0,-0.009,-0.303,0.47,0.303,0.895,0.895,,1.0,1,0,0,0,0,0,0,0,0,0,0,0,0,1,0,88.255,2109.511111111111,0.37722222222222224,0.7119444444444445
2026-05-26,94.3,"Reynolds, Bryan",668804,669020,field_error,,R,PIT,CHC,5.0,67.1,-25.0,95.0,2263.0,823379,0.038,0.034,0.9,1.0,0.003,0.489,0.045,-0.489,0.994,0.994,3.0,1.0,0,0,0,0,0,0,1,0,0,0,0,0,0,1,0,89.38837803320563,2421.0178799489145,-0.18227330779054918,0.35062579821200507
2026-05-26,83.4,"Reynolds, Bryan",668804,696136,double,,R,PIT,CHC,224.0,101.2,12.0,83.0,1437.0,823379,0.957,0.927,1.25,1.0,0.108,0.762,1.178,-0.762,0.667,0.667,,1.0,1,0,0,0,0,0,0,0,0,0,0,0,0,1,0,88.255,2109.511111111111,0.37722222222222224,0.7119444444444445
2026-05-25,96.4,"Reynolds, Bryan",668804,676962,field_out,,R,PIT,CHC,42.0,107.5,0.0,97.1,2219.0,823380,0.491,0.453,0.0,1.0,-0.039,-0.303,0.538,0.303,0.581,0.581,6.0,1.0,0,0,0,0,0,0,1,0,0,0,0,0,0,0,1,92.50288844621514,2176.836653386454,-0.47405378486055777,0.6342529880478087
2026-05-25,88.0,"Reynolds, Bryan",668804,676962,strikeout,,R,PIT,CHC,,,,88.3,2309.0,823380,,0.0,0.0,1.0,-0.022,-0.2,,0.2,0.677,0.677,6.0,1.0,0,0,0,0,0,0,0,0,1,0,0,0,0,0,1,92.50288844621514,2176.836653386454,-0.47405378486055777,0.6342529880478087
2026-05-25,91.3,"Reynolds, Bryan",668804,676962,field_out,,R,PIT,CHC,208.0,85.0,61.0,91.6,1289.0,823380,0.017,0.019,0.0,1.0,-0.025,-0.234,0.027,0.234,0.547,0.547,6.0,1.0,1,0,0,0,0,0,0,0,0,0,0,0,0,0,1,92.50288844621514,2176.836653386454,-0.47405378486055777,0.6342529880478087
2026-05-25,85.2,"Reynolds, Bryan",668804,657097,single,,R,PIT,CHC,252.0,76.3,25.0,85.0,2246.0,823380,0.749,0.674,0.9,1.0,0.017,0.402,0.795,-0.402,0.869,0.869,3.0,1.0,1,0,0,0,0,0,0,0,0,0,0,0,0,0,1,89.09670912951168,2418.695329087049,-0.8311995753715498,0.7944267515923569
2026-05-24,97.9,"Reynolds, Bryan",668804,656302,single,,R,TOR,PIT,102.0,87.0,5.0,98.2,2426.0,822813,0.423,0.409,0.9,1.0,-0.021,0.44,0.496,-0.44,0.308,0.692,5.0,1.0,0,0,0,0,0,0,1,0,0,0,0,0,0,0,1,90.94904132935663,2490.64560204953,-0.16101832126118448,0.7587004686834257
2026-05-24,84.3,"Reynolds, Bryan",668804,695445,field_out,,R,TOR,PIT,1.0,56.6,-52.0,83.9,1717.0,822813,0.252,0.227,0.0,1.0,0.004,-0.179,0.253,0.179,0.124,0.876,5.0,1.0,1,0,0,0,0,0,0,0,0,0,0,0,0,0,1,85.94724409448818,2496.5590551181103,-0.007952755905511802,0.1858267716535433
2026-05-24,82.2,"Reynolds, Bryan",668804,689254,walk,,R,TOR,PIT,,,,82.7,2726.0,822813,,0.6979,0.7,1.0,-0.02,0.215,,-0.215,0.388,0.612,2.0,1.0,0,0,0,0,0,0,0,0,0,0,0,1,0,1,0,86.9022619047619,2582.7595238095237,-0.5231309523809524,0.5038571428571429
2026-05-24,83.3,"Reynolds, Bryan",668804,656302,strikeout,,R,TOR,PIT,,,,83.2,2747.0,822813,,0.0,0.0,1.0,0.008,-0.164,,0.164,0.43,0.5700000000000001,5.0,1.0,0,0,0,0,0,0,0,0,1,0,0,0,0,0,1,90.94904132935663,2490.64560204953,-0.16101832126118448,0.7587004686834257
2026-05-23,90.4,"Reynolds, Bryan",668804,571578,single,,R,TOR,PIT,14.0,108.6,-10.0,90.6,2068.0,822814,0.36,0.324,0.9,1.0,-0.021,0.347,0.381,-0.347,0.724,0.276,5.0,1.0,0,0,0,0,0,0,0,0,0,1,0,0,0,1,0,84.56381019830029,1981.8239083750896,0.44785410764872524,0.5687818696883853
2026-05-23,80.8,"Reynolds, Bryan",668804,571578,strikeout,,R,TOR,PIT,,,,80.7,2277.0,822814,,0.0,0.0,1.0,0.01,-0.22,,0.22,0.659,0.3409999999999999,5.0,1.0,0,0,0,0,0,0,0,0,0,0,1,0,0,1,0,84.56381019830029,1981.8239083750896,0.44785410764872524,0.5687818696883853
2026-05-23,84.6,"Reynolds, Bryan",668804,684320,walk,,R,TOR,PIT,,,,84.1,2693.0,822814,,0.6979,0.7,1.0,-0.02,0.206,,-0.206,0.954,0.046,5.0,1.0,0,0,0,0,0,0,0,0,0,0,1,0,0,0,1,90.0220930232558,2291.267441860465,-0.4631976744186046,0.5498837209302324
2026-05-23,92.1,"Reynolds, Bryan",668804,571578,single,,R,TOR,PIT,31.0,113.7,-2.0,92.2,1964.0,822814,0.52,0.495,0.9,1.0,-0.011,0.292,0.586,-0.292,0.537,0.4629999999999999,5.0,1.0,0,0,0,0,0,0,0,0,0,1,0,0,0,1,0,84.56381019830029,1981.8239083750896,0.44785410764872524,0.5687818696883853
2026-05-22,93.8,"Reynolds, Bryan",668804,686973,field_out,,R,TOR,PIT,76.0,103.1,4.0,94.8,1693.0,822816,0.571,0.531,0.0,1.0,0.026,-0.269,0.646,0.269,0.599,0.401,2.0,1.0,1,0,0,0,0,0,0,0,0,0,0,0,0,0,1,93.58670634920635,2269.196623634558,-0.2913492063492064,0.42306547619047624
2026-05-21,85.3,"Reynolds, Bryan",668804,669160,strikeout,,R,STL,PIT,,,,85.1,3284.0,823056,,0.0,0.0,1.0,0.015,-0.163,,0.163,0.35,0.65,6.0,1.0,0,0,0,0,0,0,0,0,0,0,0,1,0,0,1,92.54326489734603,2528.1402103154733,-0.23342513770655982,0.46973960941412113
2026-05-21,90.9,"Reynolds, Bryan",668804,669160,field_out,,R,STL,PIT,1.0,69.6,-66.0,91.4,1727.0,823056,0.267,0.24,0.0,1.0,0.037,-0.25,0.268,0.25,0.4,0.6,6.0,1.0,1,0,0,0,0,0,0,0,0,0,0,0,0,0,1,92.54326489734603,2528.1402103154733,-0.23342513770655982,0.46973960941412113
2026-05-21,85.8,"Reynolds, Bryan",668804,669160,strikeout,,R,STL,PIT,,,,85.5,3255.0,823056,,0.0,0.0,1.0,0.008,-0.164,,0.164,0.43,0.5700000000000001,6.0,1.0,0,0,0,0,0,0,0,0,0,0,0,1,0,0,1,92.54326489734603,2528.1402103154733,-0.23342513770655982,0.46973960941412113
2026-05-21,79.7,"Reynolds, Bryan",668804,677865,field_out,,R,STL,PIT,2.0,70.5,-41.0,80.1,1463.0,823056,0.124,0.112,0.0,1.0,-0.004,-0.245,0.125,0.245,0.033,0.967,1.0,1.0,1,0,0,0,0,0,0,0,0,0,0,0,0,1,0,84.52401913875597,2250.163636363636,0.12976076555023922,0.07838277511961722
2026-05-21,81.8,"Reynolds, Bryan",668804,690155,strikeout,,R,STL,PIT,,,,81.8,2468.0,823056,,0.0,0.0,1.0,0.001,-0.154,,0.154,0.018,0.982,1.0,1.0,0,0,1,0,0,0,0,0,0,0,0,0,0,0,1,90.2375,2267.025,-0.14725000000000002,0.7315
2026-05-20,76.4,"Reynolds, Bryan",668804,700241,field_out,,R,STL,PIT,2.0,81.3,-35.0,76.4,2440.0,823057,0.044,0.04,0.0,1.0,0.007,-0.238,0.048,0.238,0.199,0.8009999999999999,6.0,1.0,0,0,1,0,0,0,0,0,0,0,0,0,0,0,1,87.095925058548,2203.137704918033,-0.29214051522248247,0.28236533957845433
2026-05-20,90.5,"Reynolds, Bryan",668804,700241,field_out,,R,STL,PIT,6.0,79.3,-22.0,91.2,2183.0,823057,0.06,0.054,0.0,1.0,0.023,-0.275,0.07,0.275,0.414,0.5860000000000001,6.0,1.0,0,0,0,0,0,0,1,0,0,0,0,0,0,0,1,87.095925058548,2203.137704918033,-0.29214051522248247,0.28236533957845433
2026-05-20,85.9,"Reynolds, Bryan",668804,694335,double,,R,STL,PIT,221.0,94.8,12.0,86.0,2324.0,823057,0.911,0.873,1.25,1.0,-0.015,0.953,1.081,-0.953,0.019,0.981,3.0,1.0,0,0,0,0,0,0,0,0,0,0,0,1,0,0,1,92.22906091370558,2258.529187817259,-0.25441624365482235,0.46463197969543146
2026-05-20,77.2,"Reynolds, Bryan",668804,677865,strikeout,,R,STL,PIT,,,,77.5,2468.0,823057,,0.0,0.0,1.0,0.011,-0.342,,0.342,0.105,0.895,3.0,1.0,0,0,0,0,0,0,0,0,0,0,0,1,0,1,0,84.52401913875597,2250.163636363636,0.12976076555023922,0.07838277511961722
2026-05-20,88.2,"Reynolds, Bryan",668804,700241,field_out,,R,STL,PIT,3.0,68.4,-33.0,88.7,1996.0,823057,0.062,0.056,0.0,1.0,0.012,-0.302,0.066,0.302,0.536,0.4639999999999999,6.0,1.0,1,0,0,0,0,0,0,0,0,0,0,0,0,0,1,87.095925058548,2203.137704918033,-0.29214051522248247,0.28236533957845433
2026-05-19,89.6,"Reynolds, Bryan",668804,669461,double,,R,STL,PIT,394.0,107.2,23.0,89.2,1947.0,823059,0.897,1.667,1.25,1.0,-0.23,0.86,3.161,-0.86,0.751,0.249,6.0,2.0,1,0,0,0,0,0,0,0,0,0,0,0,0,1,0,88.87856804172594,2372.577999051683,0.1966524419155998,0.4471597913703177
2026-05-19,89.3,"Reynolds, Bryan",668804,669461,field_out,,R,STL,PIT,8.0,100.2,-14.0,88.8,1842.0,823059,0.252,0.227,0.0,1.0,0.023,-0.216,0.262,0.216,0.733,0.267,6.0,2.0,1,0,0,0,0,0,0,0,0,0,0,0,0,1,0,88.87856804172594,2372.577999051683,0.1966524419155998,0.4471597913703177
2026-05-19,84.7,"Reynolds, Bryan",668804,676617,hit_by_pitch,,R,STL,PIT,,,,84.7,2461.0,823059,,0.728866,0.7,1.0,-0.184,0.507,,-0.507,0.753,0.247,4.0,2.0,0,0,0,0,0,0,0,0,0,0,0,1,0,0,1,92.77642857142858,2257.5202380952383,-0.42382142857142857,0.15808333333333333
2026-05-19,82.0,"Reynolds, Bryan",668804,669461,strikeout,,R,STL,PIT,,,,81.2,3165.0,823059,,0.0,0.0,1.0,0.008,-0.22,,0.22,0.54,0.4599999999999999,6.0,2.0,0,0,1,0,0,0,0,0,0,0,0,0,0,1,0,88.87856804172594,2372.577999051683,0.1966524419155998,0.4471597913703177
2026-05-19,87.4,"Reynolds, Bryan",668804,592773,grounded_into_double_play,,R,STL,PIT,10.0,86.9,-16.0,86.5,2508.0,823059,0.088,0.083,0.0,1.0,0.157,-0.383,0.098,0.383,0.611,0.389,4.0,2.0,0,0,0,0,0,0,0,0,0,0,1,0,0,0,1,94.44925544100802,2169.5750286368843,-0.5796449026345933,0.9153493699885453
2026-05-17,88.3,"Reynolds, Bryan",668804,554430,field_out,,R,PIT,PHI,12.0,69.9,-9.0,90.3,1648.0,823381,0.055,0.05,0.0,1.0,-0.016,-0.327,0.062,0.327,0.048,0.048,5.0,1.0,0,0,0,0,0,0,0,1,0,0,0,0,0,0,1,90.10982510288066,2370.912551440329,-0.4572067901234568,0.5251234567901234
2026-05-17,90.9,"Reynolds, Bryan",668804,554430,field_out,,R,PIT,PHI,311.0,97.4,16.0,92.0,2505.0,823381,0.666,0.679,0.0,1.0,-0.014,-0.182,0.924,0.182,0.527,0.527,5.0,1.0,0,0,0,0,0,1,0,0,0,0,0,0,0,0,1,90.10982510288066,2370.912551440329,-0.4572067901234568,0.5251234567901234
2026-05-17,97.7,"Reynolds, Bryan",668804,554430,field_out,,R,PIT,PHI,9.0,72.5,-13.0,100.1,2502.0,823381,0.048,0.044,0.0,1.0,-0.012,-0.302,0.055,0.302,0.512,0.512,5.0,1.0,0,0,0,0,0,0,1,0,0,0,0,0,0,0,1,90.10982510288066,2370.912551440329,-0.4572067901234568,0.5251234567901234
2026-05-17,92.2,"Reynolds, Bryan",668804,621383,field_out,,R,PIT,PHI,332.0,92.5,29.0,91.5,2117.0,823381,0.074,0.116,0.0,1.0,-0.002,-0.246,0.195,0.246,0.003,0.003,4.0,1.0,0,0,0,0,0,0,1,0,0,0,0,0,0,1,0,87.25299455535391,2182.0763636363636,-0.1511978221415608,0.5751542649727767
2026-05-16,96.4,"Reynolds, Bryan",668804,650911,single,,R,PIT,PHI,27.0,102.5,-5.0,97.6,2221.0,823382,0.4,0.38,0.9,1.0,0.006,0.41,0.435,-0.41,0.003,0.003,6.0,1.0,0,0,0,0,0,0,0,0,0,1,0,0,0,1,0,90.39237595804761,2081.1682129891087,1.1540298507462687,0.07944735780556676
2026-05-16,86.2,"Reynolds, Bryan",668804,650911,field_out,,R,PIT,PHI,297.0,90.2,39.0,87.2,2150.0,823382,0.02,0.032,0.0,1.0,-0.026,-0.297,0.05,0.297,0.07,0.07,6.0,1.0,1,0,0,0,0,0,0,0,0,0,0,0,0,1,0,90.39237595804761,2081.1682129891087,1.1540298507462687,0.07944735780556676
2026-05-16,95.5,"Reynolds, Bryan",668804,650911,double,,R,PIT,PHI,387.0,106.6,24.0,96.6,2174.0,823382,0.929,1.763,1.25,1.0,0.012,0.596,3.369,-0.596,0.068,0.068,6.0,1.0,0,0,0,0,0,0,0,0,0,1,0,0,0,1,0,90.39237595804761,2081.1682129891087,1.1540298507462687,0.07944735780556676
2026-05-16,86.9,"Reynolds, Bryan",668804,650911,field_out,,R,PIT,PHI,1.0,57.7,-66.0,87.6,1983.0,823382,0.273,0.246,0.0,1.0,-0.008,-0.215,0.274,0.215,0.23,0.23,6.0,1.0,1,0,0,0,0,0,0,0,0,0,0,0,0,1,0,90.39237595804761,2081.1682129891087,1.1540298507462687,0.07944735780556676
2026-05-15,86.7,"Reynolds, Bryan",668804,605400,single,,R,PIT,PHI,94.0,100.9,5.0,88.3,2261.0,823384,0.637,0.593,0.9,1.0,0.011,0.512,0.713,-0.512,0.884,0.884,6.0,1.0,0,0,0,0,0,1,0,0,0,0,0,0,0,0,1,85.93161453930685,2292.189771766695,-0.3163863060016906,0.21259087066779372
2026-05-15,78.9,"Reynolds, Bryan",668804,605400,field_out,,R,PIT,PHI,4.0,78.1,-27.0,79.3,2608.0,823384,0.044,0.04,0.0,1.0,-0.008,-0.22,0.045,0.22,0.508,0.508,6.0,1.0,0,0,0,0,0,0,0,0,1,0,0,0,0,0,1,85.93161453930685,2292.189771766695,-0.3163863060016906,0.21259087066779372
2026-05-15,96.8,"Reynolds, Bryan",668804,621237,single,,R,PIT,PHI,89.0,93.1,4.0,98.1,1925.0,823384,0.483,0.443,0.9,1.0,0.038,0.413,0.543,-0.413,0.525,0.525,1.0,1.0,0,0,0,0,0,0,0,0,0,1,0,0,0,1,0,95.54842342342343,2059.376126126126,0.7022297297297296,0.7920608108108108
2026-05-15,94.2,"Reynolds, Bryan",668804,641835,field_out,,R,PIT,PHI,181.0,104.0,7.0,95.5,2164.0,823384,0.646,0.597,0.0,1.0,-0.006,-0.246,0.716,0.246,0.931,0.931,2.0,1.0,0,0,0,0,0,0,0,0,0,1,0,0,0,1,0,92.0052455357143,2095.047032474804,0.7682700892857142,0.5150558035714285
2026-05-15,92.0,"Reynolds, Bryan",668804,663767,field_out,,R,PIT,PHI,300.0,103.4,16.0,92.7,2545.0,823384,0.531,0.596,0.0,1.0,-0.006,-0.342,0.877,0.342,0.942,0.942,6.0,1.0,0,0,0,0,0,1,0,0,0,0,0,0,0,0,1,90.93543758967002,2327.9784791965567,-0.20736011477761837,0.6210043041606887
2026-05-14,85.1,"Reynolds, Bryan",668804,685299,field_out,,R,PIT,COL,3.0,59.9,-48.0,85.2,2138.0,823383,0.237,0.213,0.0,1.0,-0.002,-0.235,0.241,0.235,0.971,0.971,5.0,1.0,1,0,0,0,0,0,0,0,0,0,0,0,0,0,1,88.53726372637264,2164.3780378037804,-0.5693339333933393,0.830963096309631
2026-05-14,80.5,"Reynolds, Bryan",668804,801403,single,,R,PIT,COL,265.0,97.5,14.0,80.9,2655.0,823383,0.906,0.873,0.9,1.0,0.052,0.453,1.103,-0.453,0.595,0.595,6.0,1.0,0,0,1,0,0,0,0,0,0,0,0,0,0,0,1,93.9728129205922,2417.5464333781965,-0.6143203230148049,0.5250471063257066
2026-05-14,83.1,"Reynolds, Bryan",668804,657514,field_out,,R,PIT,COL,1.0,55.1,-57.0,82.7,2215.0,823383,0.234,0.211,0.0,1.0,-0.031,-0.266,0.235,0.266,0.825,0.825,1.0,1.0,0,0,0,0,0,1,0,0,0,0,0,0,0,1,0,84.79654747225648,2313.113440197287,0.22653514180024661,0.23487053020961773
2026-05-14,86.3,"Reynolds, Bryan",668804,685299,field_out,,R,PIT,COL,309.0,98.4,44.0,86.6,2060.0,823383,0.06,0.109,0.0,1.0,-0.008,-0.303,0.198,0.303,0.913,0.913,5.0,1.0,0,0,0,0,0,0,0,0,0,0,1,0,0,0,1,88.53726372637264,2164.3780378037804,-0.5693339333933393,0.830963096309631
2026-05-13,90.0,"Reynolds, Bryan",668804,500779,single,,R,PIT,COL,38.0,96.4,-1.0,90.6,2159.0,823386,0.391,0.358,0.9,1.0,0.05,0.489,0.42,-0.489,0.807,0.807,6.0,1.0,0,0,0,0,0,0,0,0,0,1,0,0,0,1,0,85.75203488372094,2004.1816860465117,0.4119767441860464,0.5652470930232559
2026-05-13,85.3,"Reynolds, Bryan",668804,500779,double_play,,R,PIT,COL,258.0,77.7,24.0,85.6,1374.0,823386,0.723,0.658,0.0,1.0,-0.067,-0.274,0.797,0.274,0.567,0.567,6.0,1.0,1,0,0,0,0,0,0,0,0,0,0,0,0,1,0,85.75203488372094,2004.1816860465117,0.4119767441860464,0.5652470930232559
2026-05-13,97.8,"Reynolds, Bryan",668804,622608,field_out,,R,PIT,COL,14.0,86.9,-10.0,98.1,2298.0,823386,0.13,0.117,0.0,1.0,-0.012,-0.182,0.151,0.182,0.16,0.16,6.0,1.0,0,0,0,0,0,0,1,0,0,0,0,0,0,0,1,93.61891592920354,2301.478982300885,-0.25941371681415926,0.6734513274336282
2026-05-13,98.2,"Reynolds, Bryan",668804,677955,field_out,,R,PIT,COL,310.0,86.2,26.0,97.6,2481.0,823386,0.077,0.069,0.0,1.0,-0.023,-0.216,0.111,0.216,0.083,0.083,1.0,1.0,0,0,0,0,0,0,0,0,0,1,0,0,0,0,1,92.35841784989857,2263.052738336714,-0.6370993914807302,0.49711967545638946
2026-05-12,94.8,"Reynolds, Bryan",668804,547179,field_out,,R,PIT,COL,299.0,87.8,27.0,94.5,2353.0,823385,0.071,0.082,0.0,1.0,-0.017,-0.33,0.133,0.33,0.796,0.796,6.0,2.0,0,0,0,0,0,0,0,0,0,1,0,0,0,0,1,88.67970749542962,2352.797074954296,-0.6000776965265082,0.48272851919561244
2026-05-12,85.1,"Reynolds, Bryan",668804,547179,force_out,,R,PIT,COL,245.0,79.6,25.0,84.4,2244.0,823385,0.431,0.41,0.0,1.0,-0.019,-0.179,0.54,0.179,0.663,0.663,6.0,2.0,1,0,0,0,0,0,0,0,0,0,0,0,0,0,1,88.67970749542962,2352.797074954296,-0.6000776965265082,0.48272851919561244
2026-05-12,92.9,"Reynolds, Bryan",668804,680767,single,,R,PIT,COL,17.0,86.0,-7.0,93.9,2040.0,823385,0.098,0.089,0.9,1.0,0.06,0.618,0.113,-0.618,0.886,0.886,4.0,2.0,1,0,0,0,0,0,0,0,0,0,0,0,0,0,1,94.33669724770641,2230.549148099607,-0.3739449541284404,0.5147313237221495
2026-05-12,94.7,"Reynolds, Bryan",668804,547179,walk,,R,PIT,COL,,,,94.5,2096.0,823385,,0.6979,0.7,1.0,0.008,0.084,,-0.084,0.579,0.579,6.0,2.0,0,0,0,0,0,0,0,0,0,1,0,0,0,0,1,88.67970749542962,2352.797074954296,-0.6000776965265082,0.48272851919561244
2026-05-10,96.7,"Reynolds, Bryan",668804,668873,field_out,,R,SF,PIT,267.0,82.9,26.0,97.7,2373.0,823221,0.146,0.151,0.0,1.0,0.119,-0.357,0.216,0.357,0.489,0.511,2.0,1.0,0,0,0,0,0,0,1,0,0,0,0,0,0,0,1,91.8057251908397,2480.331210191083,0.035712468193384216,0.4862722646310432
2026-05-09,76.5,"Reynolds, Bryan",668804,694738,strikeout,,R,SF,PIT,,,,76.5,2974.0,823224,,0.0,0.0,1.0,0.014,-0.302,,0.302,0.541,0.4589999999999999,7.0,1.0,0,0,1,0,0,0,0,0,0,0,0,0,0,0,1,87.01419185282523,2326.126872246696,-0.35408672798948754,-0.032746386333771346
2026-05-09,93.0,"Reynolds, Bryan",668804,657424,field_out,,R,SF,PIT,34.0,105.7,-3.0,93.3,2205.0,823224,0.411,0.37,0.0,1.0,0.019,-0.227,0.433,0.227,0.144,0.856,1.0,1.0,0,0,0,0,0,0,0,0,0,1,0,0,0,1,0,87.71178707224335,2068.787072243346,0.09939163498098859,0.6142205323193916
2026-05-09,85.8,"Reynolds, Bryan",668804,694738,force_out,,R,SF,PIT,3.0,89.2,-33.0,85.9,2018.0,823224,0.048,0.043,0.0,1.0,0.024,-0.279,0.055,0.279,0.502,0.498,7.0,1.0,1,0,0,0,0,0,0,0,0,0,0,0,0,0,1,87.01419185282523,2326.126872246696,-0.35408672798948754,-0.032746386333771346
2026-05-09,79.5,"Reynolds, Bryan",668804,621366,single,,R,SF,PIT,110.0,105.8,6.0,80.6,2533.0,823224,0.594,0.553,0.9,1.0,-0.107,0.547,0.677,-0.547,0.34,0.6599999999999999,4.0,1.0,0,0,0,0,0,0,0,0,0,0,0,1,0,1,0,87.98184210526315,2192.4736842105262,0.5598421052631579,0.3318947368421053
2026-05-09,95.8,"Reynolds, Bryan",668804,666619,walk,,R,SF,PIT,,,,97.1,2343.0,823224,,0.6979,0.7,1.0,-0.001,0.051,,-0.051,0.005,0.995,4.0,1.0,0,0,0,0,0,0,1,0,0,0,0,0,0,0,1,92.81976744186046,2411.6627906976746,-0.07965116279069767,0.3901162790697674
2026-05-08,91.3,"Reynolds, Bryan",668804,592662,field_out,,R,SF,PIT,216.0,91.1,57.0,91.2,2329.0,823225,0.011,0.016,0.0,1.0,0.036,-0.259,0.025,0.259,0.66,0.3399999999999999,7.0,1.0,0,0,0,0,0,0,1,0,0,0,0,0,0,1,0,88.53402061855671,2138.6476149548776,0.5172852233676976,0.8405841924398625
2026-05-08,93.9,"Reynolds, Bryan",668804,592662,walk,,R,SF,PIT,,,,93.8,2257.0,823225,,0.6979,0.7,1.0,-0.01,0.141,,-0.141,0.516,0.484,7.0,1.0,0,0,0,0,0,0,1,0,0,0,0,0,0,1,0,88.53402061855671,2138.6476149548776,0.5172852233676976,0.8405841924398625
2026-05-08,86.7,"Reynolds, Bryan",668804,592662,grounded_into_double_play,,R,SF,PIT,6.0,86.2,-22.0,86.7,1597.0,823225,0.092,0.085,0.0,1.0,0.046,-0.279,0.105,0.279,0.502,0.498,7.0,1.0,1,0,0,0,0,0,0,0,0,0,0,0,0,1,0,88.53402061855671,2138.6476149548776,0.5172852233676976,0.8405841924398625
2026-05-08,93.4,"Reynolds, Bryan",668804,657424,field_out,,R,SF,PIT,2.0,74.8,-58.0,93.7,2156.0,823225,0.281,0.253,0.0,1.0,0.01,-0.31,0.282,0.31,0.978,0.022,2.0,1.0,0,0,0,0,0,0,1,0,0,0,0,0,0,1,0,87.71178707224335,2068.787072243346,0.09939163498098859,0.6142205323193916
2026-05-07,88.7,"Reynolds, Bryan",668804,668678,walk,,R,AZ,PIT,,,,89.4,2321.0,825090,,0.6979,0.7,1.0,-0.026,0.215,,-0.215,0.671,0.3289999999999999,6.0,1.0,0,0,0,0,0,0,0,0,0,0,1,0,0,0,1,88.97947464874773,2200.4141722663408,-0.1936957849725107,0.5566646304215027
2026-05-07,81.9,"Reynolds, Bryan",668804,668678,field_out,,R,AZ,PIT,349.0,95.1,33.0,82.0,2377.0,825090,0.12,0.221,0.0,1.0,0.055,-0.2,0.417,0.2,0.5,0.5,6.0,1.0,0,0,0,0,0,0,0,0,1,0,0,0,0,0,1,88.97947464874773,2200.4141722663408,-0.1936957849725107,0.5566646304215027
2026-05-07,94.1,"Reynolds, Bryan",668804,805299,grounded_into_double_play,,R,AZ,PIT,8.0,108.4,-14.0,93.1,2131.0,825090,0.249,0.225,0.0,1.0,0.047,-0.316,0.256,0.316,0.165,0.835,2.0,1.0,0,0,0,0,0,1,0,0,0,0,0,0,0,1,0,93.57824351297404,2391.1457085828342,0.3322355289421157,0.32622754491017963
2026-05-07,94.2,"Reynolds, Bryan",668804,668678,field_out,,R,AZ,PIT,46.0,73.1,1.0,94.5,2324.0,825090,0.114,0.103,0.0,1.0,0.012,-0.222,0.121,0.222,0.426,0.5740000000000001,6.0,1.0,0,0,0,0,0,0,1,0,0,0,0,0,0,0,1,88.97947464874773,2200.4141722663408,-0.1936957849725107,0.5566646304215027
2026-05-06,93.6,"Reynolds, Bryan",668804,647336,strikeout,,R,AZ,PIT,,,,92.6,2518.0,825091,,0.0,0.0,1.0,0.014,-0.178,,0.178,0.401,0.599,6.0,1.0,0,0,0,0,0,0,1,0,0,0,0,0,0,0,1,87.80663441603318,2602.6109191430546,-0.20251554941257777,0.32098825155494126
2026-05-06,86.4,"Reynolds, Bryan",668804,647336,single,,R,AZ,PIT,82.0,100.5,4.0,86.0,2257.0,825091,0.54,0.503,0.9,1.0,-0.025,0.421,0.61,-0.421,0.411,0.589,6.0,1.0,1,0,0,0,0,0,0,0,0,0,0,0,0,0,1,87.80663441603318,2602.6109191430546,-0.20251554941257777,0.32098825155494126
2026-05-06,93.9,"Reynolds, Bryan",668804,647336,single,,R,AZ,PIT,217.0,106.9,15.0,93.4,2506.0,825091,0.623,0.688,0.9,1.0,-0.024,0.454,1.025,-0.454,0.426,0.5740000000000001,6.0,1.0,0,0,0,0,0,0,1,0,0,0,0,0,0,0,1,87.80663441603318,2602.6109191430546,-0.20251554941257777,0.32098825155494126
2026-05-06,98.0,"Reynolds, Bryan",668804,666661,field_out,,R,AZ,PIT,8.0,101.3,-14.0,98.0,2072.0,825091,0.234,0.211,0.0,1.0,0.023,-0.259,0.241,0.259,0.255,0.745,4.0,1.0,0,0,0,0,0,0,1,0,0,0,0,0,0,0,1,95.4130864197531,2317.948148148148,-0.5546790123456791,0.8759012345679013
2026-05-05,92.5,"Reynolds, Bryan",668804,593958,strikeout,,R,AZ,PIT,,,,92.6,2255.0,825092,,0.0,0.0,1.0,0.015,-0.182,,0.182,0.817,0.183,6.0,2.0,0,0,0,0,0,0,1,0,0,0,0,0,0,1,0,88.30172922817377,2174.287220582033,0.5710417545339519,0.7742345002108815
2026-05-05,87.1,"Reynolds, Bryan",668804,593958,walk,,R,AZ,PIT,,,,87.3,2041.0,825092,,0.6979,0.7,1.0,-0.038,0.365,,-0.365,0.722,0.278,6.0,2.0,1,0,0,0,0,0,0,0,0,0,0,0,0,1,0,88.30172922817377,2174.287220582033,0.5710417545339519,0.7742345002108815
2026-05-05,87.1,"Reynolds, Bryan",668804,593958,field_out,,R,AZ,PIT,72.0,85.9,4.0,87.1,1934.0,825092,0.357,0.345,0.0,1.0,0.01,-0.244,0.422,0.244,0.538,0.4619999999999999,6.0,2.0,1,0,0,0,0,0,0,0,0,0,0,0,0,1,0,88.30172922817377,2174.287220582033,0.5710417545339519,0.7742345002108815
2026-05-05,96.1,"Reynolds, Bryan",668804,805299,field_out,,R,AZ,PIT,8.0,92.5,-20.0,94.1,2234.0,825092,0.127,0.114,0.0,1.0,0.0,-0.163,0.156,0.163,0.999,0.001,4.0,2.0,0,0,0,0,0,0,0,0,0,1,0,0,0,1,0,93.57824351297404,2391.1457085828342,0.3322355289421157,0.32622754491017963
2026-05-03,93.8,"Reynolds, Bryan",668804,695505,walk,,R,PIT,CIN,,,,94.6,2798.0,823387,,0.6979,0.7,1.0,0.048,0.365,,-0.365,0.596,0.596,5.0,1.0,0,0,0,0,0,0,0,0,0,0,1,0,0,0,1,94.35285969615728,2644.3534405719392,-0.122171581769437,0.9275469168900804
2026-05-03,91.3,"Reynolds, Bryan",668804,695505,strikeout,,R,PIT,CIN,,,,91.6,2749.0,823387,,0.0,0.0,1.0,-0.012,-0.164,,0.164,0.525,0.525,5.0,1.0,0,0,0,0,0,0,0,0,0,0,1,0,0,0,1,94.35285969615728,2644.3534405719392,-0.122171581769437,0.9275469168900804
2026-05-03,94.5,"Reynolds, Bryan",668804,663574,field_out,,R,PIT,CIN,19.0,99.8,-6.0,93.9,2294.0,823387,0.32,0.288,0.0,1.0,-0.049,-0.278,0.335,0.278,0.884,0.884,3.0,1.0,0,0,0,0,0,0,1,0,0,0,0,0,0,0,1,91.0516064257028,2293.6967871485945,-0.3236546184738956,0.5806224899598393
2026-05-03,90.9,"Reynolds, Bryan",668804,695505,strikeout,,R,PIT,CIN,,,,91.5,2689.0,823387,,0.0,0.0,1.0,-0.029,-0.233,,0.233,0.562,0.562,5.0,1.0,0,0,0,0,0,0,0,0,0,0,1,0,0,0,1,94.35285969615728,2644.3534405719392,-0.122171581769437,0.9275469168900804
2026-05-02,92.3,"Reynolds, Bryan",668804,695076,walk,,R,PIT,CIN,,,,92.0,2234.0,823388,,0.6979,0.7,1.0,0.021,0.263,,-0.263,0.753,0.753,6.0,1.0,0,0,0,0,0,0,0,0,0,1,0,0,0,0,1,89.17179788484138,2354.602820211516,-0.8197473560517039,0.35206227967097536
2026-05-02,97.2,"Reynolds, Bryan",668804,656271,double,,R,PIT,CIN,190.0,81.6,15.0,97.6,2396.0,823388,0.934,0.883,1.25,1.0,0.006,0.881,1.071,-0.881,0.99,0.99,4.0,1.0,0,0,0,0,0,0,1,0,0,0,0,0,0,1,0,91.50451807228916,2242.140562248996,0.6722590361445783,0.8500200803212851
2026-05-02,91.4,"Reynolds, Bryan",668804,594580,single,,R,PIT,CIN,94.0,80.6,6.0,89.0,2452.0,823388,0.29,0.306,0.9,1.0,0.004,0.429,0.331,-0.429,0.978,0.978,1.0,1.0,0,0,0,0,0,0,0,0,0,1,0,0,0,1,0,86.81927835051548,2496.418556701031,0.3091237113402062,-0.12234020618556701
2026-05-02,89.2,"Reynolds, Bryan",668804,668933,strikeout,,R,PIT,CIN,,,,88.5,2999.0,823388,,0.0,0.0,1.0,0.0,-0.244,,0.244,0.999,0.999,4.0,1.0,0,0,0,0,0,0,0,0,0,0,1,0,0,0,1,94.42222222222222,2725.657777777778,0.35511111111111116,0.4988444444444445
2026-05-02,92.1,"Reynolds, Bryan",668804,695076,walk,,R,PIT,CIN,,,,91.9,2296.0,823388,,0.6979,0.7,1.0,0.035,0.25,,-0.25,0.509,0.509,6.0,1.0,0,0,0,0,0,0,0,0,0,1,0,0,0,0,1,89.17179788484138,2354.602820211516,-0.8197473560517039,0.35206227967097536
2026-05-01,80.6,"Reynolds, Bryan",668804,663903,triple,,R,PIT,CIN,326.0,98.3,19.0,81.8,2404.0,823389,0.323,0.38,1.6,1.0,0.102,0.92,0.593,-0.92,0.656,0.656,6.0,1.0,0,0,0,0,0,0,0,0,0,0,1,0,0,0,1,87.31470723835868,2384.0295339178588,-0.44004149377593366,0.46187644075610884
2026-05-01,99.0,"Reynolds, Bryan",668804,682825,walk,,R,PIT,CIN,,,,99.9,2340.0,823389,,0.6979,0.7,1.0,0.0,0.295,,-0.295,0.998,0.998,2.0,1.0,0,0,0,0,0,0,0,0,0,1,0,0,0,0,1,93.58640226628896,2337.1274787535413,-0.3342492917847026,0.3777053824362607
2026-05-01,85.5,"Reynolds, Bryan",668804,687209,strikeout,,R,PIT,CIN,,,,85.6,2711.0,823389,,0.0,0.0,1.0,-0.016,-0.319,,0.319,0.926,0.926,,1.0,0,0,0,0,0,0,0,0,0,0,0,1,0,0,1,94.9055944055944,2452.0034965034965,-0.2772727272727273,0.916783216783217
2026-05-01,91.6,"Reynolds, Bryan",668804,663903,home_run,,R,PIT,CIN,443.0,108.1,28.0,93.4,2364.0,823389,1.0,2.0,2.0,1.0,0.106,2.7,4.0,-2.7,0.506,0.506,6.0,1.0,0,0,0,0,0,0,1,0,0,0,0,0,0,0,1,87.31470723835868,2384.0295339178588,-0.44004149377593366,0.46187644075610884
2026-05-01,85.8,"Reynolds, Bryan",668804,572955,field_out,,R,PIT,CIN,16.0,80.6,-8.0,84.9,2899.0,823389,0.137,0.137,0.0,1.0,-0.001,-0.342,0.185,0.342,0.993,0.993,5.0,1.0,0,0,1,0,0,0,0,0,0,0,0,0,0,0,1,89.67446808510638,2649.5914332784187,0.04507364975450081,0.22774140752864153
2026-04-30,79.0,"Reynolds, Bryan",668804,690928,double,,R,PIT,STL,376.0,101.1,26.0,79.0,2490.0,823391,0.586,1.025,1.25,1.0,0.018,0.596,1.898,-0.596,0.11,0.11,,1.0,0,0,1,0,0,0,0,0,0,0,0,0,0,0,1,89.18618266978923,2460.1383352872217,0.07668618266978922,0.44111241217798597
2026-04-30,89.2,"Reynolds, Bryan",668804,690928,strikeout,,R,PIT,STL,,,,88.9,2625.0,823391,,0.0,0.0,1.0,-0.008,-0.22,,0.22,0.23,0.23,,1.0,0,0,0,0,0,0,0,0,0,0,1,0,0,0,1,89.18618266978923,2460.1383352872217,0.07668618266978922,0.44111241217798597
2026-04-30,95.3,"Reynolds, Bryan",668804,668941,walk,,R,PIT,STL,,,,93.7,2146.0,823391,,0.6979,0.7,1.0,0.024,0.295,,-0.295,0.283,0.283,1.0,1.0,0,0,0,0,0,0,0,0,0,1,0,0,0,1,0,88.78973647711513,2270.2468793342578,0.31112343966712896,0.025991678224687936
2026-04-30,87.8,"Reynolds, Bryan",668804,694335,field_out,,R,PIT,STL,303.0,90.9,45.0,87.7,2367.0,823391,0.003,0.004,0.0,1.0,-0.008,-0.298,0.007,0.298,0.01,0.01,2.0,1.0,0,0,0,0,0,0,0,0,0,0,0,1,0,0,1,92.22906091370558,2258.529187817259,-0.25441624365482235,0.46463197969543146
2026-04-30,77.0,"Reynolds, Bryan",668804,677865,double,,R,PIT,STL,321.0,92.4,27.0,77.5,2582.0,823391,0.109,0.14,1.25,1.0,0.132,0.889,0.225,-0.889,0.133,0.133,2.0,1.0,0,0,0,0,0,0,0,0,0,0,0,1,0,1,0,84.52401913875597,2250.163636363636,0.12976076555023922,0.07838277511961722
2026-04-29,76.0,"Reynolds, Bryan",668804,669467,strikeout,,R,PIT,STL,,,,75.7,2814.0,823392,,0.0,0.0,1.0,-0.03,-0.231,,0.231,0.255,0.255,5.0,1.0,0,0,0,0,0,0,0,0,1,0,0,0,0,0,1,89.87911938266001,2282.0649114843395,-0.020304130730821605,0.3263004993191103
2026-04-29,87.4,"Reynolds, Bryan",668804,669467,strikeout,,R,PIT,STL,,,,88.2,2221.0,823392,,0.0,0.0,1.0,-0.037,-0.342,,0.342,0.435,0.435,5.0,1.0,0,0,0,0,0,0,0,0,0,0,1,0,0,0,1,89.87911938266001,2282.0649114843395,-0.020304130730821605,0.3263004993191103
2026-04-29,77.3,"Reynolds, Bryan",668804,669467,field_out,,R,PIT,STL,15.0,81.7,-7.0,77.2,2762.0,823392,0.117,0.12,0.0,1.0,-0.016,-0.129,0.142,0.129,0.553,0.553,5.0,1.0,0,0,0,0,0,0,0,0,1,0,0,0,0,0,1,89.87911938266001,2282.0649114843395,-0.020304130730821605,0.3263004993191103
2026-04-29,93.6,"Reynolds, Bryan",668804,668941,walk,,R,PIT,STL,,,,92.3,2197.0,823392,,0.6979,0.7,1.0,0.044,0.139,,-0.139,0.364,0.364,3.0,1.0,0,0,0,0,0,0,0,0,0,1,0,0,0,1,0,88.78973647711513,2270.2468793342578,0.31112343966712896,0.025991678224687936
2026-04-29,97.3,"Reynolds, Bryan",668804,676617,field_out,,R,PIT,STL,28.0,100.0,-3.0,98.0,2252.0,823392,0.363,0.327,0.0,1.0,-0.109,-0.342,0.398,0.342,0.224,0.224,4.0,1.0,0,0,0,0,0,0,0,0,0,1,0,0,0,0,1,92.77642857142858,2257.5202380952383,-0.42382142857142857,0.15808333333333333
2026-04-28,94.6,"Reynolds, Bryan",668804,681517,single,,R,PIT,STL,32.0,102.4,-2.0,96.1,2123.0,823390,0.438,0.414,0.9,1.0,0.013,0.372,0.471,-0.372,0.045,0.045,6.0,1.0,0,0,0,0,0,0,1,0,0,0,0,0,0,0,1,89.4774592189817,2180.9471082550667,-0.004419179436480468,0.3882896688087
2026-04-28,94.2,"Reynolds, Bryan",668804,681517,single,,R,PIT,STL,35.0,104.8,-3.0,96.2,2178.0,823390,0.451,0.406,0.9,1.0,0.051,0.52,0.484,-0.52,0.208,0.208,6.0,1.0,0,0,0,0,0,0,1,0,0,0,0,0,0,0,1,89.4774592189817,2180.9471082550667,-0.004419179436480468,0.3882896688087
2026-04-28,89.4,"Reynolds, Bryan",668804,677865,walk,,R,PIT,STL,,,,90.0,2161.0,823390,,0.6979,0.7,1.0,0.001,0.114,,-0.114,0.003,0.003,3.0,1.0,0,0,0,0,0,0,1,0,0,0,0,0,0,1,0,84.52401913875597,2250.163636363636,0.12976076555023922,0.07838277511961722
2026-04-28,83.7,"Reynolds, Bryan",668804,681517,strikeout,,R,PIT,STL,,,,84.7,2405.0,823390,,0.0,0.0,1.0,-0.024,-0.2,,0.2,0.557,0.557,6.0,1.0,0,0,1,0,0,0,0,0,0,0,0,0,0,0,1,89.4774592189817,2180.9471082550667,-0.004419179436480468,0.3882896688087
2026-04-27,93.9,"Reynolds, Bryan",668804,669160,field_out,,R,PIT,STL,83.0,101.4,4.0,95.2,2458.0,823395,0.526,0.489,0.0,1.0,-0.008,-0.3,0.596,0.3,0.787,0.787,6.0,1.0,0,0,0,0,0,1,0,0,0,0,0,0,0,0,1,92.54326489734603,2528.1402103154733,-0.23342513770655982,0.46973960941412113
2026-04-27,97.4,"Reynolds, Bryan",668804,669160,field_out,,R,PIT,STL,267.0,81.5,41.0,98.9,2257.0,823395,0.02,0.018,0.0,1.0,-0.017,-0.309,0.024,0.309,0.766,0.766,6.0,1.0,0,0,0,0,0,0,1,0,0,0,0,0,0,0,1,92.54326489734603,2528.1402103154733,-0.23342513770655982,0.46973960941412113
2026-04-27,96.0,"Reynolds, Bryan",668804,681676,field_out,,R,PIT,STL,243.0,72.7,35.0,96.1,2299.0,823395,0.371,0.348,0.0,1.0,-0.003,-0.259,0.434,0.259,0.927,0.927,5.0,1.0,0,0,0,0,0,0,1,0,0,0,0,0,0,0,1,90.26228813559321,2252.9491525423728,-0.2097457627118644,0.7364830508474577
2026-04-27,90.8,"Reynolds, Bryan",668804,669160,field_out,,R,PIT,STL,1.0,79.6,-65.0,91.9,1773.0,823395,0.369,0.338,0.0,1.0,-0.009,-0.24,0.37,0.24,0.542,0.542,6.0,1.0,1,0,0,0,0,0,0,0,0,0,0,0,0,0,1,92.54326489734603,2528.1402103154733,-0.23342513770655982,0.46973960941412113
2026-04-26,95.8,"Reynolds, Bryan",668804,690986,walk,,R,MIL,PIT,,,,95.8,2332.0,823797,,0.6979,0.7,1.0,-0.013,0.295,,-0.295,0.545,0.4549999999999999,5.0,1.0,0,0,0,0,0,0,1,0,0,0,0,0,0,1,0,90.05876106194691,2205.7286135693216,0.45959882005899705,0.5945250737463127
2026-04-26,99.3,"Reynolds, Bryan",668804,676879,field_out,,R,MIL,PIT,3.0,80.0,-37.0,97.8,2066.0,823797,0.048,0.043,0.0,1.0,0.02,-0.207,0.052,0.207,0.975,0.025,1.0,1.0,0,0,0,0,0,0,0,0,0,1,0,0,0,1,0,92.39659643435981,2257.4068071312804,0.5164100486223663,0.05575364667747163
2026-04-26,94.8,"Reynolds, Bryan",668804,690986,strikeout,,R,MIL,PIT,,,,94.5,2221.0,823797,,0.0,0.0,1.0,0.012,-0.302,,0.302,0.536,0.4639999999999999,5.0,1.0,0,0,0,0,0,0,1,0,0,0,0,0,0,1,0,90.05876106194691,2205.7286135693216,0.45959882005899705,0.5945250737463127
2026-04-26,97.9,"Reynolds, Bryan",668804,656730,walk,,R,MIL,PIT,,,,97.7,2518.0,823797,,0.6979,0.7,1.0,-0.016,0.191,,-0.191,0.933,0.0669999999999999,3.0,1.0,0,0,0,0,0,0,1,0,0,0,0,0,0,0,1,94.4030701754386,2509.4040995607616,-0.1696345029239766,0.9561111111111111
2026-04-25,100.5,"Reynolds, Bryan",668804,694819,strikeout,,R,MIL,PIT,,,,102.3,2559.0,823799,,0.0,0.0,1.0,0.013,-0.22,,0.22,0.554,0.4459999999999999,6.0,1.0,0,0,0,0,0,0,1,0,0,0,0,0,0,0,1,97.6327892462794,2563.4263082093134,-0.506216994719155,0.8531397023523765
2026-04-25,86.3,"Reynolds, Bryan",668804,694819,hit_by_pitch,,R,MIL,PIT,,,,87.7,2287.0,823799,,0.728866,0.7,1.0,-0.048,0.49,,-0.49,0.504,0.496,6.0,1.0,0,0,0,0,0,0,0,0,0,0,1,0,0,0,1,97.6327892462794,2563.4263082093134,-0.506216994719155,0.8531397023523765
2026-04-25,101.6,"Reynolds, Bryan",668804,694819,walk,,R,MIL,PIT,,,,103.4,2655.0,823799,,0.6979,0.7,1.0,-0.01,0.295,,-0.295,0.536,0.4639999999999999,6.0,1.0,0,0,0,0,0,0,1,0,0,0,0,0,0,0,1,97.6327892462794,2563.4263082093134,-0.506216994719155,0.8531397023523765
2026-04-25,93.9,"Reynolds, Bryan",668804,672582,single,,R,MIL,PIT,7.0,102.3,-20.0,92.5,1909.0,823799,0.183,0.168,0.9,1.0,-0.279,0.515,0.187,-0.515,0.587,0.413,2.0,1.0,0,0,0,0,0,0,0,0,0,1,0,0,0,1,0,93.50601851851852,2113.5138888888887,1.047175925925926,0.2217592592592593
2026-04-25,92.7,"Reynolds, Bryan",668804,676879,strikeout,,R,MIL,PIT,,,,91.8,1971.0,823799,,0.0,0.0,1.0,0.025,-0.178,,0.178,0.563,0.437,2.0,1.0,1,0,0,0,0,0,0,0,0,0,0,0,0,1,0,92.39659643435981,2257.4068071312804,0.5164100486223663,0.05575364667747163
2026-04-24,91.9,"Reynolds, Bryan",668804,605540,field_out,,R,MIL,PIT,193.0,92.3,62.0,91.7,2344.0,823800,0.011,0.013,0.0,1.0,0.028,-0.296,0.02,0.296,0.164,0.836,6.0,1.0,0,0,0,0,0,0,1,0,0,0,0,0,0,0,1,88.78622848200314,2220.9374021909234,-0.6209389671361503,1.095226917057903
2026-04-24,78.7,"Reynolds, Bryan",668804,675660,walk,,R,MIL,PIT,,,,78.2,2855.0,823800,,0.6979,0.7,1.0,0.0,0.295,,-0.295,0.003,0.997,16.0,1.0,0,0,1,0,0,0,0,0,0,0,0,0,0,1,0,90.23723875870803,2555.8236824983733,0.4263077897403419,0.5139138695376821
2026-04-24,93.9,"Reynolds, Bryan",668804,605540,walk,,R,MIL,PIT,,,,94.3,2330.0,823800,,0.6979,0.7,1.0,-0.023,0.242,,-0.242,0.311,0.6890000000000001,6.0,1.0,0,0,0,0,0,0,1,0,0,0,0,0,0,0,1,88.78622848200314,2220.9374021909234,-0.6209389671361503,1.095226917057903
2026-04-24,80.5,"Reynolds, Bryan",668804,675660,strikeout,,R,MIL,PIT,,,,79.6,2886.0,823800,,0.0,0.0,1.0,0.002,-0.163,,0.163,0.038,0.962,16.0,1.0,0,0,1,0,0,0,0,0,0,0,0,0,0,1,0,90.23723875870803,2555.8236824983733,0.4263077897403419,0.5139138695376821
2026-04-24,92.7,"Reynolds, Bryan",668804,605540,strikeout,,R,MIL,PIT,,,,92.9,2321.0,823800,,0.0,0.0,1.0,0.007,-0.179,,0.179,0.541,0.4589999999999999,6.0,1.0,0,0,0,0,0,0,1,0,0,0,0,0,0,0,1,88.78622848200314,2220.9374021909234,-0.6209389671361503,1.095226917057903
2026-04-23,97.4,"Reynolds, Bryan",668804,594798,field_out,,R,TEX,PIT,52.0,102.6,0.0,97.1,2497.0,822912,0.454,0.41,0.0,1.0,0.011,-0.259,0.482,0.259,0.952,0.048,6.0,1.0,0,0,0,0,0,0,1,0,0,0,0,0,0,0,1,93.06101778656127,2439.611166007905,-0.2530632411067194,0.7085918972332016
2026-04-23,91.1,"Reynolds, Bryan",668804,594798,strikeout,,R,TEX,PIT,,,,91.4,1560.0,822912,,0.0,0.0,1.0,0.021,-0.244,,0.244,0.534,0.4659999999999999,6.0,1.0,1,0,0,0,0,0,0,0,0,0,0,0,0,0,1,93.06101778656127,2439.611166007905,-0.2530632411067194,0.7085918972332016
2026-04-23,98.7,"Reynolds, Bryan",668804,594798,strikeout,,R,TEX,PIT,,,,98.7,2562.0,822912,,0.0,0.0,1.0,0.008,-0.22,,0.22,0.54,0.4599999999999999,6.0,1.0,0,0,0,0,0,0,1,0,0,0,0,0,0,0,1,93.06101778656127,2439.611166007905,-0.2530632411067194,0.7085918972332016
2026-04-23,87.3,"Reynolds, Bryan",668804,596001,field_out,,R,TEX,PIT,13.0,72.1,-7.0,86.4,1384.0,822912,0.079,0.076,0.0,1.0,0.006,-0.184,0.086,0.184,0.984,0.016,2.0,1.0,1,0,0,0,0,0,0,0,0,0,0,0,0,0,1,86.684176182708,2108.624183006536,0.09437194127243068,0.3093311582381729
2026-04-22,97.2,"Reynolds, Bryan",668804,683004,single,,R,TEX,PIT,176.0,84.7,13.0,97.4,2540.0,822913,0.8,0.776,0.9,1.0,-0.235,0.489,0.939,-0.489,0.496,0.504,6.0,1.0,0,0,0,0,0,0,1,0,0,0,0,0,0,0,1,91.94137437365784,2346.5254115962775,-0.4421689334287759,0.6924838940586973
2026-04-22,97.7,"Reynolds, Bryan",668804,683004,field_out,,R,TEX,PIT,172.0,82.0,65.0,99.3,2451.0,822913,0.003,0.003,0.0,1.0,0.025,-0.231,0.003,0.231,0.627,0.373,6.0,1.0,0,0,0,0,0,0,1,0,0,0,0,0,0,0,1,91.94137437365784,2346.5254115962775,-0.4421689334287759,0.6924838940586973
2026-04-22,94.1,"Reynolds, Bryan",668804,656222,field_out,,R,TEX,PIT,282.0,85.8,47.0,94.3,2132.0,822913,0.003,0.003,0.0,1.0,0.001,-0.215,0.003,0.215,0.018,0.982,3.0,1.0,0,0,0,0,0,0,1,0,0,0,0,0,0,1,0,90.0970515970516,2132.012285012285,0.7993857493857495,0.9812285012285012
2026-04-22,96.4,"Reynolds, Bryan",668804,683004,double,,R,TEX,PIT,348.0,106.3,18.0,96.7,2418.0,822913,0.537,0.673,1.25,1.0,-0.022,0.553,1.076,-0.553,0.538,0.4619999999999999,6.0,1.0,0,0,0,0,0,0,1,0,0,0,0,0,0,0,1,91.94137437365784,2346.5254115962775,-0.4421689334287759,0.6924838940586973
2026-04-22,97.1,"Reynolds, Bryan",668804,686560,field_out,,R,TEX,PIT,6.0,107.6,-19.0,96.8,2547.0,822913,0.146,0.131,0.0,1.0,0.014,-0.309,0.153,0.309,0.136,0.864,3.0,1.0,0,0,0,0,0,0,0,0,0,1,0,0,0,0,1,92.15,2618.609865470852,-0.25970852017937224,0.46719730941704035
2026-04-21,92.3,"Reynolds, Bryan",668804,677958,walk,,R,TEX,PIT,,,,92.9,2055.0,822914,,0.6979,0.7,1.0,-0.016,0.336,,-0.336,0.932,0.0679999999999999,6.0,2.0,0,0,0,0,0,0,0,0,0,1,0,0,0,0,1,89.19359290290784,2135.3681616559884,-0.5275603745687532,0.29636766880236565
2026-04-21,94.1,"Reynolds, Bryan",668804,677958,field_out,,R,TEX,PIT,5.0,100.4,-20.0,94.3,2068.0,822914,0.146,0.131,0.0,1.0,0.029,-0.259,0.15,0.259,0.623,0.377,6.0,2.0,0,0,0,0,0,0,0,0,0,1,0,0,0,0,1,89.19359290290784,2135.3681616559884,-0.5275603745687532,0.29636766880236565
2026-04-21,79.7,"Reynolds, Bryan",668804,656641,strikeout,,R,TEX,PIT,,,,79.6,2756.0,822914,,0.0,0.0,1.0,0.002,-0.179,,0.179,0.986,0.014,4.0,2.0,0,0,1,0,0,0,0,0,0,0,0,0,0,1,0,90.16923950056754,2348.810442678774,0.5048694665153235,1.0052099886492623
2026-04-21,83.3,"Reynolds, Bryan",668804,677958,strikeout,,R,TEX,PIT,,,,83.9,2302.0,822914,,0.0,0.0,1.0,0.021,-0.174,,0.174,0.381,0.619,6.0,2.0,0,0,0,0,0,0,0,0,0,0,1,0,0,0,1,89.19359290290784,2135.3681616559884,-0.5275603745687532,0.29636766880236565
2026-04-19,95.4,"Reynolds, Bryan",668804,663556,single,,R,PIT,TB,67.0,95.6,2.0,96.1,2082.0,823393,0.474,0.441,0.9,1.0,0.148,0.593,0.522,-0.593,0.665,0.665,5.0,1.0,0,0,0,0,0,0,1,0,0,0,0,0,0,1,0,89.72281795511222,2092.7150872817956,0.5921945137157107,0.5241645885286783
2026-04-19,97.3,"Reynolds, Bryan",668804,663556,strikeout,,R,PIT,TB,,,,97.8,2117.0,823393,,0.0,0.0,1.0,-0.031,-0.269,,0.269,0.654,0.654,5.0,1.0,0,0,0,0,0,0,1,0,0,0,0,0,0,1,0,89.72281795511222,2092.7150872817956,0.5921945137157107,0.5241645885286783
2026-04-19,74.6,"Reynolds, Bryan",668804,669438,single,,R,PIT,TB,207.0,79.6,19.0,74.1,2808.0,823393,0.983,0.901,0.9,1.0,0.006,0.414,1.078,-0.414,0.936,0.936,1.0,1.0,0,0,1,0,0,0,0,0,0,0,0,0,0,0,1,86.06332179930796,2281.0034843205576,-0.479515570934256,0.2719031141868512
2026-04-19,88.1,"Reynolds, Bryan",668804,663556,force_out,,R,PIT,TB,3.0,83.1,-31.0,89.0,1553.0,823393,0.055,0.05,0.0,1.0,-0.002,-0.178,0.062,0.178,0.649,0.649,5.0,1.0,1,0,0,0,0,0,0,0,0,0,0,0,0,1,0,89.72281795511222,2092.7150872817956,0.5921945137157107,0.5241645885286783
2026-04-18,95.6,"Reynolds, Bryan",668804,656876,strikeout,,R,PIT,TB,,,,96.4,2345.0,823394,,0.0,0.0,1.0,-0.014,-0.231,,0.231,0.784,0.784,6.0,1.0,0,0,0,0,0,0,0,0,0,1,0,0,0,0,1,92.43142719846227,2374.440653531956,-0.38665545410860164,0.7533061028351754
2026-04-18,82.8,"Reynolds, Bryan",668804,693855,field_out,,R,PIT,TB,4.0,82.4,-22.0,83.1,1230.0,823394,0.046,0.041,0.0,1.0,-0.031,-0.184,0.059,0.184,0.371,0.371,3.0,1.0,1,0,0,0,0,0,0,0,0,0,0,0,0,1,0,85.91979434447302,1987.0012878300065,0.45141388174807207,0.9120372750642675
2026-04-18,96.0,"Reynolds, Bryan",668804,656876,walk,,R,PIT,TB,,,,96.8,2422.0,823394,,0.6979,0.7,1.0,0.007,0.196,,-0.196,0.515,0.515,6.0,1.0,0,0,0,0,0,0,1,0,0,0,0,0,0,0,1,92.43142719846227,2374.440653531956,-0.38665545410860164,0.7533061028351754
2026-04-18,97.2,"Reynolds, Bryan",668804,641329,field_out,,R,PIT,TB,223.0,86.4,57.0,97.7,2411.0,823394,0.029,0.035,0.0,1.0,-0.077,-0.208,0.044,0.208,0.393,0.393,2.0,1.0,0,0,0,0,0,0,1,0,0,0,0,0,0,0,1,91.3256050955414,2107.047133757962,-0.7153503184713376,1.1673630573248408
2026-04-18,,"Reynolds, Bryan",668804,643377,intent_walk,,R,PIT,TB,,,,,,823394,,,0.4,0.0,0.002,,,,0.612,0.612,1.0,1.0,0,0,0,0,0,0,0,0,0,0,0,0,0,0,1,91.50014265335236,2544.323823109843,-0.4040085592011412,0.43169757489300997
2026-04-18,,"Reynolds, Bryan",668804,642121,intent_walk,,R,PIT,TB,,,,,,823394,,,0.4,0.0,-0.009,,,,0.833,0.833,3.0,1.0,0,0,0,0,0,0,0,0,0,0,0,0,0,0,1,87.88737113402063,2119.4613402061855,-0.7190850515463918,0.8923582474226804
2026-04-17,89.6,"Reynolds, Bryan",668804,607259,field_out,,R,PIT,TB,4.0,59.6,-35.0,89.5,2351.0,823397,0.104,0.094,0.0,1.0,-0.024,-0.309,0.111,0.309,0.711,0.711,6.0,1.0,0,0,0,0,0,1,0,0,0,0,0,0,0,0,1,86.96439737771055,2193.944416371905,-0.696227937468482,0.7079374684820978
2026-04-17,84.6,"Reynolds, Bryan",668804,672782,strikeout,,R,PIT,TB,,,,84.7,2819.0,823397,,0.0,0.0,1.0,-0.001,-0.187,,0.187,0.986,0.986,3.0,1.0,0,0,0,0,0,0,0,0,0,0,0,1,0,0,1,92.05,2502.13238512035,-0.18748358862144418,0.9547702407002188
2026-04-17,93.1,"Reynolds, Bryan",668804,607259,walk,,R,PIT,TB,,,,92.9,2370.0,823397,,0.6979,0.7,1.0,0.028,0.263,,-0.263,0.676,0.676,6.0,1.0,0,0,0,0,0,0,0,0,0,1,0,0,0,0,1,86.96439737771055,2193.944416371905,-0.696227937468482,0.7079374684820978
2026-04-17,89.6,"Reynolds, Bryan",668804,607259,field_out,,R,PIT,TB,11.0,89.7,-13.0,89.8,2331.0,823397,0.143,0.141,0.0,1.0,-0.034,-0.251,0.168,0.251,0.567,0.567,6.0,1.0,0,0,0,0,0,1,0,0,0,0,0,0,0,0,1,86.96439737771055,2193.944416371905,-0.696227937468482,0.7079374684820978
2026-04-17,96.5,"Reynolds, Bryan",668804,672782,strikeout,,R,PIT,TB,,,,96.3,2488.0,823397,,0.0,0.0,1.0,-0.007,-0.163,,0.163,0.883,0.883,3.0,1.0,0,0,0,0,0,0,1,0,0,0,0,0,0,0,1,92.05,2502.13238512035,-0.18748358862144418,0.9547702407002188
2026-04-16,86.5,"Reynolds, Bryan",668804,672335,field_out,,R,PIT,WSH,5.0,79.9,-29.0,86.0,2621.0,823396,0.052,0.05,0.0,1.0,-0.085,-0.361,0.056,0.361,0.25,0.25,2.0,1.0,0,0,1,0,0,0,0,0,0,0,0,0,0,1,0,91.2462962962963,2406.811965811966,0.08069800569800571,0.14685185185185187
2026-04-16,96.9,"Reynolds, Bryan",668804,687377,strikeout,,R,PIT,WSH,,,,96.7,2656.0,823396,,0.0,0.0,1.0,-0.155,-0.284,,0.284,0.62,0.62,3.0,1.0,0,0,0,0,0,0,1,0,0,0,0,0,0,0,1,91.43642072213501,2294.14442700157,-0.4320879120879121,0.8948979591836734
2026-04-15,90.9,"Reynolds, Bryan",668804,663623,walk,,R,PIT,WSH,,,,92.5,2180.0,823399,,0.6979,0.7,1.0,0.005,0.196,,-0.196,0.789,0.789,5.0,1.0,0,0,0,0,0,0,0,0,0,1,0,0,0,0,1,87.22001563721658,2374.9093041438623,-0.15043784206411262,0.5759499609069586
2026-04-15,91.1,"Reynolds, Bryan",668804,663623,walk,,R,PIT,WSH,,,,93.3,2317.0,823399,,0.6979,0.7,1.0,0.021,0.365,,-0.365,0.768,0.768,5.0,1.0,0,0,0,0,0,0,1,0,0,0,0,0,0,0,1,87.22001563721658,2374.9093041438623,-0.15043784206411262,0.5759499609069586
2026-04-15,85.9,"Reynolds, Bryan",668804,695418,field_out,,R,PIT,WSH,66.0,86.3,4.0,85.0,2529.0,823399,0.357,0.345,0.0,1.0,-0.021,-0.325,0.422,0.325,0.883,0.883,2.0,1.0,0,0,0,0,0,0,0,0,0,0,1,0,0,0,1,90.4974449339207,2442.504862953139,-0.7500881057268722,0.36340088105726875
2026-04-15,93.3,"Reynolds, Bryan",668804,663623,walk,,R,PIT,WSH,,,,95.2,2435.0,823399,,0.6979,0.7,1.0,0.007,0.196,,-0.196,0.515,0.515,5.0,1.0,0,0,0,0,0,0,1,0,0,0,0,0,0,0,1,87.22001563721658,2374.9093041438623,-0.15043784206411262,0.5759499609069586
2026-04-14,91.3,"Reynolds, Bryan",668804,571945,walk,,R,PIT,WSH,,,,91.0,2106.0,823398,,0.6979,0.7,1.0,0.048,0.346,,-0.346,0.187,0.187,6.0,1.0,0,0,0,0,0,0,1,0,0,0,0,0,0,0,1,88.2169129720854,2205.119386637459,-0.37290093048713735,0.4639518336070061
2026-04-14,80.3,"Reynolds, Bryan",668804,676571,single,,R,PIT,WSH,55.0,106.5,1.0,80.2,1488.0,823398,0.526,0.484,0.9,1.0,0.022,0.332,0.575,-0.332,0.333,0.333,2.0,1.0,1,0,0,0,0,0,0,0,0,0,0,0,0,1,0,84.78377952755905,2152.5732283464567,0.606992125984252,0.36596850393700786
2026-04-14,82.9,"Reynolds, Bryan",668804,680730,strikeout,,R,PIT,WSH,,,,82.9,2502.0,823398,,0.0,0.0,1.0,-0.024,-0.163,,0.163,0.38,0.38,,1.0,0,0,0,0,0,0,0,0,0,0,1,0,0,1,0,86.10135542168675,2225.490963855422,-0.2845783132530121,0.4131024096385542
2026-04-14,85.3,"Reynolds, Bryan",668804,672335,field_out,,R,PIT,WSH,92.0,103.1,4.0,84.6,2706.0,823398,0.571,0.531,0.0,1.0,-0.063,-0.259,0.646,0.259,0.308,0.308,3.0,1.0,0,0,1,0,0,0,0,0,0,0,0,0,0,1,0,91.2462962962963,2406.811965811966,0.08069800569800571,0.14685185185185187
2026-04-13,95.2,"Reynolds, Bryan",668804,676917,single,,R,PIT,WSH,150.0,94.9,10.0,96.5,2283.0,823400,0.717,0.689,0.9,1.0,0.049,0.507,0.833,-0.507,0.792,0.792,6.0,1.0,0,0,0,0,0,0,1,0,0,0,0,0,0,0,1,91.62818104184458,2232.8251389482684,-0.11433390264730998,0.22670367207514946
2026-04-13,84.8,"Reynolds, Bryan",668804,671131,triple,,R,PIT,WSH,187.0,79.2,18.0,86.0,1470.0,823400,0.994,0.926,1.6,1.0,0.022,0.866,1.107,-0.866,0.974,0.974,,1.0,0,0,0,0,0,0,0,1,0,0,0,0,0,0,1,89.0090909090909,1960.2727272727273,-0.5227272727272728,0.6015909090909091
2026-04-13,94.7,"Reynolds, Bryan",668804,687606,strikeout,,R,PIT,WSH,,,,93.8,2370.0,823400,,0.0,0.0,1.0,-0.012,-0.311,,0.311,0.92,0.92,3.0,1.0,0,0,0,0,0,0,1,0,0,0,0,0,0,0,1,89.8332786885246,2178.497536945813,-0.1981311475409836,0.8447049180327868
2026-04-13,94.2,"Reynolds, Bryan",668804,695418,single,,R,PIT,WSH,6.0,108.1,-13.0,92.6,2262.0,823400,0.258,0.232,0.9,1.0,0.0,0.294,0.271,-0.294,0.999,0.999,2.0,1.0,0,0,0,0,0,0,0,0,0,1,0,0,0,0,1,90.4974449339207,2442.504862953139,-0.7500881057268722,0.36340088105726875
2026-04-13,86.9,"Reynolds, Bryan",668804,676917,hit_by_pitch,,R,PIT,WSH,,,,87.2,2274.0,823400,,0.728866,0.7,1.0,0.034,0.317,,-0.317,0.456,0.456,6.0,1.0,0,0,0,0,0,0,0,0,0,0,0,1,0,0,1,91.62818104184458,2232.8251389482684,-0.11433390264730998,0.22670367207514946
2026-04-12,83.1,"Reynolds, Bryan",668804,592791,single,,R,CHC,PIT,223.0,91.3,17.0,83.5,1508.0,824696,0.797,0.734,0.9,1.0,-0.009,0.414,0.917,-0.414,0.112,0.888,6.0,1.0,1,0,0,0,0,0,0,0,0,0,0,0,0,0,1,86.24172560113155,2378.4578910120313,-0.04868458274398869,0.6634370579915134
2026-04-12,91.7,"Reynolds, Bryan",668804,592791,strikeout,,R,CHC,PIT,,,,92.7,2470.0,824696,,0.0,0.0,1.0,0.004,-0.302,,0.302,0.121,0.879,6.0,1.0,0,0,0,0,0,0,1,0,0,0,0,0,0,0,1,86.24172560113155,2378.4578910120313,-0.04868458274398869,0.6634370579915134
2026-04-12,96.7,"Reynolds, Bryan",668804,702303,field_out,,R,CHC,PIT,26.0,78.5,-3.0,95.5,2341.0,824696,0.121,0.109,0.0,1.0,0.007,-0.163,0.134,0.163,0.143,0.857,2.0,1.0,0,0,0,0,0,0,1,0,0,0,0,0,0,1,0,91.06271186440678,2457.9661016949153,0.09779661016949152,0.5832203389830509
2026-04-12,84.5,"Reynolds, Bryan",668804,592791,field_out,,R,CHC,PIT,166.0,74.0,64.0,84.4,1718.0,824696,0.001,0.0,0.0,1.0,0.037,-0.313,0.001,0.313,0.365,0.635,6.0,1.0,1,0,0,0,0,0,0,0,0,0,0,0,0,0,1,86.24172560113155,2378.4578910120313,-0.04868458274398869,0.6634370579915134
2026-04-11,92.7,"Reynolds, Bryan",668804,665795,field_out,,R,CHC,PIT,14.0,83.8,-6.0,92.7,1735.0,824697,0.14,0.126,0.0,1.0,0.025,-0.268,0.181,0.268,0.191,0.8089999999999999,6.0,1.0,1,0,0,0,0,0,0,0,0,0,0,0,0,0,1,92.225703125,2156.2453125,-0.7861484375,0.3578046875
2026-04-11,90.8,"Reynolds, Bryan",668804,665795,single,,R,CHC,PIT,230.0,109.5,14.0,91.0,1800.0,824697,0.743,0.834,0.9,1.0,-0.1,0.429,1.194,-0.429,0.296,0.704,6.0,1.0,1,0,0,0,0,0,0,0,0,0,0,0,0,0,1,92.225703125,2156.2453125,-0.7861484375,0.3578046875
2026-04-11,96.8,"Reynolds, Bryan",668804,676962,single,,R,CHC,PIT,209.0,109.0,9.0,97.2,2294.0,824697,0.777,0.79,0.9,1.0,-0.024,0.458,1.013,-0.458,0.186,0.8140000000000001,3.0,1.0,0,0,0,0,0,0,1,0,0,0,0,0,0,0,1,92.50288844621514,2176.836653386454,-0.47405378486055777,0.6342529880478087
2026-04-11,85.9,"Reynolds, Bryan",668804,665795,strikeout,,R,CHC,PIT,,,,85.9,2381.0,824697,,0.0,0.0,1.0,0.06,-0.404,,0.404,0.451,0.5489999999999999,6.0,1.0,0,0,1,0,0,0,0,0,0,0,0,0,0,0,1,92.225703125,2156.2453125,-0.7861484375,0.3578046875
2026-04-11,87.0,"Reynolds, Bryan",668804,571948,field_out,,R,CHC,PIT,340.0,101.6,38.0,86.8,1841.0,824697,0.32,0.638,0.0,1.0,0.009,-0.244,1.227,0.244,0.195,0.8049999999999999,3.0,1.0,0,0,0,0,0,0,0,0,0,1,0,0,0,1,0,83.5193661971831,1830.6989436619717,0.6076232394366197,0.03389084507042254
2026-04-10,83.7,"Reynolds, Bryan",668804,684007,strikeout,,R,CHC,PIT,,,,82.6,2496.0,824695,,0.0,0.0,1.0,0.017,-0.235,,0.235,0.53,0.47,5.0,2.0,0,0,0,0,0,0,0,0,0,0,0,1,0,1,0,86.4997341603899,2042.8297872340424,0.5866592822330527,0.798848028356225
2026-04-10,92.8,"Reynolds, Bryan",668804,684007,field_out,,R,CHC,PIT,209.0,92.8,50.0,92.1,2543.0,824695,0.009,0.012,0.0,1.0,0.007,-0.179,0.015,0.179,0.541,0.4589999999999999,5.0,2.0,0,0,0,0,0,0,1,0,0,0,0,0,0,1,0,86.4997341603899,2042.8297872340424,0.5866592822330527,0.798848028356225
2026-04-10,93.5,"Reynolds, Bryan",668804,702303,field_out,,R,CHC,PIT,5.0,79.4,-28.0,92.2,2540.0,824695,0.048,0.043,0.0,1.0,0.008,-0.381,0.049,0.381,0.082,0.918,4.0,2.0,0,0,0,0,0,0,1,0,0,0,0,0,0,1,0,91.06271186440678,2457.9661016949153,0.09779661016949152,0.5832203389830509
2026-04-10,76.0,"Reynolds, Bryan",668804,573204,home_run,,R,CHC,PIT,385.0,106.1,24.0,76.0,2559.0,824695,0.92,1.727,2.0,1.0,-0.256,1.053,3.293,-1.053,0.441,0.5589999999999999,3.0,2.0,0,0,1,0,0,0,0,0,0,0,0,0,0,1,0,85.97399702823179,2406.9791666666665,-0.2473997028231798,0.39216939078751856
2026-04-08,82.9,"Reynolds, Bryan",668804,650633,field_out,,R,PIT,SD,26.0,94.8,-2.0,82.2,2534.0,823403,0.332,0.299,0.0,1.0,-0.017,-0.182,0.367,0.182,0.534,0.534,5.0,1.0,0,0,0,0,0,0,0,0,0,0,1,0,0,0,1,88.75871369294606,2286.5033195020746,-0.6773775933609959,0.5196639004149377
2026-04-08,93.7,"Reynolds, Bryan",668804,650633,walk,,R,PIT,SD,,,,93.3,2244.0,823403,,0.6979,0.7,1.0,0.009,0.084,,-0.084,0.59,0.59,5.0,1.0,0,0,0,0,0,0,0,0,0,1,0,0,0,0,1,88.75871369294606,2286.5033195020746,-0.6773775933609959,0.5196639004149377
2026-04-08,86.1,"Reynolds, Bryan",668804,650633,walk,,R,PIT,SD,,,,86.3,1992.0,823403,,0.6979,0.7,1.0,0.01,0.295,,-0.295,0.512,0.512,5.0,1.0,1,0,0,0,0,0,0,0,0,0,0,0,0,0,1,88.75871369294606,2286.5033195020746,-0.6773775933609959,0.5196639004149377
2026-04-08,93.6,"Reynolds, Bryan",668804,669093,field_out,,R,PIT,SD,369.0,99.5,32.0,95.3,2181.0,823403,0.389,0.743,0.0,1.0,-0.044,-0.259,1.422,0.259,0.167,0.167,3.0,1.0,0,0,0,0,0,0,1,0,0,0,0,0,0,0,1,90.47258064516127,1854.8870967741937,-0.3340927419354839,1.1428427419354839
2026-04-07,94.6,"Reynolds, Bryan",668804,601713,strikeout,,R,PIT,SD,,,,95.0,2359.0,823402,,0.0,0.0,1.0,-0.012,-0.164,,0.164,0.525,0.525,6.0,1.0,0,0,0,0,0,0,1,0,0,0,0,0,0,0,1,89.58692579505299,2439.145390070922,0.16208480565371025,0.9136749116607774
2026-04-07,86.9,"Reynolds, Bryan",668804,601713,strikeout,,R,PIT,SD,,,,87.6,2293.0,823402,,0.0,0.0,1.0,-0.008,-0.22,,0.22,0.508,0.508,6.0,1.0,0,0,0,0,0,0,0,0,0,0,1,0,0,0,1,89.58692579505299,2439.145390070922,0.16208480565371025,0.9136749116607774
2026-04-07,88.7,"Reynolds, Bryan",668804,670970,single,,R,PIT,SD,8.0,105.8,-14.0,88.0,2788.0,823402,0.258,0.232,0.9,1.0,0.016,0.44,0.265,-0.44,0.851,0.851,3.0,1.0,0,0,0,0,0,0,0,0,0,0,1,0,0,1,0,96.06446511627907,2192.260465116279,0.808213953488372,0.5083906976744186
2026-04-07,89.3,"Reynolds, Bryan",668804,699134,field_out,,R,PIT,SD,6.0,70.9,-20.0,89.1,1730.0,823402,0.044,0.04,0.0,1.0,-0.016,-0.342,0.048,0.342,0.848,0.848,2.0,1.0,1,0,0,0,0,0,0,0,0,0,0,0,0,0,1,93.94338797814207,2135.0919037199124,-1.0105136612021859,0.9169180327868852
2026-04-06,94.9,"Reynolds, Bryan",668804,608566,field_out,,R,PIT,SD,312.0,94.6,25.0,92.9,2244.0,823401,0.203,0.274,0.0,1.0,-0.031,-0.265,0.463,0.265,0.168,0.168,6.0,1.0,0,0,0,0,0,0,1,0,0,0,0,0,0,0,1,90.47342047930285,2306.887387387387,-0.6241830065359477,0.7003812636165578
2026-04-06,84.1,"Reynolds, Bryan",668804,608566,single,,R,PIT,SD,320.0,106.6,21.0,82.6,2524.0,823401,0.851,1.349,0.9,1.0,0.027,0.307,2.403,-0.307,0.528,0.528,6.0,1.0,0,0,0,0,0,0,0,0,1,0,0,0,0,0,1,90.47342047930285,2306.887387387387,-0.6241830065359477,0.7003812636165578
2026-04-06,97.5,"Reynolds, Bryan",668804,688158,walk,,R,PIT,SD,,,,96.9,2542.0,823401,,0.6979,0.7,1.0,0.02,0.25,,-0.25,0.052,0.052,6.0,1.0,0,0,0,0,0,0,1,0,0,0,0,0,0,0,1,91.64296482412061,2407.394871794872,-0.25595477386934673,0.2643467336683417
2026-04-06,85.1,"Reynolds, Bryan",668804,608566,strikeout,,R,PIT,SD,,,,83.6,2744.0,823401,,0.0,0.0,1.0,-0.008,-0.22,,0.22,0.508,0.508,6.0,1.0,0,0,0,0,0,0,0,0,1,0,0,0,0,0,1,90.47342047930285,2306.887387387387,-0.6241830065359477,0.7003812636165578
2026-04-05,81.6,"Reynolds, Bryan",668804,700249,force_out,,R,PIT,BAL,113.0,98.7,7.0,80.8,1077.0,823405,0.62,0.577,0.0,1.0,0.0,-0.24,0.697,0.24,0.998,0.998,,1.0,1,0,0,0,0,0,0,0,0,0,0,0,0,1,0,86.93245033112582,2331.4878587196467,0.2958057395143488,0.6740176600441501
2026-04-05,90.8,"Reynolds, Bryan",668804,700249,walk,,R,PIT,BAL,,,,90.7,2516.0,823405,,0.6979,0.7,1.0,0.0,0.162,,-0.162,0.993,0.993,,1.0,0,0,0,0,0,0,1,0,0,0,0,0,0,1,0,86.93245033112582,2331.4878587196467,0.2958057395143488,0.6740176600441501
2026-04-05,70.7,"Reynolds, Bryan",668804,605135,sac_fly,,R,PIT,BAL,323.0,86.0,33.0,70.7,2349.0,823405,,0.02,0.0,1.0,0.01,-0.128,,0.128,0.865,0.865,6.0,1.0,0,0,1,0,0,0,0,0,0,0,0,0,0,0,1,85.05163511187608,2162.768303186908,-0.25229776247848534,0.1575989672977625
2026-04-05,86.1,"Reynolds, Bryan",668804,700249,field_out,,R,PIT,BAL,33.0,104.9,-1.0,85.9,1373.0,823405,0.477,0.44,0.0,1.0,-0.003,-0.215,0.518,0.215,0.939,0.939,,1.0,1,0,0,0,0,0,0,0,0,0,0,0,0,1,0,86.93245033112582,2331.4878587196467,0.2958057395143488,0.6740176600441501
2026-04-05,91.7,"Reynolds, Bryan",668804,605135,walk,,R,PIT,BAL,,,,91.9,1964.0,823405,,0.6979,0.7,1.0,0.005,0.131,,-0.131,0.517,0.517,6.0,1.0,0,0,0,0,0,0,0,0,0,1,0,0,0,0,1,85.05163511187608,2162.768303186908,-0.25229776247848534,0.1575989672977625
2026-04-04,94.8,"Reynolds, Bryan",668804,669358,walk,,R,PIT,BAL,,,,95.6,2412.0,823404,,0.6979,0.7,1.0,0.013,0.068,,-0.068,0.394,0.394,6.0,1.0,0,0,0,0,0,0,1,0,0,0,0,0,0,0,1,90.7470117845118,2407.7887205387206,-0.2836994949494949,0.4366203703703704
2026-04-04,85.0,"Reynolds, Bryan",668804,669358,single,,R,PIT,BAL,2.0,83.8,-40.0,84.7,2906.0,823404,0.07,0.063,0.9,1.0,0.057,0.52,0.071,-0.52,0.302,0.302,6.0,1.0,0,0,0,0,0,0,0,0,1,0,0,0,0,0,1,90.7470117845118,2407.7887205387206,-0.2836994949494949,0.4366203703703704
2026-04-04,97.8,"Reynolds, Bryan",668804,669358,single,,R,PIT,BAL,204.0,103.8,9.0,98.6,2396.0,823404,0.771,0.738,0.9,1.0,0.04,0.434,0.92,-0.434,0.547,0.547,6.0,1.0,0,0,0,0,0,0,1,0,0,0,0,0,0,0,1,90.7470117845118,2407.7887205387206,-0.2836994949494949,0.4366203703703704
2026-04-04,96.8,"Reynolds, Bryan",668804,664991,strikeout,,R,PIT,BAL,,,,96.9,2388.0,823404,,0.0,0.0,1.0,-0.054,-0.23,,0.23,0.361,0.361,4.0,1.0,0,0,0,0,0,0,1,0,0,0,0,0,0,1,0,92.1656967840735,2322.6937212863704,0.5005972434915773,0.6413016845329249
2026-04-04,101.0,"Reynolds, Bryan",668804,664854,double,,R,PIT,BAL,367.0,100.0,27.0,101.8,2569.0,823404,0.511,0.871,1.25,1.0,0.123,0.653,1.61,-0.653,0.58,0.58,6.0,1.0,0,0,0,0,0,0,1,0,0,0,0,0,0,0,1,92.7908424908425,2380.168498168498,-0.07102564102564103,0.8097435897435897
2026-04-03,87.3,"Reynolds, Bryan",668804,680694,field_out,,R,PIT,BAL,289.0,83.6,37.0,87.8,2626.0,823406,0.009,0.008,0.0,1.0,-0.008,-0.236,0.014,0.236,0.866,0.866,6.0,2.0,0,0,0,0,0,0,0,0,0,0,1,0,0,0,1,90.51357856494096,2428.7579473206174,0.08883742052679383,0.33664396003633057
2026-04-03,93.1,"Reynolds, Bryan",668804,669330,field_out,,R,PIT,BAL,312.0,86.7,38.0,93.1,2456.0,823406,0.011,0.014,0.0,1.0,-0.009,-0.304,0.023,0.304,0.877,0.877,4.0,2.0,0,0,0,0,0,0,1,0,0,0,0,0,0,0,1,89.37272727272727,2393.2556149732623,-0.1587914438502674,1.0130267379679145
2026-04-03,84.3,"Reynolds, Bryan",668804,608650,walk,,R,PIT,BAL,,,,84.7,1050.0,823406,,0.6979,0.7,1.0,0.014,0.336,,-0.336,0.799,0.799,4.0,2.0,1,0,0,0,0,0,0,0,0,0,0,0,0,1,0,88.96907216494846,1942.1855670103093,0.3585223367697594,0.7817525773195877
2026-04-03,96.6,"Reynolds, Bryan",668804,680694,strikeout,,R,PIT,BAL,,,,97.1,2213.0,823406,,0.0,0.0,1.0,-0.029,-0.233,,0.233,0.562,0.562,6.0,2.0,0,0,0,0,0,0,0,0,0,1,0,0,0,0,1,90.51357856494096,2428.7579473206174,0.08883742052679383,0.33664396003633057
2026-04-01,92.1,"Reynolds, Bryan",668804,671096,field_out,,R,CIN,PIT,283.0,100.3,14.0,93.0,2340.0,824536,0.829,0.805,0.0,1.0,0.025,-0.387,1.041,0.387,0.213,0.787,6.0,1.0,0,0,0,0,0,0,1,0,0,0,0,0,0,1,0,87.3669163545568,2451.537245110279,0.1345110278818144,0.6883478984602581
2026-04-01,81.4,"Reynolds, Bryan",668804,671096,strikeout,,R,CIN,PIT,,,,81.4,2885.0,824536,,0.0,0.0,1.0,0.009,-0.184,,0.184,0.21,0.79,6.0,1.0,0,0,0,0,0,0,0,0,0,0,0,1,0,1,0,87.3669163545568,2451.537245110279,0.1345110278818144,0.6883478984602581
2026-04-01,94.0,"Reynolds, Bryan",668804,641941,home_run,,R,CIN,PIT,413.0,107.7,32.0,94.6,2604.0,824536,0.929,1.882,2.0,1.0,-0.024,1.259,3.689,-1.259,0.031,0.969,3.0,1.0,0,0,0,0,0,0,1,0,0,0,0,0,0,0,1,90.9607438016529,2203.8202479338843,-0.49328512396694213,1.0569834710743802
2026-04-01,97.6,"Reynolds, Bryan",668804,668933,field_out,,R,CIN,PIT,344.0,102.9,44.0,96.1,2568.0,824536,0.103,0.194,0.0,1.0,0.04,-0.274,0.372,0.274,0.284,0.716,2.0,1.0,0,0,0,0,0,1,0,0,0,0,0,0,0,0,1,94.42222222222222,2725.657777777778,0.35511111111111116,0.4988444444444445
2026-04-01,79.9,"Reynolds, Bryan",668804,671096,single,,R,CIN,PIT,41.0,95.4,0.0,80.5,2712.0,824536,0.372,0.35,0.9,1.0,-0.011,0.292,0.429,-0.292,0.537,0.4629999999999999,6.0,1.0,0,0,0,0,0,0,0,0,0,0,0,1,0,1,0,87.3669163545568,2451.537245110279,0.1345110278818144,0.6883478984602581
2026-03-31,86.4,"Reynolds, Bryan",668804,682227,field_out,,R,CIN,PIT,299.0,104.1,12.0,86.2,2407.0,824537,0.94,0.942,0.0,1.0,0.004,-0.231,1.246,0.231,0.065,0.935,,1.0,0,0,0,0,0,1,0,0,0,0,0,0,0,1,0,86.84131274131275,2255.980694980695,0.2886872586872587,0.7018146718146717
2026-03-31,92.8,"Reynolds, Bryan",668804,682227,home_run,,R,CIN,PIT,417.0,106.1,31.0,92.5,2283.0,824537,0.857,1.74,2.0,1.0,-0.053,2.554,3.391,-2.554,0.175,0.825,,1.0,0,0,0,0,0,0,1,0,0,0,0,0,0,1,0,86.84131274131275,2255.980694980695,0.2886872586872587,0.7018146718146717
2026-03-31,89.8,"Reynolds, Bryan",668804,682227,field_out,,R,CIN,PIT,263.0,80.0,28.0,89.8,2549.0,824537,0.157,0.141,0.0,1.0,0.071,-0.387,0.198,0.387,0.389,0.611,,1.0,0,0,0,0,0,1,0,0,0,0,0,0,0,1,0,86.84131274131275,2255.980694980695,0.2886872586872587,0.7018146718146717
2026-03-31,84.1,"Reynolds, Bryan",668804,594580,strikeout,,R,CIN,PIT,,,,81.4,1810.0,824537,,0.0,0.0,1.0,0.001,-0.231,,0.231,0.018,0.982,3.0,1.0,1,0,0,0,0,0,0,0,0,0,0,0,0,1,0,86.81927835051548,2496.418556701031,0.3091237113402062,-0.12234020618556701
2026-03-30,90.8,"Reynolds, Bryan",668804,695505,strikeout,,R,CIN,PIT,,,,91.2,2817.0,824539,,0.0,0.0,1.0,0.025,-0.155,,0.155,0.472,0.528,,1.0,0,0,0,0,0,0,0,0,0,0,1,0,0,0,1,94.35285969615728,2644.3534405719392,-0.122171581769437,0.9275469168900804
2026-03-30,98.6,"Reynolds, Bryan",668804,668933,field_out,,R,CIN,PIT,15.0,94.6,-10.0,97.9,2665.0,824539,0.201,0.181,0.0,1.0,0.011,-0.22,0.219,0.22,0.927,0.0729999999999999,2.0,1.0,0,0,0,0,0,1,0,0,0,0,0,0,0,0,1,94.42222222222222,2725.657777777778,0.35511111111111116,0.4988444444444445
2026-03-30,90.5,"Reynolds, Bryan",668804,695505,field_out,,R,CIN,PIT,312.0,89.2,23.0,91.0,2852.0,824539,0.157,0.168,0.0,1.0,0.02,-0.179,0.25,0.179,0.506,0.494,,1.0,0,0,0,0,0,0,0,0,0,0,1,0,0,0,1,94.35285969615728,2644.3534405719392,-0.122171581769437,0.9275469168900804
2026-03-30,94.2,"Reynolds, Bryan",668804,683742,grounded_into_double_play,,R,CIN,PIT,6.0,67.5,-29.0,94.6,2249.0,824539,0.057,0.051,0.0,1.0,0.108,-0.347,0.058,0.347,0.724,0.276,,1.0,0,0,0,0,0,0,1,0,0,0,0,0,0,0,1,90.1103448275862,2325.3227665706054,-0.4553448275862068,0.7677586206896551
2026-03-29,80.7,"Reynolds, Bryan",668804,690997,strikeout,,R,NYM,PIT,,,,79.5,3257.0,823647,,0.0,0.0,1.0,0.041,-0.311,,0.311,0.337,0.663,,1.0,0,0,1,0,0,0,0,0,0,0,0,0,0,0,1,91.0372191606613,2503.8423060618907,-0.2935014836795252,0.25349300551080967
2026-03-29,93.9,"Reynolds, Bryan",668804,690997,field_out,,R,NYM,PIT,5.0,105.1,-26.0,93.2,2301.0,823647,0.152,0.138,0.0,1.0,0.016,-0.262,0.156,0.262,0.41,0.5900000000000001,,1.0,0,0,0,0,0,0,0,0,0,1,0,0,0,0,1,91.0372191606613,2503.8423060618907,-0.2935014836795252,0.25349300551080967
2026-03-29,93.5,"Reynolds, Bryan",668804,596133,force_out,,R,NYM,PIT,35.0,81.3,-2.0,92.8,2315.0,823647,0.143,0.139,0.0,1.0,0.07,-0.194,0.158,0.194,0.569,0.431,1.0,1.0,0,0,0,0,0,0,1,0,0,0,0,0,0,0,1,92.07159090909092,2247.6535662299852,-0.6061505681818182,1.0695454545454546
2026-03-29,81.2,"Reynolds, Bryan",668804,690997,strikeout,,R,NYM,PIT,,,,79.5,3248.0,823647,,0.0,0.0,1.0,0.035,-0.211,,0.211,0.425,0.575,,1.0,0,0,1,0,0,0,0,0,0,0,0,0,0,0,1,91.0372191606613,2503.8423060618907,-0.2935014836795252,0.25349300551080967
2026-03-29,88.8,"Reynolds, Bryan",668804,640455,strikeout,,R,NYM,PIT,,,,89.1,1957.0,823647,,0.0,0.0,1.0,0.028,-0.163,,0.163,0.518,0.482,,1.0,0,0,0,0,0,0,1,0,0,0,0,0,0,1,0,85.46812896405919,2110.959830866808,0.4326691331923891,0.5150475687103594
2026-03-28,90.2,"Reynolds, Bryan",668804,656849,walk,,R,NYM,PIT,,,,91.6,2047.0,823651,,0.6979,0.7,1.0,-0.023,0.105,,-0.105,0.492,0.508,,2.0,0,0,0,0,0,0,0,0,0,1,0,0,0,1,0,88.82294816414685,2126.157667386609,0.4290928725701944,0.46486501079913606
2026-03-28,84.9,"Reynolds, Bryan",668804,656849,field_error,,R,NYM,PIT,5.0,71.8,-18.0,85.2,1724.0,823651,0.055,0.05,0.9,1.0,-0.045,0.498,0.059,-0.498,0.501,0.499,,2.0,1,0,0,0,0,0,0,0,0,0,0,0,0,1,0,88.82294816414685,2126.157667386609,0.4290928725701944,0.46486501079913606
2026-03-28,93.1,"Reynolds, Bryan",668804,642207,strikeout,,R,NYM,PIT,,,,94.5,2307.0,823651,,0.0,0.0,1.0,0.097,-0.189,,0.189,0.542,0.4579999999999999,,2.0,0,0,0,0,0,0,1,0,0,0,0,0,0,0,1,89.17678571428571,2464.589635854342,-1.3530357142857143,0.5970741758241758
2026-03-28,85.1,"Reynolds, Bryan",668804,596133,single,,R,NYM,PIT,242.0,91.1,17.0,84.8,1836.0,823651,0.797,0.734,0.9,1.0,-0.013,0.191,0.917,-0.191,0.56,0.4399999999999999,,2.0,1,0,0,0,0,0,0,0,0,0,0,0,0,0,1,92.07159090909092,2247.6535662299852,-0.6061505681818182,1.0695454545454546
2026-03-28,82.0,"Reynolds, Bryan",668804,663992,single,,R,NYM,PIT,1.0,54.5,-49.0,82.0,2399.0,823651,0.27,0.243,0.9,1.0,-0.282,0.711,0.271,-0.711,0.69,0.31,,2.0,0,0,0,0,0,0,0,0,0,0,0,1,0,1,0,86.97055555555556,2399.038888888889,-0.12007407407407408,0.33611111111111114
2026-03-28,85.8,"Reynolds, Bryan",668804,656849,strikeout,,R,NYM,PIT,,,,85.9,2249.0,823651,,0.0,0.0,1.0,0.007,-0.179,,0.179,0.541,0.4589999999999999,,2.0,0,0,0,0,0,0,0,0,0,0,1,0,0,1,0,88.82294816414685,2126.157667386609,0.4290928725701944,0.46486501079913606
2026-03-26,85.2,"Reynolds, Bryan",668804,642547,strikeout,,R,NYM,PIT,,,,85.8,2185.0,823649,,0.0,0.0,1.0,0.046,-0.33,,0.33,0.766,0.2339999999999999,,,0,0,0,0,0,0,0,0,0,0,1,0,0,0,1,89.22673224978614,2301.9093242087256,-0.5014798973481608,0.7876518391787852
2026-03-26,93.8,"Reynolds, Bryan",668804,642547,single,,R,NYM,PIT,296.0,96.2,20.0,93.2,2442.0,823649,0.297,0.36,0.9,1.0,-0.013,0.347,0.568,-0.347,0.754,0.246,,,0,0,0,0,0,0,1,0,0,0,0,0,0,0,1,89.22673224978614,2301.9093242087256,-0.5014798973481608,0.7876518391787852
2026-03-26,92.9,"Reynolds, Bryan",668804,668964,field_out,,R,NYM,PIT,14.0,97.0,-10.0,93.2,2259.0,823649,0.24,0.222,0.0,1.0,0.002,-0.254,0.265,0.254,0.995,0.005,,,0,0,0,0,0,0,1,0,0,0,0,0,0,0,1,87.27380281690141,2029.025352112676,-0.20443661971830987,1.099098591549296
2026-03-26,76.6,"Reynolds, Bryan",668804,642547,strikeout,,R,NYM,PIT,,,,76.4,2305.0,823649,,0.0,0.0,1.0,0.01,-0.163,,0.163,0.321,0.679,,,0,1,0,0,0,0,0,0,0,0,0,0,0,0,1,89.22673224978614,2301.9093242087256,-0.5014798973481608,0.7876518391787852
